Customer ID,Recency,Frequency,Monetary,Segment,Churn,Total_Quantity,Unique_Products,Total_Orders,Total_Spending,Avg_Order_Value
12346.0,325,12,77556.46,High-Value Loyal Customers,1,74285,27,12,77556.46,2281.0723529411766
12347.0,1,8,4921.53,High-Value Loyal Customers,0,2967,126,8,4921.53,22.169054054054055
12348.0,74,5,2019.4,Occasional Customers,0,2714,25,5,2019.4,39.596078431372554
12349.0,18,4,4428.69,Recent Low-Value Customers,0,1624,138,4,4428.69,25.3068
12350.0,309,1,334.4,Inactive Customers,1,197,17,1,334.4,19.670588235294115
12351.0,374,1,300.93,Inactive Customers,1,261,21,1,300.93,14.33
12352.0,35,10,2849.84,High-Value Loyal Customers,0,724,70,10,2849.84,27.668349514563108
12353.0,203,2,406.76,Inactive Customers,1,212,23,2,406.76,16.948333333333334
12354.0,231,1,1079.4,Inactive Customers,1,530,58,1,1079.4,18.610344827586207
12355.0,213,2,947.61,Occasional Customers,1,543,35,2,947.61,27.074571428571428
12356.0,22,6,6371.73,High-Value Loyal Customers,0,3416,104,6,6371.73,44.87133802816901
12357.0,32,3,18287.66,Occasional Customers,0,6587,261,3,18287.66,61.78263513513514
12358.0,1,5,3887.07,High-Value Loyal Customers,0,1079,56,5,3887.07,50.48142857142857
12359.0,57,10,8873.39,High-Value Loyal Customers,0,2739,305,10,8873.39,24.5121270718232
12360.0,51,8,4252.89,Occasional Customers,0,2459,160,8,4252.89,19.59857142857143
12361.0,286,4,511.25,Occasional Customers,1,235,18,4,511.25,17.629310344827587
12362.0,2,11,5356.23,High-Value Loyal Customers,0,2230,201,11,5356.23,20.06078651685393
12363.0,109,2,552.0,Inactive Customers,0,408,23,2,552.0,24.0
12364.0,7,4,1313.1,Recent Low-Value Customers,0,1506,70,4,1313.1,15.448235294117646
12365.0,290,2,641.38,Inactive Customers,1,174,22,2,641.38,29.153636363636362
12366.0,633,1,500.24,Inactive Customers,1,296,3,1,500.24,166.74666666666667
12367.0,3,1,168.9,Recent Low-Value Customers,0,173,11,1,168.9,15.354545454545455
12368.0,627,1,917.6999999999999,Inactive Customers,1,330,18,1,917.6999999999999,50.98333333333333
12369.0,412,3,1791.15,Occasional Customers,1,1241,90,3,1791.15,19.25967741935484
12370.0,50,7,4316.56,Occasional Customers,0,2604,168,7,4316.56,21.47542288557214
12371.0,44,5,4067.38,Occasional Customers,0,1436,134,5,4067.38,24.35556886227545
12372.0,71,3,1298.04,Occasional Customers,0,794,34,3,1298.04,24.962307692307693
12373.0,310,3,1127.65,Occasional Customers,1,516,36,3,1127.65,22.110784313725492
12374.0,24,4,2989.2200000000003,Recent Low-Value Customers,0,1362,79,4,2989.2200000000003,36.01469879518073
12375.0,10,2,457.5,Recent Low-Value Customers,0,178,14,2,457.5,26.91176470588235
12376.0,389,2,503.15,Inactive Customers,1,240,11,2,503.15,38.70384615384615
12377.0,314,4,3426.32,Occasional Customers,1,2105,129,4,3426.32,22.54157894736842
12378.0,129,2,5416.32,Occasional Customers,0,3316,281,2,5416.32,17.994418604651162
12379.0,81,4,1620.22,Occasional Customers,0,815,58,4,1620.22,20.002716049382716
12380.0,21,11,9676.300000000001,High-Value Loyal Customers,0,3355,156,11,9676.300000000001,34.93249097472925
12381.0,4,5,1845.31,Recent Low-Value Customers,0,808,70,5,1845.31,21.21045977011494
12383.0,184,5,1850.56,Occasional Customers,1,1532,84,5,1850.56,18.69252525252525
12384.0,28,2,585.27,Recent Low-Value Customers,0,126,26,2,585.27,21.676666666666666
12385.0,378,1,1938.4,Inactive Customers,1,612,65,1,1938.4,29.821538461538463
12386.0,337,2,401.9,Inactive Customers,1,354,10,2,401.9,40.19
12387.0,414,1,143.94,Inactive Customers,1,134,9,1,143.94,15.993333333333332
12388.0,15,8,3901.11,High-Value Loyal Customers,0,2001,83,8,3901.11,26.719931506849317
12389.0,402,3,1433.33,Occasional Customers,1,614,41,3,1433.33,29.251632653061222
12390.0,79,1,549.84,Inactive Customers,0,353,32,1,549.84,17.1825
12391.0,21,6,2724.84,Occasional Customers,0,1204,241,6,2724.84,10.205393258426966
12392.0,590,1,234.75000000000003,Inactive Customers,1,73,7,1,234.75000000000003,33.53571428571429
12393.0,71,6,2399.4500000000003,Occasional Customers,0,1311,63,6,2399.4500000000003,22.42476635514019
12394.0,63,2,1272.48,Recent Low-Value Customers,0,819,26,2,1272.48,47.12888888888889
12395.0,18,15,4721.17,High-Value Loyal Customers,0,3205,145,15,4721.17,19.50896694214876
12396.0,673,1,931.43,Inactive Customers,1,591,65,1,931.43,14.329692307692307
12397.0,35,2,2409.9,Recent Low-Value Customers,0,1263,110,2,2409.9,19.126190476190477
12398.0,45,1,1635.6599999999999,Recent Low-Value Customers,0,1394,85,1,1635.6599999999999,19.24305882352941
12399.0,118,7,1962.3,Occasional Customers,0,2198,67,7,1962.3,17.83909090909091
12400.0,413,1,205.25,Inactive Customers,1,91,11,1,205.25,18.65909090909091
12401.0,302,1,84.3,Inactive Customers,1,11,5,1,84.3,16.86
12402.0,322,6,1256.9,Occasional Customers,1,584,43,6,1256.9,17.955714285714286
12403.0,49,2,1019.36,Recent Low-Value Customers,0,260,5,2,1019.36,113.26222222222222
12404.0,681,1,63.24,Inactive Customers,1,1,1,1,63.24,63.24
12405.0,148,1,1710.39,Occasional Customers,0,857,54,1,1710.39,31.67388888888889
12406.0,21,5,6390.36,High-Value Loyal Customers,0,3416,114,5,6390.36,38.49614457831325
12407.0,49,5,1708.1200000000001,Occasional Customers,0,1416,57,5,1708.1200000000001,22.183376623376624
12408.0,32,8,4340.7699999999995,High-Value Loyal Customers,0,2229,104,8,4340.7699999999995,27.300440251572326
12409.0,78,7,23419.29,High-Value Loyal Customers,0,13143,177,7,23419.29,88.70943181818183
12410.0,308,3,1013.71,Occasional Customers,1,341,36,3,1013.71,25.342750000000002
12411.0,409,1,346.9,Inactive Customers,1,138,22,1,346.9,15.768181818181818
12412.0,74,6,2596.93,Occasional Customers,0,1997,82,6,2596.93,20.448267716535433
12413.0,66,4,999.45,Occasional Customers,0,319,41,4,999.45,19.597058823529412
12414.0,216,6,952.41,Occasional Customers,1,495,21,6,952.41,34.01464285714285
12415.0,23,28,144458.37,High-Value Loyal Customers,0,91447,498,28,144458.37,156.00255939524837
12416.0,656,1,202.56,Inactive Customers,1,132,11,1,202.56,18.414545454545454
12417.0,2,20,6797.41,High-Value Loyal Customers,0,2884,270,20,6797.41,18.421165311653116
12418.0,112,4,2021.2,Occasional Customers,0,1088,90,4,2021.2,19.815686274509805
12419.0,385,2,503.01,Inactive Customers,1,231,23,2,503.01,20.1204
12420.0,63,1,600.39,Recent Low-Value Customers,0,345,29,1,600.39,20.70310344827586
12421.0,15,6,1098.6,Recent Low-Value Customers,0,652,44,6,1098.6,16.90153846153846
12422.0,95,17,5231.8,High-Value Loyal Customers,0,2596,137,17,5231.8,30.417441860465118
12423.0,0,10,2622.39,High-Value Loyal Customers,0,1793,128,10,2622.39,15.893272727272727
12424.0,162,4,3340.03,Occasional Customers,0,2025,78,4,3340.03,36.30467391304348
12425.0,77,2,1741.41,Occasional Customers,0,1147,87,2,1741.41,19.136373626373626
12426.0,194,2,1345.21,Occasional Customers,1,584,73,2,1345.21,17.470259740259742
12427.0,21,3,825.8,Recent Low-Value Customers,0,533,26,3,825.8,26.638709677419353
12428.0,25,9,7956.46,High-Value Loyal Customers,0,3536,258,9,7956.46,27.062789115646257
12429.0,8,8,6204.41,High-Value Loyal Customers,0,2890,124,8,6204.41,40.55169934640523
12430.0,42,1,256.4,Recent Low-Value Customers,0,117,11,1,256.4,23.30909090909091
12431.0,35,27,10432.22,High-Value Loyal Customers,0,4600,244,27,10432.22,26.749282051282048
12432.0,42,5,5059.32,Occasional Customers,0,1801,107,5,5059.32,46.845555555555556
12433.0,0,10,16794.14,High-Value Loyal Customers,0,13534,285,10,16794.14,30.04318425760286
12434.0,84,3,1103.43,Occasional Customers,0,532,62,3,1103.43,15.763285714285715
12435.0,79,6,13925.93,Occasional Customers,0,4958,88,6,13925.93,124.33866071428572
12436.0,99,1,509.01,Inactive Customers,0,211,16,1,509.01,31.813125
12437.0,1,39,12683.4,High-Value Loyal Customers,0,8000,273,39,12683.4,22.52824156305506
12438.0,13,2,2906.85,Recent Low-Value Customers,0,1180,84,2,2906.85,29.66173469387755
12439.0,682,2,1142.88,Inactive Customers,1,478,69,2,1142.88,16.096901408450705
12440.0,461,2,859.2,Inactive Customers,1,331,21,2,859.2,26.85
12441.0,366,1,173.55,Inactive Customers,1,121,11,1,173.55,15.77727272727273
12442.0,2,1,172.06,Recent Low-Value Customers,0,182,12,1,172.06,14.338333333333333
12443.0,731,1,485.31,Inactive Customers,1,182,21,1,485.31,23.11
12444.0,20,5,5005.46,High-Value Loyal Customers,0,1153,138,5,5005.46,28.440113636363638
12445.0,21,2,434.98,Recent Low-Value Customers,0,206,24,2,434.98,18.124166666666667
12446.0,57,1,1002.3100000000001,Recent Low-Value Customers,0,351,57,1,1002.3100000000001,17.584385964912283
12447.0,242,1,476.49,Inactive Customers,1,190,26,1,476.49,18.326538461538462
12448.0,43,1,449.45,Recent Low-Value Customers,0,243,22,1,449.45,20.429545454545455
12449.0,21,6,4835.89,High-Value Loyal Customers,0,2282,125,6,4835.89,24.05915422885572
12450.0,155,5,688.2,Occasional Customers,0,442,31,5,688.2,18.6
12451.0,10,8,12669.88,High-Value Loyal Customers,0,9359,352,8,12669.88,24.794285714285714
12452.0,16,2,430.57,Recent Low-Value Customers,0,185,21,2,430.57,19.571363636363635
12453.0,133,1,707.09,Inactive Customers,0,473,43,1,707.09,16.443953488372095
12454.0,55,5,16679.78,High-Value Loyal Customers,0,7703,24,5,16679.78,416.99449999999996
12455.0,72,10,5879.95,High-Value Loyal Customers,0,3302,199,10,5879.95,25.902863436123347
12456.0,43,3,3181.04,Occasional Customers,0,1633,105,3,3181.04,25.44832
12457.0,65,8,2995.91,Occasional Customers,0,1094,63,8,2995.91,35.665595238095236
12458.0,70,4,1777.49,Occasional Customers,0,986,71,4,1777.49,21.160595238095237
12459.0,604,1,454.36,Inactive Customers,1,258,23,1,454.36,19.754782608695653
12460.0,455,1,326.65,Inactive Customers,1,170,18,1,326.65,18.147222222222222
12461.0,93,2,826.88,Recent Low-Value Customers,0,287,35,2,826.88,23.62514285714286
12462.0,18,2,1189.59,Recent Low-Value Customers,0,536,51,2,1189.59,19.186935483870965
12463.0,52,4,1344.78,Occasional Customers,0,776,65,4,1344.78,16.202168674698793
12464.0,9,8,1212.05,Recent Low-Value Customers,0,112,6,8,1212.05,41.79482758620689
12465.0,16,2,742.1899999999999,Recent Low-Value Customers,0,479,46,2,742.1899999999999,15.79127659574468
12466.0,681,1,56.73,Inactive Customers,1,1,1,1,56.73,56.73
12467.0,422,1,132.8,Inactive Customers,1,129,9,1,132.8,14.755555555555556
12468.0,187,5,3670.74,Occasional Customers,1,2201,127,5,3670.74,24.4716
12469.0,522,2,3070.54,Occasional Customers,1,2552,76,2,3070.54,40.40184210526316
12470.0,689,1,211.95,Inactive Customers,1,95,23,1,211.95,9.215217391304348
12471.0,1,79,39918.19,High-Value Loyal Customers,0,16858,255,79,39918.19,35.17021145374449
12472.0,31,19,16249.289999999999,High-Value Loyal Customers,0,10378,397,19,16249.289999999999,19.321391200951247
12473.0,28,5,3928.0499999999997,Occasional Customers,0,2414,140,5,3928.0499999999997,23.52125748502994
12474.0,16,31,12372.75,High-Value Loyal Customers,0,7940,369,31,12372.75,17.47563559322034
12475.0,53,2,1149.64,Recent Low-Value Customers,0,771,54,2,1149.64,18.846557377049184
12476.0,15,23,14083.91,High-Value Loyal Customers,0,5631,358,23,14083.91,27.400603112840468
12477.0,22,9,20276.37,High-Value Loyal Customers,0,6119,295,9,20276.37,35.95101063829787
12478.0,3,1,680.99,Recent Low-Value Customers,0,236,36,1,680.99,18.91638888888889
12479.0,10,1,527.2,Recent Low-Value Customers,0,385,31,1,527.2,17.006451612903227
12480.0,27,7,5464.85,High-Value Loyal Customers,0,2952,177,7,5464.85,22.58202479338843
12481.0,22,15,12185.51,High-Value Loyal Customers,0,7158,248,15,12185.51,32.06713157894737
12482.0,575,29,23691.4,High-Value Loyal Customers,1,27042,42,29,23691.4,116.1343137254902
12483.0,16,19,5097.18,High-Value Loyal Customers,0,2160,68,19,5097.18,36.93608695652174
12484.0,32,12,6354.1,High-Value Loyal Customers,0,3266,329,12,6354.1,13.490658174097666
12485.0,528,1,708.1,Inactive Customers,1,414,34,1,708.1,20.826470588235296
12486.0,431,1,1037.28,Inactive Customers,1,523,49,1,1037.28,21.168979591836734
12487.0,730,1,285.29999999999995,Inactive Customers,1,174,2,1,285.29999999999995,142.64999999999998
12488.0,9,3,1298.66,Recent Low-Value Customers,0,529,46,3,1298.66,23.612000000000002
12489.0,335,1,334.93,Inactive Customers,1,105,15,1,334.93,22.328666666666667
12490.0,4,21,9823.64,High-Value Loyal Customers,0,5906,195,21,9823.64,21.26329004329004
12491.0,38,1,460.40000000000003,Recent Low-Value Customers,0,260,25,1,460.40000000000003,17.70769230769231
12492.0,62,3,715.21,Recent Low-Value Customers,0,444,38,3,715.21,17.028809523809525
12493.0,165,2,433.74,Inactive Customers,0,207,20,2,433.74,19.715454545454545
12494.0,15,9,1815.27,High-Value Loyal Customers,0,979,83,9,1815.27,16.808055555555555
12495.0,640,1,357.4,Inactive Customers,1,130,17,1,357.4,21.023529411764706
12496.0,619,2,45.34,Inactive Customers,1,30,10,2,45.34,4.534000000000001
12497.0,81,3,6248.5,Occasional Customers,0,5685,41,3,6248.5,109.62280701754386
12498.0,20,3,403.70000000000005,Recent Low-Value Customers,0,159,21,3,403.70000000000005,17.55217391304348
12499.0,559,1,393.72,Inactive Customers,1,302,27,1,393.72,14.582222222222223
12500.0,22,19,5955.21,High-Value Loyal Customers,0,3377,88,19,5955.21,40.7891095890411
12501.0,336,1,2169.39,Occasional Customers,1,1783,149,1,2169.39,14.559664429530201
12502.0,95,5,3723.87,Occasional Customers,0,820,102,5,3723.87,25.332448979591835
12503.0,583,1,1126.0,Inactive Customers,1,561,2,1,1126.0,563.0
12504.0,17,4,779.05,Recent Low-Value Customers,0,458,11,4,779.05,38.9525
12505.0,408,1,955.2,Inactive Customers,1,324,42,1,955.2,22.742857142857144
12506.0,232,1,73.5,Inactive Customers,1,23,23,1,73.5,3.1956521739130435
12507.0,133,4,1844.06,Occasional Customers,0,1256,46,4,1844.06,37.633877551020404
12508.0,25,2,397.88,Recent Low-Value Customers,0,271,57,2,397.88,5.851176470588236
12509.0,283,1,176.5,Inactive Customers,1,55,7,1,176.5,25.214285714285715
12510.0,142,9,5178.02,Occasional Customers,0,2049,94,9,5178.02,35.71048275862069
12511.0,428,1,3084.02,Occasional Customers,1,1753,190,1,3084.02,16.231684210526314
12512.0,65,2,132.18,Inactive Customers,0,96,31,2,132.18,4.263870967741935
12513.0,112,1,612.29,Inactive Customers,0,462,35,1,612.29,17.494
12514.0,266,2,1597.76,Occasional Customers,1,840,76,2,1597.76,19.02095238095238
12515.0,352,1,383.7,Inactive Customers,1,131,16,1,383.7,23.98125
12516.0,77,4,2648.62,Occasional Customers,0,1952,49,4,2648.62,35.792162162162164
12517.0,27,5,2481.6,Occasional Customers,0,1361,232,5,2481.6,8.894623655913978
12518.0,0,5,2056.89,Recent Low-Value Customers,0,1318,84,5,2056.89,16.58782258064516
12519.0,63,2,716.54,Recent Low-Value Customers,0,387,34,2,716.54,18.37282051282051
12520.0,78,5,2634.26,Occasional Customers,0,1439,121,5,2634.26,17.330657894736845
12521.0,142,1,599.68,Inactive Customers,0,309,38,1,599.68,15.781052631578946
12522.0,38,2,192.72,Recent Low-Value Customers,0,194,11,2,192.72,16.06
12523.0,18,23,4352.35,High-Value Loyal Customers,0,2263,176,23,4352.35,17.479317269076308
12524.0,8,17,11126.11,High-Value Loyal Customers,0,7178,157,17,11126.11,46.35879166666667
12525.0,497,3,973.73,Occasional Customers,1,509,56,3,973.73,16.228833333333334
12526.0,0,3,1316.66,Recent Low-Value Customers,0,632,64,3,1316.66,18.54450704225352
12527.0,81,5,735.51,Occasional Customers,0,526,26,5,735.51,22.9846875
12528.0,8,6,1933.48,Recent Low-Value Customers,0,756,50,6,1933.48,21.01608695652174
12529.0,527,1,316.48,Inactive Customers,1,192,21,1,316.48,15.07047619047619
12530.0,59,9,3759.26,Occasional Customers,0,2713,94,9,3759.26,23.792784810126584
12531.0,14,2,1933.2,Recent Low-Value Customers,0,1119,126,2,1933.2,15.222047244094489
12532.0,29,1,349.83000000000004,Recent Low-Value Customers,0,153,16,1,349.83000000000004,21.864375000000003
12533.0,627,2,1367.89,Occasional Customers,1,704,63,2,1367.89,18.998472222222222
12534.0,130,1,1089.18,Inactive Customers,0,651,63,1,1089.18,17.28857142857143
12535.0,91,2,716.35,Recent Low-Value Customers,0,219,28,2,716.35,21.069117647058825
12536.0,42,3,12601.830000000002,Occasional Customers,0,2803,260,3,12601.830000000002,48.282873563218395
12537.0,408,1,732.94,Inactive Customers,1,449,43,1,732.94,17.04511627906977
12538.0,28,2,640.45,Recent Low-Value Customers,0,336,33,2,640.45,18.836764705882356
12539.0,21,7,11214.75,High-Value Loyal Customers,0,4535,276,7,11214.75,22.251488095238095
12540.0,19,33,22254.49,High-Value Loyal Customers,0,11019,354,33,22254.49,28.864448767833984
12541.0,29,3,981.18,Recent Low-Value Customers,0,680,46,3,981.18,18.868846153846153
12542.0,483,2,481.88,Inactive Customers,1,522,39,2,481.88,12.355897435897436
12543.0,447,1,980.25,Inactive Customers,1,688,43,1,980.25,22.796511627906977
12544.0,35,1,372.7,Recent Low-Value Customers,0,136,19,1,372.7,19.61578947368421
12545.0,74,2,1000.39,Recent Low-Value Customers,0,523,42,2,1000.39,20.0078
12546.0,46,2,1161.5,Recent Low-Value Customers,0,633,59,2,1161.5,16.833333333333332
12547.0,197,3,383.58,Inactive Customers,1,309,13,3,383.58,18.265714285714285
12548.0,165,1,95.19999999999999,Inactive Customers,0,49,5,1,95.19999999999999,19.04
12549.0,575,6,1575.68,Occasional Customers,1,1366,38,6,1575.68,32.15673469387755
12550.0,78,1,964.83,Recent Low-Value Customers,0,569,57,1,964.83,16.92684210526316
12551.0,357,1,168.0,Inactive Customers,1,100,10,1,168.0,16.8
12552.0,38,2,437.82,Recent Low-Value Customers,0,88,20,2,437.82,21.891
12553.0,7,12,4608.75,High-Value Loyal Customers,0,2325,109,12,4608.75,19.36449579831933
12554.0,448,1,468.5,Inactive Customers,1,240,26,1,468.5,18.01923076923077
12555.0,681,1,129.23,Inactive Customers,1,1,1,1,129.23,129.23
12556.0,49,2,599.56,Recent Low-Value Customers,0,355,100,2,599.56,5.038319327731092
12557.0,15,8,18096.14,High-Value Loyal Customers,0,6382,15,8,18096.14,341.4366037735849
12558.0,7,1,269.96,Recent Low-Value Customers,0,196,11,1,269.96,24.54181818181818
12559.0,310,2,561.71,Inactive Customers,1,283,21,2,561.71,26.74809523809524
12560.0,4,3,2134.01,Recent Low-Value Customers,0,1110,91,3,2134.01,20.323904761904764
12561.0,302,1,238.85,Inactive Customers,1,177,16,1,238.85,14.928125
12562.0,7,9,4966.92,High-Value Loyal Customers,0,2327,113,9,4966.92,23.99478260869565
12563.0,408,1,249.24,Inactive Customers,1,113,13,1,249.24,19.172307692307694
12564.0,260,1,456.9,Inactive Customers,1,133,21,1,456.9,21.757142857142856
12565.0,288,1,145.92,Inactive Customers,1,80,9,1,145.92,16.21333333333333
12566.0,85,1,351.65,Inactive Customers,0,265,19,1,351.65,18.507894736842104
12567.0,22,15,11767.48,High-Value Loyal Customers,0,5308,365,15,11767.48,21.16453237410072
12568.0,644,1,70.0,Inactive Customers,1,48,5,1,70.0,14.0
12569.0,1,32,4124.69,High-Value Loyal Customers,0,1801,92,32,4124.69,21.939840425531912
12570.0,681,1,77.52,Inactive Customers,1,1,1,1,77.52,77.52
12571.0,39,2,519.61,Recent Low-Value Customers,0,523,31,2,519.61,15.28264705882353
12572.0,8,2,1020.42,Recent Low-Value Customers,0,452,53,2,1020.42,17.006999999999998
12573.0,226,5,717.41,Occasional Customers,1,479,107,5,717.41,6.028655462184874
12574.0,315,1,218.45,Inactive Customers,1,61,11,1,218.45,19.85909090909091
12575.0,456,2,622.8199999999999,Inactive Customers,1,315,34,2,622.8199999999999,16.389999999999997
12576.0,35,8,2142.72,Occasional Customers,0,1494,114,8,2142.72,15.08957746478873
12577.0,34,8,1617.1,Occasional Customers,0,1191,259,8,1617.1,5.426510067114093
12578.0,20,4,4642.45,Occasional Customers,0,2380,149,4,4642.45,26.99098837209302
12579.0,77,1,440.42,Inactive Customers,0,285,29,1,440.42,15.18689655172414
12580.0,246,2,1052.9,Occasional Customers,1,569,52,2,1052.9,18.153448275862072
12581.0,39,1,197.71,Recent Low-Value Customers,0,161,15,1,197.71,13.180666666666667
12582.0,238,4,1980.4,Occasional Customers,1,985,88,4,1980.4,19.22718446601942
12583.0,2,27,13591.58,High-Value Loyal Customers,0,8535,141,27,13591.58,30.47439461883408
12584.0,3,9,2338.15,High-Value Loyal Customers,0,416,44,9,2338.15,24.355729166666666
12585.0,233,2,2040.1,Occasional Customers,1,1279,77,2,2040.1,23.44942528735632
12586.0,16,4,2062.67,Recent Low-Value Customers,0,687,82,4,2062.67,21.943297872340427
12587.0,7,1,144.0,Recent Low-Value Customers,0,51,4,1,144.0,36.0
12588.0,38,4,958.78,Recent Low-Value Customers,0,438,31,4,958.78,20.84304347826087
12589.0,28,8,4695.66,High-Value Loyal Customers,0,1764,121,8,4695.66,26.087
12590.0,210,2,9864.26,Occasional Customers,1,4283,68,2,9864.26,145.06264705882353
12591.0,316,3,1338.95,Occasional Customers,1,653,63,3,1338.95,19.69044117647059
12592.0,91,5,2582.66,Occasional Customers,0,1875,42,5,2582.66,31.88469135802469
12593.0,108,3,418.09999999999997,Inactive Customers,0,206,14,3,418.09999999999997,19.909523809523808
12594.0,37,15,5090.110000000001,High-Value Loyal Customers,0,2768,78,15,5090.110000000001,25.57844221105528
12595.0,504,1,299.02,Inactive Customers,1,271,19,1,299.02,15.737894736842104
12596.0,50,2,618.27,Recent Low-Value Customers,0,474,25,2,618.27,22.898888888888887
12597.0,18,4,3811.22,Recent Low-Value Customers,0,2236,184,4,3811.22,18.50106796116505
12598.0,9,11,4534.09,High-Value Loyal Customers,0,2906,130,11,4534.09,22.01014563106796
12599.0,28,13,2296.72,High-Value Loyal Customers,0,2189,47,13,2296.72,17.268571428571427
12600.0,28,21,4967.42,High-Value Loyal Customers,0,1383,53,21,4967.42,38.21092307692308
12601.0,189,6,681.26,Occasional Customers,1,290,24,6,681.26,20.03705882352941
12602.0,58,1,153.12,Inactive Customers,0,162,12,1,153.12,12.76
12603.0,21,1,739.1999999999999,Recent Low-Value Customers,0,63,2,1,739.1999999999999,369.59999999999997
12604.0,78,2,254.18,Inactive Customers,0,201,15,2,254.18,15.88625
12605.0,375,4,1232.95,Occasional Customers,1,929,63,4,1232.95,16.223026315789475
12606.0,681,1,21.0,Inactive Customers,1,1,1,1,21.0,21.0
12607.0,59,1,1579.51,Recent Low-Value Customers,0,1228,101,1,1579.51,15.63871287128713
12608.0,404,1,415.79,Inactive Customers,1,323,16,1,415.79,25.986875
12609.0,77,9,3435.86,Occasional Customers,0,1553,129,9,3435.86,19.633485714285715
12610.0,22,5,2099.54,Recent Low-Value Customers,0,1049,85,5,2099.54,19.80698113207547
12611.0,51,1,1193.32,Recent Low-Value Customers,0,846,65,1,1193.32,18.35876923076923
12612.0,73,1,704.0400000000001,Recent Low-Value Customers,0,262,19,1,704.0400000000001,37.054736842105264
12613.0,56,10,6817.37,High-Value Loyal Customers,0,4157,218,10,6817.37,20.91217791411043
12614.0,277,1,315.6,Inactive Customers,1,76,20,1,315.6,15.780000000000001
12615.0,1,8,5740.98,High-Value Loyal Customers,0,3317,198,8,5740.98,21.262888888888888
12616.0,94,3,1131.1,Occasional Customers,0,498,32,3,1131.1,20.946296296296296
12617.0,28,1,352.98,Recent Low-Value Customers,0,210,39,1,352.98,8.609268292682927
12618.0,21,1,177.31,Recent Low-Value Customers,0,96,11,1,177.31,16.11909090909091
12619.0,15,10,3781.38,High-Value Loyal Customers,0,3518,55,10,3781.38,37.8138
12620.0,14,3,1339.41,Recent Low-Value Customers,0,1181,89,3,1339.41,14.558804347826088
12621.0,1,35,24311.2,High-Value Loyal Customers,0,13706,344,35,24311.2,32.15767195767196
12622.0,231,1,180.1,Inactive Customers,1,69,11,1,180.1,16.37272727272727
12623.0,275,7,3747.84,Occasional Customers,1,1971,112,7,3747.84,21.663815028901734
12624.0,105,2,641.13,Inactive Customers,0,355,36,2,641.13,16.87184210526316
12625.0,211,4,5164.88,Occasional Customers,1,3309,144,4,5164.88,28.22338797814208
12626.0,22,9,6620.48,High-Value Loyal Customers,0,3453,232,9,6620.48,22.51863945578231
12627.0,10,7,4478.53,High-Value Loyal Customers,0,2752,162,7,4478.53,19.47186956521739
12628.0,3,3,786.46,Recent Low-Value Customers,0,448,34,3,786.46,19.181951219512197
12629.0,385,2,1558.22,Occasional Customers,1,722,40,2,1558.22,34.62711111111111
12630.0,9,2,1270.88,Recent Low-Value Customers,0,548,60,2,1270.88,19.8575
12631.0,56,6,3481.57,Occasional Customers,0,1607,131,6,3481.57,19.024972677595628
12632.0,520,2,804.88,Inactive Customers,1,694,32,2,804.88,22.99657142857143
12633.0,58,7,5678.16,Occasional Customers,0,3238,220,7,5678.16,18.556078431372548
12634.0,535,2,490.0,Inactive Customers,1,337,20,2,490.0,24.5
12635.0,89,4,2930.41,Occasional Customers,0,1949,159,4,2930.41,16.37100558659218
12636.0,738,1,141.0,Inactive Customers,1,1,1,1,141.0,141.0
12637.0,66,12,8283.81,High-Value Loyal Customers,0,4257,295,12,8283.81,13.491547231270358
12638.0,32,2,921.49,Recent Low-Value Customers,0,663,47,2,921.49,19.197708333333335
12639.0,238,3,1312.37,Occasional Customers,1,631,58,3,1312.37,20.50578125
12640.0,23,3,1174.58,Recent Low-Value Customers,0,311,47,3,1174.58,22.16188679245283
12641.0,114,1,185.9,Inactive Customers,0,72,10,1,185.9,18.59
12642.0,24,3,1013.26,Recent Low-Value Customers,0,552,39,3,1013.26,21.558723404255318
12643.0,127,12,8304.82,High-Value Loyal Customers,0,4665,14,12,8304.82,162.83960784313726
12644.0,129,4,1918.49,Occasional Customers,0,1032,106,4,1918.49,17.283693693693692
12645.0,33,8,3539.3,High-Value Loyal Customers,0,2125,111,8,3539.3,22.120625
12646.0,4,2,1346.97,Recent Low-Value Customers,0,897,43,2,1346.97,29.932666666666666
12647.0,21,36,16955.55,High-Value Loyal Customers,0,6633,240,36,16955.55,32.923398058252424
12648.0,154,4,1112.0,Occasional Customers,0,518,38,4,1112.0,17.107692307692307
12649.0,106,8,2294.65,Occasional Customers,0,1959,94,8,2294.65,19.446186440677966
12650.0,2,1,314.44,Recent Low-Value Customers,0,254,20,1,314.44,15.722
12651.0,334,4,377.75,Inactive Customers,1,265,30,4,377.75,12.591666666666667
12652.0,330,2,1017.03,Inactive Customers,1,536,51,2,1017.03,19.941764705882353
12653.0,148,3,4160.83,Occasional Customers,0,1681,76,3,4160.83,48.38174418604651
12654.0,10,5,601.98,Recent Low-Value Customers,0,264,31,5,601.98,15.841578947368422
12655.0,423,1,261.35,Inactive Customers,1,80,16,1,261.35,16.334375
12656.0,16,8,6407.83,High-Value Loyal Customers,0,2860,174,8,6407.83,25.942631578947367
12657.0,10,4,1643.18,Recent Low-Value Customers,0,1044,35,4,1643.18,34.961276595744685
12658.0,18,1,686.05,Recent Low-Value Customers,0,320,36,1,686.05,19.056944444444444
12659.0,29,1,91.68,Recent Low-Value Customers,0,105,5,1,91.68,18.336000000000002
12660.0,10,1,245.1,Recent Low-Value Customers,0,127,13,1,245.1,18.853846153846153
12661.0,435,1,162.0,Inactive Customers,1,216,11,1,162.0,14.727272727272727
12662.0,0,20,6726.54,High-Value Loyal Customers,0,3424,163,20,6726.54,17.203427109974424
12663.0,624,2,239.4,Inactive Customers,1,181,9,2,239.4,23.94
12664.0,7,11,6070.04,High-Value Loyal Customers,0,1495,10,11,6070.04,134.88977777777777
12665.0,324,3,313.6,Inactive Customers,1,165,13,3,313.6,18.447058823529414
12666.0,393,1,1248.42,Inactive Customers,1,370,31,1,1248.42,40.27161290322581
12667.0,57,1,620.13,Recent Low-Value Customers,0,395,33,1,620.13,18.791818181818183
12668.0,11,10,11383.03,High-Value Loyal Customers,0,5049,263,10,11383.03,21.236996268656718
12669.0,150,3,2744.0299999999997,Occasional Customers,0,1115,98,3,2744.0299999999997,27.168613861386135
12670.0,9,7,3760.29,High-Value Loyal Customers,0,1627,71,7,3760.29,32.698173913043476
12671.0,605,1,2622.481,Occasional Customers,1,1460,45,1,2622.481,58.27735555555556
12672.0,329,2,437.05,Inactive Customers,1,138,22,2,437.05,19.865909090909092
12673.0,4,3,1230.02,Recent Low-Value Customers,0,700,68,3,1230.02,16.62189189189189
12674.0,38,4,1970.6,Occasional Customers,0,1133,52,4,1970.6,23.742168674698792
12675.0,553,2,957.25,Inactive Customers,1,336,111,2,957.25,8.546875
12676.0,24,11,2843.09,High-Value Loyal Customers,0,1867,67,11,2843.09,26.570934579439253
12677.0,554,2,395.1,Inactive Customers,1,176,13,2,395.1,18.814285714285717
12678.0,41,21,34281.18,High-Value Loyal Customers,0,22372,199,21,34281.18,91.17335106382978
12679.0,58,4,1113.02,Occasional Customers,0,554,43,4,1113.02,23.187916666666666
12680.0,0,4,880.81,Recent Low-Value Customers,0,444,33,4,880.81,16.619056603773583
12681.0,14,45,29834.76,High-Value Loyal Customers,0,17011,459,45,29834.76,20.951376404494383
12682.0,3,52,22950.22,High-Value Loyal Customers,0,10522,327,52,22950.22,23.20548028311426
12683.0,3,21,11633.7,High-Value Loyal Customers,0,7019,236,21,11633.7,23.888501026694048
12684.0,7,7,2283.63,High-Value Loyal Customers,0,1985,61,7,2283.63,21.748857142857144
12685.0,27,6,2863.08,Occasional Customers,0,1523,117,6,2863.08,18.236178343949042
12686.0,371,1,89.14,Inactive Customers,1,107,7,1,89.14,12.734285714285715
12687.0,480,2,2138.91,Occasional Customers,1,1403,126,2,2138.91,16.97547619047619
12688.0,113,1,4873.8099999999995,Occasional Customers,0,3028,171,1,4873.8099999999995,28.501812865497072
12689.0,25,2,1247.61,Recent Low-Value Customers,0,628,57,2,1247.61,17.327916666666667
12690.0,205,1,389.01,Inactive Customers,1,106,16,1,389.01,24.313125
12691.0,27,7,1170.4,Recent Low-Value Customers,0,445,24,7,1170.4,30.010256410256414
12692.0,636,1,110.95,Inactive Customers,1,36,13,1,110.95,8.534615384615385
12693.0,126,7,1703.02,Occasional Customers,0,536,63,7,1703.02,21.557215189873418
12694.0,69,3,1843.35,Occasional Customers,0,1355,69,3,1843.35,22.209036144578313
12695.0,6,7,1407.1200000000001,Recent Low-Value Customers,0,454,46,7,1407.1200000000001,23.84949152542373
12696.0,434,2,851.91,Inactive Customers,1,564,43,2,851.91,17.38591836734694
12697.0,28,3,957.59,Recent Low-Value Customers,0,508,37,3,957.59,23.355853658536585
12698.0,589,1,339.75,Inactive Customers,1,111,16,1,339.75,21.234375
12699.0,417,1,638.11,Inactive Customers,1,373,41,1,638.11,15.563658536585367
12700.0,7,4,4939.99,High-Value Loyal Customers,0,2967,193,4,4939.99,18.432798507462685
12701.0,79,6,2446.41,Occasional Customers,0,1727,118,6,2446.41,16.642244897959184
12702.0,19,1,219.0,Recent Low-Value Customers,0,53,12,1,219.0,18.25
12703.0,70,4,1006.53,Occasional Customers,0,595,56,4,1006.53,13.601756756756757
12704.0,6,8,2340.84,High-Value Loyal Customers,0,1006,64,8,2340.84,26.600454545454546
12705.0,14,14,11762.1,High-Value Loyal Customers,0,7188,320,14,11762.1,19.636227045075128
12707.0,291,1,603.42,Inactive Customers,1,256,33,1,603.42,18.285454545454545
12708.0,29,18,5117.66,High-Value Loyal Customers,0,2432,130,18,5117.66,17.289391891891892
12709.0,14,34,30291.76,High-Value Loyal Customers,0,13772,189,34,30291.76,61.819918367346936
12710.0,96,3,1149.02,Occasional Customers,0,851,75,3,1149.02,14.922337662337663
12711.0,611,2,1339.05,Occasional Customers,1,770,56,2,1339.05,22.3175
12712.0,28,21,6723.03,High-Value Loyal Customers,0,2205,126,21,6723.03,26.2618359375
12713.0,0,1,848.55,Recent Low-Value Customers,0,508,38,1,848.55,22.330263157894734
12714.0,8,12,14093.71,High-Value Loyal Customers,0,8774,436,12,14093.71,20.249583333333334
12715.0,105,1,343.36,Inactive Customers,0,192,20,1,343.36,17.168
12716.0,3,2,1053.49,Recent Low-Value Customers,0,708,60,2,1053.49,15.267971014492753
12717.0,150,3,1308.91,Occasional Customers,0,600,60,3,1308.91,18.435352112676057
12718.0,70,1,238.25,Inactive Customers,0,203,19,1,238.25,12.539473684210526
12719.0,4,2,644.95,Recent Low-Value Customers,0,374,34,2,644.95,16.53717948717949
12720.0,2,30,7787.28,High-Value Loyal Customers,0,6018,262,30,7787.28,16.257369519832984
12721.0,31,8,4013.08,High-Value Loyal Customers,0,2655,183,8,4013.08,16.79112970711297
12722.0,84,4,997.63,Occasional Customers,0,566,50,4,997.63,18.82320754716981
12723.0,3,5,725.07,Recent Low-Value Customers,0,434,53,5,725.07,10.508260869565218
12724.0,4,7,2317.52,High-Value Loyal Customers,0,1379,94,7,2317.52,17.96527131782946
12725.0,370,4,2266.76,Occasional Customers,1,1142,92,4,2266.76,21.384528301886796
12726.0,27,11,4014.6,High-Value Loyal Customers,0,4618,63,11,4014.6,22.427932960893855
12727.0,10,10,5679.53,High-Value Loyal Customers,0,2832,132,10,5679.53,27.9779802955665
12728.0,70,5,1070.17,Occasional Customers,0,543,48,5,1070.17,17.54377049180328
12729.0,113,1,453.01,Inactive Customers,0,233,26,1,453.01,17.423461538461538
12730.0,521,1,829.25,Inactive Customers,1,234,47,1,829.25,17.643617021276597
12731.0,23,17,25775.71,High-Value Loyal Customers,0,11641,137,17,25775.71,65.58704834605598
12732.0,179,1,236.26000000000002,Inactive Customers,0,111,12,1,236.26000000000002,19.688333333333336
12733.0,233,4,2424.87,Occasional Customers,1,896,117,4,2424.87,15.445031847133757
12734.0,352,3,639.65,Inactive Customers,1,265,17,3,639.65,33.66578947368421
12735.0,314,2,779.5699999999999,Inactive Customers,1,368,38,2,779.5699999999999,18.12953488372093
12736.0,332,1,234.0,Inactive Customers,1,173,4,1,234.0,58.5
12737.0,498,2,3710.5,Occasional Customers,1,2,2,2,3710.5,1855.25
12738.0,371,1,155.35,Inactive Customers,1,148,11,1,155.35,14.122727272727273
12739.0,77,4,2726.73,Occasional Customers,0,951,85,4,2726.73,30.63741573033708
12740.0,63,1,427.6,Inactive Customers,0,342,27,1,427.6,15.837037037037037
12741.0,528,2,406.07,Inactive Customers,1,214,16,2,406.07,25.379375
12742.0,625,1,1201.52,Inactive Customers,1,1359,67,1,1201.52,17.933134328358207
12743.0,133,2,540.13,Inactive Customers,0,315,114,2,540.13,4.123129770992366
12744.0,51,11,25317.06,High-Value Loyal Customers,0,6994,245,11,25317.06,74.68159292035399
12745.0,486,3,925.41,Occasional Customers,1,468,21,3,925.41,40.235217391304346
12746.0,540,1,254.55,Inactive Customers,1,97,17,1,254.55,14.973529411764707
12747.0,1,26,8898.48,High-Value Loyal Customers,0,2640,85,26,8898.48,35.73686746987951
12748.0,0,336,53539.64,High-Value Loyal Customers,0,37109,2286,336,53539.64,8.130545178435838
12749.0,3,9,6897.36,High-Value Loyal Customers,0,2360,260,9,6897.36,20.40639053254438
12750.0,128,1,275.88,Inactive Customers,0,137,15,1,275.88,18.392
12751.0,444,1,268.27,Inactive Customers,1,189,61,1,268.27,4.326935483870967
12752.0,80,1,4366.78,Occasional Customers,0,2262,53,1,4366.78,82.3920754716981
12753.0,22,6,21429.39,High-Value Loyal Customers,0,11421,132,6,21429.39,108.77862944162436
12754.0,235,3,3010.74,Occasional Customers,1,6481,49,3,3010.74,47.78952380952381
12755.0,280,11,5236.259999999999,Occasional Customers,1,2293,34,11,5236.259999999999,83.11523809523808
12756.0,86,1,112.07999999999998,Inactive Customers,0,144,4,1,112.07999999999998,28.019999999999996
12757.0,15,13,7834.650000000001,High-Value Loyal Customers,0,2395,237,13,7834.650000000001,21.52376373626374
12758.0,116,7,9903.24,Occasional Customers,0,6155,187,7,9903.24,31.639744408945685
12759.0,51,8,5020.74,Occasional Customers,0,3202,206,8,5020.74,16.62496688741722
12760.0,455,1,347.8,Inactive Customers,1,198,21,1,347.8,16.561904761904763
12761.0,457,2,782.95,Inactive Customers,1,281,27,2,782.95,28.99814814814815
12762.0,7,2,1898.52,Recent Low-Value Customers,0,1227,62,2,1898.52,27.51478260869565
12763.0,137,2,494.08,Inactive Customers,0,316,16,2,494.08,27.448888888888888
12764.0,316,1,1693.88,Inactive Customers,1,386,45,1,1693.88,37.64177777777778
12765.0,471,6,1404.58,Occasional Customers,1,1009,49,6,1404.58,20.65558823529412
12766.0,3,9,8918.99,High-Value Loyal Customers,0,5022,253,9,8918.99,22.186542288557213
12767.0,375,1,949.82,Inactive Customers,1,598,43,1,949.82,22.088837209302326
12768.0,450,1,168.69000000000003,Inactive Customers,1,102,10,1,168.69000000000003,16.869000000000003
12769.0,238,1,1143.6,Inactive Customers,1,356,32,1,1143.6,35.7375
12770.0,210,2,3246.45,Occasional Customers,1,1843,19,2,3246.45,115.94464285714285
12771.0,485,1,282.3,Inactive Customers,1,104,15,1,282.3,18.82
12772.0,59,1,892.47,Recent Low-Value Customers,0,556,55,1,892.47,16.226727272727274
12773.0,563,1,124.25,Inactive Customers,1,109,6,1,124.25,20.708333333333332
12774.0,535,1,98.7,Inactive Customers,1,53,6,1,98.7,16.45
12775.0,16,7,1686.12,Recent Low-Value Customers,0,1083,55,7,1686.12,20.816296296296294
12776.0,667,1,55.5,Inactive Customers,1,46,4,1,55.5,13.875
12777.0,457,1,519.45,Inactive Customers,1,458,26,1,519.45,19.978846153846156
12778.0,19,9,1775.68,High-Value Loyal Customers,0,1735,77,9,1775.68,15.576140350877193
12779.0,37,14,6474.11,High-Value Loyal Customers,0,3501,142,14,6474.11,24.06732342007435
12780.0,598,1,337.4,Inactive Customers,1,285,20,1,337.4,16.869999999999997
12781.0,63,2,826.74,Recent Low-Value Customers,0,671,25,2,826.74,33.0696
12782.0,4,11,4618.24,High-Value Loyal Customers,0,2017,142,11,4618.24,20.344669603524228
12783.0,1,6,2225.91,High-Value Loyal Customers,0,624,76,6,2225.91,26.49892857142857
12784.0,8,3,1763.15,Recent Low-Value Customers,0,862,121,3,1763.15,13.667829457364341
12785.0,363,3,1100.4,Occasional Customers,1,453,42,3,1100.4,19.650000000000002
12786.0,609,1,728.5,Inactive Customers,1,324,18,1,728.5,40.47222222222222
12787.0,9,4,862.18,Recent Low-Value Customers,0,510,30,4,862.18,19.595
12788.0,462,4,444.9,Inactive Customers,1,194,20,4,444.9,17.111538461538462
12789.0,64,3,273.35,Recent Low-Value Customers,0,36,5,3,273.35,34.16875
12790.0,191,2,591.85,Inactive Customers,1,306,36,2,591.85,15.995945945945946
12791.0,373,6,863.51,Occasional Customers,1,353,17,6,863.51,30.839642857142856
12792.0,256,2,827.01,Inactive Customers,1,394,39,2,827.01,17.59595744680851
12793.0,334,3,885.53,Occasional Customers,1,461,34,3,885.53,20.125681818181818
12794.0,52,2,860.41,Recent Low-Value Customers,0,592,43,2,860.41,19.12022222222222
12795.0,18,1,430.48,Recent Low-Value Customers,0,68,14,1,430.48,30.74857142857143
12796.0,627,1,381.0,Inactive Customers,1,182,7,1,381.0,54.42857142857143
12797.0,365,2,552.08,Inactive Customers,1,215,27,2,552.08,18.40266666666667
12798.0,9,4,8510.93,High-Value Loyal Customers,0,8455,27,4,8510.93,257.9069696969697
12799.0,528,1,219.35,Inactive Customers,1,137,15,1,219.35,14.623333333333333
12800.0,469,3,584.25,Inactive Customers,1,284,31,3,584.25,17.183823529411764
12801.0,500,1,1071.82,Inactive Customers,1,505,50,1,1071.82,21.4364
12802.0,186,7,2416.42,Occasional Customers,1,1972,108,7,2416.42,17.510289855072465
12803.0,392,1,1092.81,Inactive Customers,1,872,55,1,1092.81,19.869272727272726
12804.0,465,2,325.37,Inactive Customers,1,270,60,2,325.37,4.929848484848485
12805.0,381,4,1434.95,Occasional Customers,1,593,44,4,1434.95,24.74051724137931
12806.0,434,4,2878.96,Occasional Customers,1,2087,58,4,2878.96,42.96955223880597
12807.0,382,1,330.35,Inactive Customers,1,145,16,1,330.35,20.646875
12808.0,36,5,776.7,Recent Low-Value Customers,0,322,46,5,776.7,16.52553191489362
12809.0,177,3,1755.94,Occasional Customers,0,518,75,3,1755.94,21.67827160493827
12810.0,534,2,534.99,Inactive Customers,1,389,32,2,534.99,16.7184375
12811.0,260,5,1033.9,Occasional Customers,1,435,47,5,1033.9,18.462500000000002
12812.0,44,1,229.64000000000001,Recent Low-Value Customers,0,164,15,1,229.64000000000001,15.309333333333335
12813.0,501,3,1687.8,Occasional Customers,1,1141,37,3,1687.8,37.50666666666667
12814.0,101,1,125.92,Inactive Customers,0,49,2,1,125.92,62.96
12815.0,147,2,1063.46,Occasional Customers,0,379,38,2,1063.46,22.6268085106383
12816.0,95,2,572.2,Inactive Customers,0,128,27,2,572.2,19.731034482758623
12817.0,280,3,690.98,Occasional Customers,1,219,16,3,690.98,27.639200000000002
12818.0,261,1,1542.08,Inactive Customers,1,929,14,1,1542.08,110.14857142857143
12819.0,457,1,540.52,Inactive Customers,1,344,19,1,540.52,28.448421052631577
12820.0,2,11,2689.52,High-Value Loyal Customers,0,1964,131,11,2689.52,16.915220125786163
12821.0,213,2,220.8,Inactive Customers,1,162,13,2,220.8,16.984615384615385
12822.0,70,2,948.88,Recent Low-Value Customers,0,550,41,2,948.88,20.62782608695652
12823.0,74,18,6501.5,High-Value Loyal Customers,0,930,1,18,6501.5,361.19444444444446
12824.0,59,1,397.12,Recent Low-Value Customers,0,232,25,1,397.12,15.8848
12825.0,520,2,518.63,Inactive Customers,1,139,20,2,518.63,21.609583333333333
12826.0,2,12,2800.75,High-Value Loyal Customers,0,1915,93,12,2800.75,17.839171974522294
12827.0,5,3,430.15000000000003,Recent Low-Value Customers,0,197,19,3,430.15000000000003,17.206000000000003
12828.0,2,6,1018.71,Recent Low-Value Customers,0,494,46,6,1018.71,18.19125
12829.0,336,3,385.3,Inactive Customers,1,550,17,3,385.3,20.278947368421054
12830.0,37,6,6814.64,High-Value Loyal Customers,0,9848,13,6,6814.64,179.33263157894737
12831.0,261,3,451.11,Inactive Customers,1,303,16,3,451.11,20.505
12832.0,31,2,383.03,Recent Low-Value Customers,0,195,27,2,383.03,14.186296296296295
12833.0,144,1,417.38,Inactive Customers,0,156,24,1,417.38,17.390833333333333
12834.0,282,1,312.38,Inactive Customers,1,110,18,1,312.38,17.354444444444443
12835.0,427,41,5996.83,High-Value Loyal Customers,1,2349,138,41,5996.83,9.750943089430894
12836.0,58,15,6559.7300000000005,High-Value Loyal Customers,0,2231,280,15,6559.7300000000005,15.960413625304138
12837.0,172,2,662.66,Inactive Customers,0,194,83,2,662.66,7.530227272727273
12838.0,33,10,2975.91,High-Value Loyal Customers,0,1606,230,10,2975.91,8.359297752808988
12839.0,2,26,9669.12,High-Value Loyal Customers,0,6578,156,26,9669.12,17.453285198555957
12840.0,143,7,4041.97,Occasional Customers,0,2258,109,7,4041.97,22.965738636363636
12841.0,4,40,6958.2,High-Value Loyal Customers,0,5008,307,40,6958.2,10.804658385093168
12842.0,69,4,1917.99,Occasional Customers,0,887,45,4,1917.99,39.958125
12843.0,65,30,6583.36,High-Value Loyal Customers,0,3028,130,30,6583.36,30.061004566210045
12844.0,28,4,648.6,Recent Low-Value Customers,0,223,88,4,648.6,6.297087378640777
12845.0,266,4,354.09,Inactive Customers,1,204,26,4,354.09,13.114444444444443
12846.0,681,1,15.58,Inactive Customers,1,1,1,1,15.58,15.58
12847.0,21,2,1609.0,Recent Low-Value Customers,0,1497,100,2,1609.0,13.521008403361344
12848.0,675,1,208.0,Inactive Customers,1,58,16,1,208.0,13.0
12849.0,30,6,3042.47,Occasional Customers,0,1855,123,6,3042.47,21.12826388888889
12850.0,445,1,330.0,Inactive Customers,1,200,2,1,330.0,165.0
12851.0,96,2,280.76,Inactive Customers,0,157,71,2,280.76,3.6462337662337663
12852.0,294,1,311.55,Inactive Customers,1,149,17,1,311.55,18.326470588235296
12853.0,134,11,3907.5,Occasional Customers,0,1668,111,11,3907.5,26.402027027027028
12854.0,78,7,2970.9700000000003,Occasional Customers,0,1630,188,7,2970.9700000000003,11.383026819923373
12855.0,372,4,612.84,Occasional Customers,1,240,65,4,612.84,9.146865671641791
12856.0,7,6,2170.78,Recent Low-Value Customers,0,1076,155,6,2170.78,6.98
12857.0,210,6,3688.0,Occasional Customers,1,1420,71,6,3688.0,30.479338842975206
12858.0,382,1,147.27,Inactive Customers,1,51,36,1,147.27,3.9802702702702706
12859.0,458,1,575.1,Inactive Customers,1,292,21,1,575.1,27.385714285714286
12860.0,692,1,54.22,Inactive Customers,1,26,16,1,54.22,3.38875
12861.0,619,1,68.25,Inactive Customers,1,27,4,1,68.25,17.0625
12862.0,425,2,984.62,Inactive Customers,1,611,119,2,984.62,7.51618320610687
12863.0,51,6,2792.5499999999997,Occasional Customers,0,895,24,6,2792.5499999999997,58.178124999999994
12864.0,137,2,299.57,Inactive Customers,0,447,5,2,299.57,42.79571428571428
12865.0,25,4,3323.47,Occasional Customers,0,1973,156,4,3323.47,17.043435897435895
12866.0,282,3,1227.35,Occasional Customers,1,553,58,3,1227.35,19.48174603174603
12867.0,25,13,7829.26,High-Value Loyal Customers,0,7876,365,13,7829.26,7.456438095238095
12868.0,185,8,2043.76,Occasional Customers,1,1170,86,8,2043.76,15.251940298507463
12869.0,681,1,337.66999999999996,Inactive Customers,1,144,35,1,337.66999999999996,9.126216216216216
12870.0,374,3,1676.95,Occasional Customers,1,906,85,3,1676.95,18.031720430107526
12871.0,83,3,744.02,Occasional Customers,0,484,13,3,744.02,41.33444444444444
12872.0,326,12,3283.96,Occasional Customers,1,1642,217,12,3283.96,8.33492385786802
12873.0,281,3,2027.3,Occasional Customers,1,786,33,3,2027.3,57.92285714285714
12874.0,384,2,948.42,Inactive Customers,1,623,44,2,948.42,19.75875
12875.0,142,5,1356.99,Occasional Customers,0,5187,2,5,1356.99,169.62375
12876.0,57,4,4081.79,Occasional Customers,0,3047,117,4,4081.79,24.010529411764704
12877.0,3,20,2942.14,High-Value Loyal Customers,0,2237,149,20,2942.14,10.737737226277371
12878.0,235,2,854.99,Inactive Customers,1,547,38,2,854.99,18.191276595744682
12879.0,44,3,573.22,Recent Low-Value Customers,0,370,7,3,573.22,57.322
12880.0,381,2,640.13,Inactive Customers,1,279,32,2,640.13,17.781388888888888
12881.0,275,1,298.0,Inactive Customers,1,21,7,1,298.0,42.57142857142857
12882.0,8,2,1463.04,Recent Low-Value Customers,0,246,12,2,1463.04,112.54153846153847
12883.0,24,4,703.47,Recent Low-Value Customers,0,196,39,4,703.47,16.749285714285715
12884.0,87,1,309.05,Inactive Customers,0,43,7,1,309.05,44.15
12885.0,62,3,1175.22,Occasional Customers,0,655,66,3,1175.22,16.552394366197184
12886.0,67,2,1378.4,Recent Low-Value Customers,0,770,75,2,1378.4,16.809756097560978
12887.0,383,1,222.4,Inactive Customers,1,100,13,1,222.4,17.107692307692307
12888.0,213,2,354.12,Inactive Customers,1,76,4,2,354.12,70.824
12889.0,380,4,385.46000000000004,Inactive Customers,1,124,25,4,385.46000000000004,15.418400000000002
12890.0,23,2,706.02,Recent Low-Value Customers,0,457,124,2,706.02,5.229777777777778
12891.0,185,11,840.5,Occasional Customers,1,2325,2,11,840.5,76.4090909090909
12892.0,396,1,263.38,Inactive Customers,1,140,18,1,263.38,14.632222222222222
12893.0,30,1,176.55,Recent Low-Value Customers,0,90,27,1,176.55,5.695161290322581
12894.0,574,1,157.35,Inactive Customers,1,33,21,1,157.35,7.492857142857143
12895.0,41,2,372.8,Recent Low-Value Customers,0,210,22,2,372.8,16.945454545454545
12897.0,204,4,514.25,Occasional Customers,1,249,10,4,514.25,36.732142857142854
12898.0,463,2,296.21000000000004,Inactive Customers,1,235,27,2,296.21000000000004,10.970740740740743
12899.0,413,1,366.4,Inactive Customers,1,108,17,1,366.4,21.552941176470586
12900.0,421,1,340.33,Inactive Customers,1,139,13,1,340.33,26.179230769230767
12901.0,8,28,17654.54,High-Value Loyal Customers,0,23075,30,28,17654.54,152.19431034482758
12902.0,264,1,138.68,Inactive Customers,1,66,10,1,138.68,13.868
12903.0,428,1,833.53,Inactive Customers,1,493,41,1,833.53,20.33
12904.0,17,2,496.06,Recent Low-Value Customers,0,294,59,2,496.06,6.986760563380281
12905.0,576,2,1018.42,Inactive Customers,1,532,52,2,1018.42,18.85962962962963
12906.0,11,5,2919.81,Recent Low-Value Customers,0,1749,55,5,2919.81,46.34619047619047
12907.0,395,2,508.91,Inactive Customers,1,177,23,2,508.91,20.3564
12908.0,175,5,1776.0,Occasional Customers,0,3000,1,5,1776.0,355.2
12909.0,39,8,3103.19,Occasional Customers,0,1948,120,8,3103.19,19.640443037974684
12910.0,22,13,5796.52,High-Value Loyal Customers,0,3632,75,13,5796.52,42.31036496350365
12911.0,551,1,1651.72,Inactive Customers,1,807,220,1,1651.72,6.998813559322034
12912.0,2,5,1662.3,Recent Low-Value Customers,0,670,17,5,1662.3,69.2625
12913.0,4,13,6283.24,High-Value Loyal Customers,0,3086,52,13,6283.24,68.29608695652173
12914.0,400,1,223.98,Inactive Customers,1,336,9,1,223.98,24.886666666666667
12915.0,148,4,975.1,Occasional Customers,0,411,46,4,975.1,16.25166666666667
12916.0,138,7,4479.73,Occasional Customers,0,1681,82,7,4479.73,26.044941860465112
12917.0,127,6,4359.2,Occasional Customers,0,1104,45,6,4359.2,87.184
12918.0,625,1,10953.5,Occasional Customers,1,1,1,1,10953.5,10953.5
12919.0,7,6,1335.19,Recent Low-Value Customers,0,673,34,6,1335.19,26.7038
12920.0,16,4,486.64,Recent Low-Value Customers,0,420,59,4,486.64,8.248135593220338
12921.0,8,74,35233.24,High-Value Loyal Customers,0,21328,322,74,35233.24,23.504496330887257
12922.0,160,1,405.38,Inactive Customers,0,370,28,1,405.38,14.477857142857143
12923.0,63,3,770.42,Recent Low-Value Customers,0,230,54,3,770.42,12.840333333333332
12924.0,87,12,2469.4,Occasional Customers,0,1423,56,12,2469.4,33.37027027027027
12925.0,4,3,729.3299999999999,Recent Low-Value Customers,0,649,46,3,729.3299999999999,14.586599999999999
12926.0,410,4,1523.97,Occasional Customers,1,754,202,4,1523.97,5.816679389312977
12927.0,394,1,197.31,Inactive Customers,1,145,11,1,197.31,17.937272727272727
12928.0,34,12,4304.89,High-Value Loyal Customers,0,2899,94,12,4304.89,24.049664804469277
12929.0,311,1,117.85,Inactive Customers,1,37,8,1,117.85,14.73125
12930.0,77,2,415.8,Recent Low-Value Customers,0,252,20,2,415.8,16.632
12931.0,21,57,92347.34,High-Value Loyal Customers,0,62906,37,57,92347.34,423.61165137614677
12932.0,538,8,1698.56,Occasional Customers,1,1609,69,8,1698.56,17.87957894736842
12933.0,23,8,1636.6299999999999,Occasional Customers,0,949,227,8,1636.6299999999999,5.663079584775086
12934.0,736,1,181.65,Inactive Customers,1,31,2,1,181.65,90.825
12935.0,1,15,4243.86,High-Value Loyal Customers,0,3201,113,15,4243.86,16.70811023622047
12936.0,16,4,1063.9,Recent Low-Value Customers,0,559,56,4,1063.9,17.15967741935484
12937.0,14,9,3097.61,High-Value Loyal Customers,0,1983,128,9,3097.61,14.274700460829493
12938.0,25,1,114.14,Recent Low-Value Customers,0,140,9,1,114.14,12.682222222222222
12939.0,63,20,25264.8,High-Value Loyal Customers,0,10328,24,20,25264.8,293.7767441860465
12940.0,54,2,899.69,Recent Low-Value Customers,0,404,87,2,899.69,9.371770833333334
12941.0,723,1,377.49,Inactive Customers,1,381,27,1,377.49,13.981111111111112
12942.0,130,3,675.6,Occasional Customers,0,198,68,3,675.6,9.651428571428571
12943.0,557,2,496.5,Inactive Customers,1,222,22,2,496.5,19.86
12944.0,35,2,604.51,Recent Low-Value Customers,0,289,29,2,604.51,20.150333333333332
12945.0,287,2,900.11,Inactive Customers,1,446,47,2,900.11,17.64921568627451
12946.0,436,1,324.45,Inactive Customers,1,149,20,1,324.45,16.2225
12947.0,143,6,1603.99,Occasional Customers,0,1165,83,6,1603.99,16.535979381443298
12948.0,15,9,2317.43,High-Value Loyal Customers,0,1304,89,9,2317.43,18.53944
12949.0,30,22,15526.7,High-Value Loyal Customers,0,8233,347,22,15526.7,21.715664335664336
12950.0,1,3,1843.0,Recent Low-Value Customers,0,1380,13,3,1843.0,80.1304347826087
12951.0,8,15,3213.7200000000003,High-Value Loyal Customers,0,1662,110,15,3213.7200000000003,16.56556701030928
12952.0,5,4,1387.79,Recent Low-Value Customers,0,653,64,4,1387.79,17.566962025316457
12953.0,9,2,828.8100000000001,Recent Low-Value Customers,0,364,45,2,828.8100000000001,17.266875000000002
12954.0,638,1,162.45,Inactive Customers,1,83,10,1,162.45,16.244999999999997
12955.0,0,11,4757.16,High-Value Loyal Customers,0,3664,81,11,4757.16,26.428666666666665
12956.0,305,4,521.89,Occasional Customers,1,340,42,4,521.89,12.425952380952381
12957.0,9,13,8706.97,High-Value Loyal Customers,0,4686,402,13,8706.97,17.769326530612243
12958.0,399,2,467.34,Inactive Customers,1,118,45,2,467.34,9.537551020408163
12959.0,483,1,150.95,Inactive Customers,1,109,8,1,150.95,18.86875
12960.0,413,4,1322.07,Occasional Customers,1,1379,49,4,1322.07,18.886714285714284
12961.0,378,1,211.99,Inactive Customers,1,180,37,1,211.99,5.29975
12962.0,6,2,266.39,Recent Low-Value Customers,0,129,15,2,266.39,16.649375
12963.0,7,12,3235.79,High-Value Loyal Customers,0,1637,129,12,3235.79,18.596494252873562
12964.0,436,1,132.24,Inactive Customers,1,56,26,1,132.24,5.086153846153847
12965.0,88,1,769.8100000000001,Inactive Customers,0,282,108,1,769.8100000000001,7.1278703703703705
12966.0,9,1,160.18,Recent Low-Value Customers,0,75,10,1,160.18,16.018
12967.0,357,3,2938.52,Occasional Customers,1,912,47,3,2938.52,45.208
12968.0,111,1,135.95,Inactive Customers,0,73,5,1,135.95,27.189999999999998
12969.0,602,1,122.45,Inactive Customers,1,55,5,1,122.45,24.490000000000002
12970.0,6,10,1453.6,High-Value Loyal Customers,0,954,280,10,1453.6,4.213333333333333
12971.0,3,116,15704.6,High-Value Loyal Customers,0,14306,102,116,15704.6,38.586240786240786
12972.0,413,4,1161.2,Occasional Customers,1,844,69,4,1161.2,15.08051948051948
12973.0,413,1,385.55,Inactive Customers,1,31,6,1,385.55,64.25833333333334
12974.0,197,2,408.95,Inactive Customers,1,104,27,2,408.95,12.7796875
12975.0,436,6,2100.09,Occasional Customers,1,911,92,6,2100.09,18.750803571428573
12976.0,211,8,3156.38,Occasional Customers,1,2684,106,8,3156.38,20.495974025974025
12977.0,155,4,513.88,Occasional Customers,0,128,54,4,513.88,8.86
12978.0,384,5,2502.82,Occasional Customers,1,1394,126,5,2502.82,15.35472392638037
12979.0,728,1,517.7,Inactive Customers,1,520,56,1,517.7,9.244642857142859
12980.0,157,21,16245.78,High-Value Loyal Customers,0,1910,7,21,16245.78,312.4188461538462
12981.0,29,2,372.21999999999997,Recent Low-Value Customers,0,242,12,2,372.21999999999997,18.610999999999997
12982.0,242,8,2744.81,Occasional Customers,1,1729,139,8,2744.81,15.420280898876404
12983.0,597,1,490.08000000000004,Inactive Customers,1,638,30,1,490.08000000000004,16.336000000000002
12984.0,18,1,97.5,Recent Low-Value Customers,0,26,4,1,97.5,24.375
12985.0,0,2,1239.38,Recent Low-Value Customers,0,1533,73,2,1239.38,16.30763157894737
12986.0,428,10,2729.84,Occasional Customers,1,1164,61,10,2729.84,26.763137254901963
12987.0,73,5,1312.21,Occasional Customers,0,585,61,5,1312.21,19.881969696969698
12988.0,291,1,505.82,Inactive Customers,1,126,75,1,505.82,6.094216867469879
12989.0,2,33,13551.75,High-Value Loyal Customers,0,6935,50,33,13551.75,139.70876288659792
12990.0,30,7,955.5,Recent Low-Value Customers,0,480,9,7,955.5,35.388888888888886
12991.0,22,3,764.82,Recent Low-Value Customers,0,483,45,3,764.82,16.996000000000002
12992.0,724,1,93.35000000000001,Inactive Customers,1,21,6,1,93.35000000000001,15.558333333333335
12993.0,22,8,1259.6299999999999,Recent Low-Value Customers,0,751,57,8,1259.6299999999999,16.57407894736842
12994.0,3,3,974.4200000000001,Recent Low-Value Customers,0,459,52,3,974.4200000000001,15.97409836065574
12995.0,84,1,211.32,Inactive Customers,0,108,3,1,211.32,70.44
12996.0,375,1,355.5,Inactive Customers,1,122,22,1,355.5,16.15909090909091
12997.0,21,8,2110.91,High-Value Loyal Customers,0,1186,65,8,2110.91,19.728130841121494
12998.0,492,3,920.08,Occasional Customers,1,1124,58,3,920.08,15.86344827586207
12999.0,195,3,455.88,Inactive Customers,1,342,25,3,455.88,16.28142857142857
13000.0,106,4,1032.5,Occasional Customers,0,548,57,4,1032.5,16.653225806451612
13001.0,3,33,24042.65,High-Value Loyal Customers,0,13448,300,33,24042.65,23.687339901477834
13002.0,317,3,414.13,Inactive Customers,1,201,19,3,414.13,18.00565217391304
13003.0,105,3,149.05,Inactive Customers,0,103,4,3,149.05,24.84166666666667
13004.0,11,36,11650.85,High-Value Loyal Customers,0,8768,417,36,11650.85,14.295521472392638
13005.0,173,4,999.68,Occasional Customers,0,462,41,4,999.68,17.85142857142857
13006.0,55,1,81.57,Inactive Customers,0,55,4,1,81.57,20.3925
13007.0,579,1,175.25,Inactive Customers,1,59,11,1,175.25,15.931818181818182
13008.0,322,3,612.13,Inactive Customers,1,379,31,3,612.13,17.489428571428572
13009.0,672,1,234.0,Inactive Customers,1,120,4,1,234.0,58.5
13010.0,373,2,330.12,Inactive Customers,1,323,10,2,330.12,27.51
13011.0,371,1,50.550000000000004,Inactive Customers,1,13,3,1,50.550000000000004,16.85
13012.0,8,11,2957.83,High-Value Loyal Customers,0,1559,95,11,2957.83,19.33222222222222
13013.0,0,29,11097.43,High-Value Loyal Customers,0,5661,289,29,11097.43,22.787330595482548
13014.0,10,11,5381.08,High-Value Loyal Customers,0,1979,140,11,5381.08,24.02267857142857
13015.0,52,11,6579.78,High-Value Loyal Customers,0,3527,260,11,6579.78,18.907413793103448
13016.0,72,3,789.89,Recent Low-Value Customers,0,527,39,3,789.89,16.806170212765956
13017.0,6,1,204.0,Recent Low-Value Customers,0,48,1,1,204.0,204.0
13018.0,15,35,9763.16,High-Value Loyal Customers,0,6746,401,35,9763.16,16.190978441127694
13019.0,378,6,1229.95,Occasional Customers,1,397,46,6,1229.95,22.362727272727273
13020.0,562,2,618.96,Inactive Customers,1,278,38,2,618.96,15.870769230769232
13021.0,3,17,4887.24,High-Value Loyal Customers,0,2546,166,17,4887.24,19.016498054474706
13022.0,429,1,65.3,Inactive Customers,1,35,5,1,65.3,13.059999999999999
13023.0,63,3,1449.03,Occasional Customers,0,585,69,3,1449.03,19.066184210526316
13024.0,470,2,555.87,Inactive Customers,1,181,26,2,555.87,17.931290322580644
13025.0,731,1,323.39,Inactive Customers,1,241,13,1,323.39,24.876153846153844
13026.0,0,9,1733.08,High-Value Loyal Customers,0,2466,52,9,1733.08,21.13512195121951
13027.0,113,19,17239.2,High-Value Loyal Customers,0,42840,7,19,17239.2,202.81411764705882
13028.0,22,2,661.3199999999999,Recent Low-Value Customers,0,798,40,2,661.3199999999999,14.695999999999998
13029.0,30,5,1927.3,Occasional Customers,0,194,13,5,1927.3,113.37058823529412
13030.0,10,2,752.4399999999999,Recent Low-Value Customers,0,348,76,2,752.4399999999999,8.178695652173912
13031.0,406,5,3292.84,Occasional Customers,1,2309,275,5,3292.84,8.090515970515971
13032.0,51,9,2815.96,Occasional Customers,0,1274,147,9,2815.96,13.603671497584541
13033.0,356,2,220.55,Inactive Customers,1,98,12,2,220.55,16.965384615384615
13034.0,54,3,756.82,Recent Low-Value Customers,0,406,42,3,756.82,17.200454545454548
13035.0,73,3,1364.2,Occasional Customers,0,926,27,3,1364.2,32.48095238095238
13036.0,684,1,307.1,Inactive Customers,1,38,6,1,307.1,51.18333333333334
13037.0,137,12,3914.9500000000003,Occasional Customers,0,2130,181,12,3914.9500000000003,16.87478448275862
13038.0,79,3,908.46,Occasional Customers,0,360,24,3,908.46,32.445
13039.0,583,4,1010.73,Occasional Customers,1,290,37,4,1010.73,18.37690909090909
13040.0,8,2,676.99,Recent Low-Value Customers,0,355,38,2,676.99,15.743953488372092
13041.0,450,4,799.13,Occasional Customers,1,335,23,4,799.13,22.832285714285714
13042.0,597,3,1488.59,Occasional Customers,1,812,164,3,1488.59,8.09016304347826
13043.0,272,1,516.42,Inactive Customers,1,254,13,1,516.42,39.72461538461538
13044.0,290,11,4848.05,Occasional Customers,1,2548,356,11,4848.05,11.653966346153847
13045.0,98,3,808.92,Occasional Customers,0,405,41,3,808.92,17.976
13046.0,30,3,949.25,Recent Low-Value Customers,0,505,50,3,949.25,16.950892857142858
13047.0,31,24,8428.53,High-Value Loyal Customers,0,3328,190,24,8428.53,22.297698412698413
13048.0,13,9,4049.13,High-Value Loyal Customers,0,2661,125,9,4049.13,15.279735849056603
13049.0,63,4,1408.24,Occasional Customers,0,620,19,4,1408.24,54.16307692307692
13050.0,14,35,11986.52,High-Value Loyal Customers,0,7015,513,35,11986.52,12.181422764227642
13051.0,578,2,155.8,Inactive Customers,1,72,4,2,155.8,38.95
13052.0,211,7,3119.33,Occasional Customers,1,1424,161,7,3119.33,12.577943548387097
13053.0,621,1,127.65,Inactive Customers,1,47,17,1,127.65,7.508823529411765
13055.0,77,4,2321.11,Occasional Customers,0,1821,145,4,2321.11,15.072142857142858
13056.0,550,1,209.48,Inactive Customers,1,158,18,1,209.48,11.025263157894736
13057.0,529,3,709.59,Inactive Customers,1,456,34,3,709.59,17.73975
13058.0,24,3,271.40000000000003,Recent Low-Value Customers,0,52,5,3,271.40000000000003,33.925000000000004
13059.0,249,10,2291.77,Occasional Customers,1,860,155,10,2291.77,11.574595959595959
13060.0,253,1,307.53,Inactive Customers,1,123,15,1,307.53,20.502
13061.0,71,1,248.61,Inactive Customers,0,107,10,1,248.61,24.861
13062.0,190,1,346.98,Inactive Customers,1,343,11,1,346.98,31.543636363636367
13063.0,480,1,188.4,Inactive Customers,1,116,12,1,188.4,15.700000000000001
13064.0,12,6,1666.8400000000001,Recent Low-Value Customers,0,668,58,6,1666.8400000000001,17.923010752688175
13065.0,372,5,1055.05,Occasional Customers,1,381,49,5,1055.05,17.016935483870967
13066.0,23,2,470.8,Recent Low-Value Customers,0,322,48,2,470.8,9.808333333333334
13067.0,81,3,508.51,Recent Low-Value Customers,0,131,24,3,508.51,15.8909375
13068.0,9,2,344.0,Recent Low-Value Customers,0,200,1,2,344.0,172.0
13069.0,0,38,9284.45,High-Value Loyal Customers,0,15171,573,38,9284.45,8.944556840077071
13070.0,191,4,751.7,Occasional Customers,1,372,12,4,751.7,22.77878787878788
13071.0,611,1,129.22,Inactive Customers,1,30,12,1,129.22,10.768333333333333
13072.0,266,1,177.15,Inactive Customers,1,69,7,1,177.15,25.307142857142857
13073.0,410,2,418.08,Inactive Customers,1,261,25,2,418.08,15.484444444444444
13074.0,510,4,1378.74,Occasional Customers,1,826,26,4,1378.74,47.54275862068965
13075.0,129,1,919.61,Inactive Customers,0,485,22,1,919.61,41.80045454545455
13076.0,457,1,135.4,Inactive Customers,1,44,9,1,135.4,15.044444444444444
13077.0,0,11,2740.65,High-Value Loyal Customers,0,2468,208,11,2740.65,8.305
13078.0,2,57,29018.06,High-Value Loyal Customers,0,12032,153,57,29018.06,36.685284450063214
13079.0,3,6,419.18,Recent Low-Value Customers,0,158,11,6,419.18,24.657647058823528
13080.0,178,4,280.73,Inactive Customers,0,193,17,4,280.73,14.775263157894738
13081.0,11,28,56838.37,High-Value Loyal Customers,0,40077,738,28,56838.37,24.929109649122807
13082.0,125,21,7335.75,High-Value Loyal Customers,0,8466,99,21,7335.75,56.866279069767444
13083.0,3,3,395.43,Recent Low-Value Customers,0,307,19,3,395.43,17.974090909090908
13084.0,491,1,122.39999999999999,Inactive Customers,1,144,2,1,122.39999999999999,61.199999999999996
13085.0,157,8,2433.28,Occasional Customers,0,944,50,8,2433.28,28.96761904761905
13086.0,382,1,439.33000000000004,Inactive Customers,1,155,47,1,439.33000000000004,9.34744680851064
13087.0,725,1,313.64,Inactive Customers,1,86,15,1,313.64,20.909333333333333
13088.0,416,1,236.11,Inactive Customers,1,76,19,1,236.11,11.8055
13089.0,2,203,113416.91,High-Value Loyal Customers,0,58932,857,203,113416.91,34.21324585218703
13090.0,8,24,13091.74,High-Value Loyal Customers,0,3247,163,24,13091.74,47.78007299270073
13091.0,27,3,2321.82,Recent Low-Value Customers,0,1339,41,3,2321.82,51.596000000000004
13092.0,70,12,2140.28,Occasional Customers,0,664,52,12,2140.28,20.38361904761905
13093.0,275,55,54144.25,High-Value Loyal Customers,1,25971,199,55,54144.25,52.212391513982645
13094.0,20,13,2209.44,High-Value Loyal Customers,0,1896,5,13,2209.44,76.18758620689655
13095.0,70,1,74.39999999999999,Inactive Customers,0,144,6,1,74.39999999999999,12.399999999999999
13096.0,393,1,419.70000000000005,Inactive Customers,1,6,1,1,419.70000000000005,419.70000000000005
13097.0,32,28,13324.1,High-Value Loyal Customers,0,5345,390,28,13324.1,13.271015936254981
13098.0,0,28,28882.44,High-Value Loyal Customers,0,15968,156,28,28882.44,50.49377622377622
13099.0,98,1,207.35999999999999,Inactive Customers,0,288,1,1,207.35999999999999,207.35999999999999
13101.0,233,4,695.4,Occasional Customers,1,478,48,4,695.4,13.635294117647058
13102.0,0,37,11380.1,High-Value Loyal Customers,0,6366,212,37,11380.1,23.65925155925156
13103.0,39,3,709.64,Recent Low-Value Customers,0,426,27,3,709.64,21.504242424242424
13104.0,2,9,1709.1,High-Value Loyal Customers,0,834,15,9,1709.1,56.97
13105.0,435,1,72.0,Inactive Customers,1,100,1,1,72.0,72.0
13106.0,132,2,603.46,Inactive Customers,0,231,15,2,603.46,37.71625
13107.0,43,9,5253.07,High-Value Loyal Customers,0,4316,142,9,5253.07,29.511629213483143
13108.0,372,2,748.46,Inactive Customers,1,745,27,2,748.46,21.38457142857143
13109.0,59,3,1134.03,Recent Low-Value Customers,0,757,57,3,1134.03,16.20042857142857
13110.0,30,12,2957.4700000000003,High-Value Loyal Customers,0,763,167,12,2957.4700000000003,11.735992063492064
13111.0,718,1,321.88000000000005,Inactive Customers,1,180,12,1,321.88000000000005,26.823333333333338
13112.0,540,1,20.6,Inactive Customers,1,11,2,1,20.6,10.3
13113.0,0,37,18230.07,High-Value Loyal Customers,0,4435,166,37,18230.07,48.355623342175065
13114.0,730,1,234.38,Inactive Customers,1,74,16,1,234.38,14.64875
13115.0,11,10,5494.7,High-Value Loyal Customers,0,3934,178,10,5494.7,17.49904458598726
13116.0,137,1,501.14,Inactive Customers,0,291,30,1,501.14,16.704666666666665
13117.0,21,18,2255.66,High-Value Loyal Customers,0,1852,122,18,2255.66,13.923827160493826
13118.0,19,9,2415.41,High-Value Loyal Customers,0,834,111,9,2415.41,16.320337837837837
13119.0,668,1,134.9,Inactive Customers,1,110,11,1,134.9,12.263636363636364
13120.0,238,1,30.599999999999998,Inactive Customers,1,12,1,1,30.599999999999998,30.599999999999998
13121.0,268,1,283.73,Inactive Customers,1,252,50,1,283.73,5.674600000000001
13122.0,93,2,922.39,Occasional Customers,0,585,54,2,922.39,16.77072727272727
13123.0,472,2,506.75,Inactive Customers,1,268,36,2,506.75,11.261111111111111
13124.0,89,4,4641.66,Occasional Customers,0,2738,216,4,4641.66,16.401625441696112
13125.0,523,1,148.62,Inactive Customers,1,53,20,1,148.62,7.431
13126.0,4,13,3774.81,High-Value Loyal Customers,0,3289,183,13,3774.81,15.860546218487395
13127.0,77,1,259.17,Inactive Customers,0,127,15,1,259.17,17.278000000000002
13128.0,630,1,263.5,Inactive Customers,1,31,1,1,263.5,263.5
13129.0,451,2,233.25,Inactive Customers,1,296,10,2,233.25,21.204545454545453
13130.0,93,1,64.0,Inactive Customers,0,32,2,1,64.0,32.0
13131.0,22,7,3313.77,High-Value Loyal Customers,0,1523,107,7,3313.77,22.24006711409396
13132.0,261,1,77.3,Inactive Customers,1,20,3,1,77.3,25.766666666666666
13133.0,273,3,200.45000000000002,Inactive Customers,1,55,12,3,200.45000000000002,16.70416666666667
13134.0,85,6,2475.23,Occasional Customers,0,1364,110,6,2475.23,20.456446280991734
13135.0,196,2,3371.45,Occasional Customers,1,4423,18,2,3371.45,187.30277777777778
13136.0,55,13,6274.56,High-Value Loyal Customers,0,3109,204,13,6274.56,19.919238095238097
13137.0,10,16,7586.94,High-Value Loyal Customers,0,4238,628,16,7586.94,5.442568149210904
13138.0,21,7,1274.01,Recent Low-Value Customers,0,593,41,7,1274.01,14.98835294117647
13139.0,15,8,8202.98,High-Value Loyal Customers,0,4614,214,8,8202.98,30.954641509433962
13140.0,107,5,1054.92,Occasional Customers,0,572,89,5,1054.92,10.046857142857144
13141.0,84,17,7656.08,High-Value Loyal Customers,0,5159,285,17,7656.08,18.056792452830187
13142.0,18,1,307.09,Recent Low-Value Customers,0,258,23,1,307.09,13.351739130434781
13143.0,584,1,405.1,Inactive Customers,1,198,23,1,405.1,17.61304347826087
13144.0,332,2,135.35,Inactive Customers,1,29,6,2,135.35,22.558333333333334
13145.0,39,7,1128.52,Occasional Customers,0,265,5,7,1128.52,125.39111111111112
13146.0,25,1,228.91,Recent Low-Value Customers,0,154,16,1,228.91,13.465294117647058
13147.0,9,4,712.8000000000001,Recent Low-Value Customers,0,144,1,4,712.8000000000001,178.20000000000002
13148.0,28,26,8497.82,High-Value Loyal Customers,0,4487,451,26,8497.82,11.13737876802097
13149.0,13,4,1676.06,Recent Low-Value Customers,0,1280,76,4,1676.06,19.48906976744186
13150.0,483,3,449.96999999999997,Inactive Customers,1,171,7,3,449.96999999999997,56.246249999999996
13151.0,295,3,2465.21,Occasional Customers,1,813,131,3,2465.21,15.602594936708861
13152.0,416,7,2146.38,Occasional Customers,1,977,114,7,2146.38,15.899111111111113
13153.0,5,1,486.22,Recent Low-Value Customers,0,418,15,1,486.22,32.41466666666667
13154.0,398,3,1624.84,Occasional Customers,1,976,78,3,1624.84,17.471397849462363
13155.0,32,6,1370.48,Occasional Customers,0,741,79,6,1370.48,12.236428571428572
13156.0,384,3,1586.54,Occasional Customers,1,914,94,3,1586.54,15.255192307692308
13157.0,48,9,5687.36,High-Value Loyal Customers,0,4762,173,9,5687.36,22.658804780876494
13158.0,94,5,1508.18,Occasional Customers,0,992,70,5,1508.18,15.081800000000001
13159.0,8,4,1429.35,Recent Low-Value Customers,0,1058,114,4,1429.35,11.911249999999999
13160.0,21,1,91.8,Recent Low-Value Customers,0,56,4,1,91.8,22.95
13161.0,312,2,472.13,Inactive Customers,1,105,30,2,472.13,14.306969696969697
13162.0,121,16,9275.49,High-Value Loyal Customers,0,5755,186,16,9275.49,38.972647058823526
13163.0,609,1,17.65,Inactive Customers,1,3,2,1,17.65,8.825
13164.0,568,2,372.2,Inactive Customers,1,120,7,2,372.2,37.22
13165.0,45,3,1451.16,Recent Low-Value Customers,0,1736,47,3,1451.16,29.615510204081634
13166.0,282,2,875.93,Inactive Customers,1,522,55,2,875.93,12.881323529411764
13167.0,18,5,1125.15,Recent Low-Value Customers,0,1007,64,5,1125.15,13.890740740740743
13168.0,35,5,1840.73,Occasional Customers,0,898,127,5,1840.73,10.640057803468208
13169.0,63,3,840.08,Recent Low-Value Customers,0,296,16,3,840.08,46.67111111111112
13170.0,26,1,108.81,Recent Low-Value Customers,0,141,29,1,108.81,3.6270000000000002
13171.0,21,3,468.41,Recent Low-Value Customers,0,229,37,3,468.41,10.182826086956522
13172.0,399,1,69.6,Inactive Customers,1,48,1,1,69.6,69.6
13173.0,3,11,2399.82,High-Value Loyal Customers,0,1481,160,11,2399.82,11.110277777777778
13174.0,15,12,7995.36,High-Value Loyal Customers,0,3794,602,12,7995.36,8.523837953091684
13175.0,581,2,831.45,Inactive Customers,1,423,40,2,831.45,18.075
13176.0,45,1,481.49,Recent Low-Value Customers,0,448,66,1,481.49,7.186417910447761
13177.0,64,2,512.2,Recent Low-Value Customers,0,180,23,2,512.2,17.073333333333334
13178.0,25,21,14059.19,High-Value Loyal Customers,0,8778,194,21,14059.19,20.46461426491994
13179.0,618,1,572.3100000000001,Inactive Customers,1,368,34,1,572.3100000000001,16.832647058823532
13180.0,606,1,86.10000000000001,Inactive Customers,1,42,4,1,86.10000000000001,21.525000000000002
13181.0,380,1,359.69,Inactive Customers,1,171,19,1,359.69,18.931052631578947
13182.0,44,1,121.18,Inactive Customers,0,201,11,1,121.18,11.016363636363637
13183.0,7,15,7036.18,High-Value Loyal Customers,0,4027,64,15,7036.18,45.10371794871795
13184.0,14,10,1668.95,High-Value Loyal Customers,0,1662,138,10,1668.95,9.323743016759776
13185.0,267,1,71.4,Inactive Customers,1,12,1,1,71.4,71.4
13186.0,39,3,1575.89,Recent Low-Value Customers,0,820,69,3,1575.89,19.947974683544306
13187.0,336,4,341.36,Inactive Customers,1,296,51,4,341.36,6.095714285714286
13188.0,10,1,114.60000000000001,Recent Low-Value Customers,0,25,2,1,114.60000000000001,57.300000000000004
13189.0,18,2,260.68,Recent Low-Value Customers,0,842,29,2,260.68,8.988965517241379
13190.0,543,3,570.66,Inactive Customers,1,308,16,3,570.66,33.56823529411764
13191.0,657,1,164.69,Inactive Customers,1,115,58,1,164.69,2.79135593220339
13192.0,94,6,2558.58,Occasional Customers,0,1629,135,6,2558.58,15.793703703703704
13193.0,60,1,112.08,Inactive Customers,0,46,22,1,112.08,4.4832
13194.0,135,2,472.78,Inactive Customers,0,326,10,2,472.78,47.278
13195.0,413,1,136.73,Inactive Customers,1,70,43,1,136.73,2.972391304347826
13196.0,10,7,3068.84,High-Value Loyal Customers,0,2006,141,7,3068.84,16.323617021276597
13197.0,609,1,373.01000000000005,Inactive Customers,1,204,19,1,373.01000000000005,19.632105263157897
13198.0,9,8,4974.2300000000005,High-Value Loyal Customers,0,3449,265,8,4974.2300000000005,15.841496815286625
13199.0,3,67,15964.210000000001,High-Value Loyal Customers,0,11567,61,67,15964.210000000001,78.64142857142858
13200.0,18,4,870.09,Recent Low-Value Customers,0,516,42,4,870.09,18.915
13201.0,501,4,1233.06,Occasional Customers,1,1036,65,4,1233.06,14.337906976744186
13202.0,393,7,1580.3,Occasional Customers,1,572,55,7,1580.3,22.902898550724636
13203.0,9,10,2648.25,High-Value Loyal Customers,0,2413,158,10,2648.25,15.670118343195266
13204.0,730,1,966.6600000000001,Inactive Customers,1,428,57,1,966.6600000000001,16.958947368421054
13205.0,442,1,2803.2,Occasional Customers,1,256,1,1,2803.2,2803.2
13206.0,399,13,8308.19,Occasional Customers,1,7086,393,13,8308.19,14.678780918727917
13207.0,14,4,535.86,Recent Low-Value Customers,0,178,10,4,535.86,41.22
13208.0,58,9,1976.3,Occasional Customers,0,1343,198,9,1976.3,7.842460317460318
13209.0,29,13,8509.51,High-Value Loyal Customers,0,5781,284,13,8509.51,23.25002732240437
13210.0,93,1,353.48,Inactive Customers,0,316,22,1,353.48,16.067272727272726
13211.0,9,10,2618.77,High-Value Loyal Customers,0,1845,98,10,2618.77,13.028706467661692
13212.0,19,3,786.83,Recent Low-Value Customers,0,309,128,3,786.83,5.580354609929079
13213.0,56,11,3851.52,High-Value Loyal Customers,0,2962,181,11,3851.52,18.88
13214.0,417,7,3264.23,Occasional Customers,1,2966,207,7,3264.23,14.254279475982532
13215.0,401,1,81.6,Inactive Customers,1,96,1,1,81.6,81.6
13216.0,267,1,333.74,Inactive Customers,1,297,5,1,333.74,66.748
13217.0,121,4,666.48,Occasional Customers,0,512,3,4,666.48,133.296
13218.0,126,1,62.63999999999999,Inactive Customers,0,88,5,1,62.63999999999999,12.527999999999999
13219.0,617,1,76.23,Inactive Customers,1,11,11,1,76.23,6.930000000000001
13220.0,77,5,1336.0900000000001,Occasional Customers,0,396,46,5,1336.0900000000001,25.20924528301887
13221.0,239,2,847.41,Inactive Customers,1,244,62,2,847.41,12.839545454545455
13222.0,576,1,88.5,Inactive Customers,1,30,1,1,88.5,88.5
13223.0,199,6,969.1200000000001,Occasional Customers,1,568,8,6,969.1200000000001,74.54769230769232
13224.0,59,2,2155.95,Occasional Customers,0,1518,101,2,2155.95,19.9625
13225.0,2,16,16260.07,High-Value Loyal Customers,0,7401,60,16,16260.07,130.08056
13226.0,272,2,312.46,Inactive Customers,1,179,28,2,312.46,11.159285714285714
13227.0,201,1,257.7,Inactive Customers,1,99,9,1,257.7,28.633333333333333
13228.0,80,1,358.0,Inactive Customers,0,200,2,1,358.0,179.0
13229.0,225,1,160.95,Inactive Customers,1,63,10,1,160.95,16.095
13230.0,3,30,6120.01,High-Value Loyal Customers,0,3520,653,30,6120.01,4.892094324540368
13232.0,12,7,1328.35,Recent Low-Value Customers,0,773,147,7,1328.35,6.575990099009901
13233.0,73,4,1176.46,Occasional Customers,0,1604,74,4,1176.46,15.479736842105263
13234.0,672,2,346.5,Inactive Customers,1,159,56,2,346.5,5.680327868852459
13235.0,211,1,1031.07,Inactive Customers,1,441,53,1,1031.07,17.77706896551724
13236.0,24,2,744.85,Recent Low-Value Customers,0,416,34,2,744.85,20.69027777777778
13237.0,387,1,643.0,Inactive Customers,1,128,24,1,643.0,26.791666666666668
13238.0,16,6,1006.63,Recent Low-Value Customers,0,442,24,6,1006.63,21.417659574468086
13239.0,261,5,1594.69,Occasional Customers,1,1151,86,5,1594.69,17.14720430107527
13240.0,95,8,1475.79,Occasional Customers,0,709,160,8,1475.79,7.342238805970149
13241.0,411,1,112.53,Inactive Customers,1,46,40,1,112.53,2.81325
13242.0,111,7,699.4,Occasional Customers,0,350,19,7,699.4,19.982857142857142
13243.0,202,5,1220.38,Occasional Customers,1,554,165,5,1220.38,5.953073170731708
13244.0,92,1,121.74000000000001,Inactive Customers,0,38,27,1,121.74000000000001,4.508888888888889
13245.0,50,2,989.22,Recent Low-Value Customers,0,371,43,2,989.22,21.982666666666667
13246.0,17,11,3351.75,High-Value Loyal Customers,0,2796,229,11,3351.75,9.034366576819407
13247.0,17,4,501.12,Recent Low-Value Customers,0,328,18,4,501.12,20.0448
13248.0,124,2,465.68,Inactive Customers,0,305,25,2,465.68,17.91076923076923
13249.0,91,9,1608.93,Occasional Customers,0,1246,21,9,1608.93,45.96942857142857
13250.0,460,2,253.09,Inactive Customers,1,107,17,2,253.09,13.320526315789474
13251.0,401,1,252.68,Inactive Customers,1,215,25,1,252.68,10.1072
13252.0,393,2,399.3,Inactive Customers,1,134,19,2,399.3,21.01578947368421
13253.0,156,4,2951.11,Occasional Customers,0,3015,73,4,2951.11,39.34813333333334
13254.0,375,1,51.410000000000004,Inactive Customers,1,43,4,1,51.410000000000004,12.852500000000001
13255.0,8,3,678.76,Recent Low-Value Customers,0,407,26,3,678.76,26.106153846153845
13257.0,435,1,149.75,Inactive Customers,1,33,7,1,149.75,21.392857142857142
13258.0,11,5,1009.43,Recent Low-Value Customers,0,446,29,5,1009.43,22.94159090909091
13259.0,61,9,1402.54,Occasional Customers,0,503,234,9,1402.54,4.480958466453674
13260.0,60,1,557.62,Recent Low-Value Customers,0,142,8,1,557.62,69.7025
13261.0,268,2,944.1,Inactive Customers,1,210,8,2,944.1,104.9
13262.0,262,3,573.45,Inactive Customers,1,247,48,3,573.45,11.469000000000001
13263.0,0,39,8676.2,High-Value Loyal Customers,0,5372,507,39,8676.2,4.554435695538058
13264.0,442,1,722.5600000000001,Inactive Customers,1,375,38,1,722.5600000000001,19.014736842105265
13265.0,52,5,2092.66,Occasional Customers,0,1740,66,5,2092.66,23.251777777777775
13266.0,10,19,6135.04,High-Value Loyal Customers,0,6837,154,19,6135.04,19.98384364820847
13267.0,2,36,9429.81,High-Value Loyal Customers,0,3959,152,36,9429.81,22.943576642335763
13268.0,17,11,3174.75,High-Value Loyal Customers,0,3624,257,11,3174.75,7.331986143187067
13269.0,0,28,8537.32,High-Value Loyal Customers,0,6366,238,28,8537.32,17.566502057613167
13270.0,365,1,590.0,Inactive Customers,1,200,1,1,590.0,590.0
13271.0,36,1,211.49,Recent Low-Value Customers,0,240,79,1,211.49,2.430919540229885
13272.0,30,2,276.56,Recent Low-Value Customers,0,96,15,2,276.56,18.437333333333335
13273.0,112,1,138.98,Inactive Customers,0,153,16,1,138.98,8.68625
13274.0,408,1,360.85,Inactive Customers,1,199,19,1,360.85,18.992105263157896
13275.0,383,2,238.86,Inactive Customers,1,138,48,2,238.86,4.97625
13276.0,63,5,1891.91,Occasional Customers,0,840,209,5,1891.91,7.915941422594143
13277.0,15,7,523.3,Recent Low-Value Customers,0,382,10,7,523.3,22.752173913043475
13278.0,40,4,1435.85,Recent Low-Value Customers,0,1358,80,4,1435.85,13.294907407407406
13279.0,77,1,137.75,Inactive Customers,0,73,9,1,137.75,15.305555555555555
13280.0,121,7,2293.33,Occasional Customers,0,1489,159,7,2293.33,11.186975609756097
13281.0,438,1,350.85,Inactive Customers,1,201,22,1,350.85,15.947727272727274
13282.0,17,4,1313.19,Recent Low-Value Customers,0,410,42,4,1313.19,25.748823529411766
13283.0,59,4,373.36,Recent Low-Value Customers,0,204,19,4,373.36,18.668
13284.0,330,1,201.19,Inactive Customers,1,91,13,1,201.19,15.476153846153846
13285.0,22,6,3364.59,High-Value Loyal Customers,0,2457,182,6,3364.59,14.565324675324677
13286.0,599,1,734.91,Inactive Customers,1,274,46,1,734.91,14.998163265306122
13287.0,602,3,781.59,Inactive Customers,1,429,46,3,781.59,14.746981132075472
13288.0,442,5,927.61,Occasional Customers,1,379,7,5,927.61,92.761
13289.0,723,1,307.95,Inactive Customers,1,119,16,1,307.95,19.246875
13290.0,437,1,208.63,Inactive Customers,1,1,1,1,208.63,208.63
13291.0,155,11,3270.79,Occasional Customers,0,1600,155,11,3270.79,10.285503144654088
13292.0,38,5,994.51,Recent Low-Value Customers,0,530,55,5,994.51,16.856101694915253
13293.0,391,6,1192.94,Occasional Customers,1,555,51,6,1192.94,16.56861111111111
13294.0,189,3,1689.53,Occasional Customers,1,996,93,3,1689.53,16.564019607843136
13295.0,359,4,1101.97,Occasional Customers,1,733,56,4,1101.97,16.44731343283582
13296.0,136,6,792.51,Occasional Customers,0,653,50,6,792.51,14.953018867924529
13297.0,7,7,4368.62,High-Value Loyal Customers,0,2694,108,7,4368.62,35.51723577235772
13298.0,0,1,360.0,Recent Low-Value Customers,0,96,2,1,360.0,180.0
13299.0,267,3,1218.7,Occasional Customers,1,416,56,3,1218.7,19.656451612903226
13300.0,168,3,1285.51,Occasional Customers,0,455,44,3,1285.51,23.37290909090909
13301.0,103,4,618.09,Occasional Customers,0,345,75,4,618.09,7.630740740740741
13302.0,154,2,159.2,Inactive Customers,0,12,3,2,159.2,53.06666666666666
13303.0,399,1,61.72,Inactive Customers,1,26,4,1,61.72,15.43
13304.0,350,4,1217.99,Occasional Customers,1,716,59,4,1217.99,15.61525641025641
13305.0,3,16,3616.41,High-Value Loyal Customers,0,2228,153,16,3616.41,18.08205
13306.0,429,1,53.65,Inactive Customers,1,74,4,1,53.65,13.4125
13307.0,119,3,273.34,Inactive Customers,0,140,15,3,273.34,18.222666666666665
13308.0,22,4,1670.3700000000001,Recent Low-Value Customers,0,1073,65,4,1670.3700000000001,23.526338028169015
13309.0,6,6,1706.3700000000001,Recent Low-Value Customers,0,1914,95,6,1706.3700000000001,13.125923076923078
13310.0,27,5,1541.2,Recent Low-Value Customers,0,816,80,5,1541.2,16.223157894736843
13311.0,3,2,598.57,Recent Low-Value Customers,0,305,25,2,598.57,23.02192307692308
13312.0,450,1,124.75,Inactive Customers,1,41,5,1,124.75,24.95
13313.0,21,12,3445.32,High-Value Loyal Customers,0,2308,105,12,3445.32,18.424171122994654
13314.0,1,3,775.94,Recent Low-Value Customers,0,560,55,3,775.94,12.515161290322581
13315.0,688,1,310.26,Inactive Customers,1,232,22,1,310.26,14.102727272727272
13316.0,36,10,12940.82,High-Value Loyal Customers,0,19931,115,10,12940.82,74.80242774566474
13317.0,65,19,6486.091,High-Value Loyal Customers,0,3149,222,19,6486.091,18.854915697674418
13318.0,0,3,640.76,Recent Low-Value Customers,0,304,14,3,640.76,32.038
13319.0,4,58,21323.22,High-Value Loyal Customers,0,8974,345,58,21323.22,23.10208017334778
13320.0,77,6,2211.6,Occasional Customers,0,1509,98,6,2211.6,14.842953020134228
13321.0,71,2,567.36,Recent Low-Value Customers,0,372,10,2,567.36,51.57818181818182
13322.0,16,1,199.48000000000002,Recent Low-Value Customers,0,117,25,1,199.48000000000002,7.9792000000000005
13323.0,2,5,787.85,Recent Low-Value Customers,0,175,6,5,787.85,37.516666666666666
13324.0,35,18,10513.47,High-Value Loyal Customers,0,8448,36,18,10513.47,79.6475
13325.0,81,1,675.3,Inactive Customers,0,240,12,1,675.3,56.275
13326.0,431,1,281.76,Inactive Customers,1,140,13,1,281.76,21.673846153846153
13327.0,38,20,9134.48,High-Value Loyal Customers,0,4203,175,20,9134.48,28.45632398753894
13328.0,315,1,1308.48,Inactive Customers,1,680,17,1,1308.48,76.96941176470588
13329.0,31,8,4808.77,High-Value Loyal Customers,0,3311,68,8,4808.77,40.752288135593226
13330.0,92,6,2796.1,Occasional Customers,0,1951,80,6,2796.1,23.898290598290597
13331.0,401,1,262.4,Inactive Customers,1,54,12,1,262.4,21.866666666666664
13332.0,13,1,350.9,Recent Low-Value Customers,0,179,21,1,350.9,16.70952380952381
13333.0,410,3,1015.74,Occasional Customers,1,685,54,3,1015.74,18.468
13334.0,81,5,6201.8,Occasional Customers,0,3198,307,5,6201.8,13.083966244725739
13336.0,76,1,795.12,Recent Low-Value Customers,0,559,51,1,795.12,15.590588235294117
13337.0,545,1,1575.26,Inactive Customers,1,980,87,1,1575.26,18.106436781609194
13338.0,157,4,2445.62,Occasional Customers,0,1151,113,4,2445.62,19.10640625
13339.0,200,1,860.12,Inactive Customers,1,326,54,1,860.12,15.928148148148148
13340.0,44,12,22100.56,High-Value Loyal Customers,0,9636,190,12,22100.56,102.79330232558141
13341.0,260,1,775.85,Inactive Customers,1,301,42,1,775.85,18.472619047619048
13343.0,177,1,353.43,Inactive Customers,0,135,19,1,353.43,18.60157894736842
13344.0,67,3,2511.69,Occasional Customers,0,952,115,3,2511.69,21.6525
13345.0,287,1,389.5,Inactive Customers,1,141,20,1,389.5,19.475
13346.0,462,6,299.4,Inactive Customers,1,180,4,6,299.4,49.9
13347.0,69,1,341.36,Inactive Customers,0,205,8,1,341.36,42.67
13348.0,63,1,233.76,Inactive Customers,0,136,14,1,233.76,16.697142857142858
13349.0,10,1,247.32,Recent Low-Value Customers,0,225,16,1,247.32,15.4575
13350.0,15,2,979.12,Recent Low-Value Customers,0,287,36,2,979.12,24.478
13351.0,65,1,373.94,Inactive Customers,0,117,16,1,373.94,23.37125
13352.0,59,1,397.97999999999996,Recent Low-Value Customers,0,321,24,1,397.97999999999996,16.5825
13354.0,70,1,743.53,Recent Low-Value Customers,0,604,51,1,743.53,14.579019607843136
13355.0,121,1,674.7,Inactive Customers,0,314,32,1,674.7,21.084375
13356.0,79,1,768.24,Recent Low-Value Customers,0,325,42,1,768.24,18.291428571428572
13357.0,256,5,3805.5099999999998,Occasional Customers,1,2112,284,5,3805.5099999999998,9.658654822335025
13358.0,268,1,439.03,Inactive Customers,1,285,29,1,439.03,15.138965517241378
13359.0,63,2,1043.31,Recent Low-Value Customers,0,381,52,2,1043.31,18.630535714285713
13360.0,431,4,1553.65,Occasional Customers,1,942,58,4,1553.65,23.540151515151518
13361.0,471,2,1450.5,Occasional Customers,1,324,29,2,1450.5,42.661764705882355
13362.0,8,7,5394.07,High-Value Loyal Customers,0,2481,186,7,5394.07,18.100906040268455
13363.0,17,3,1723.86,Recent Low-Value Customers,0,1146,78,3,1723.86,16.900588235294116
13364.0,70,1,134.95999999999998,Inactive Customers,0,71,10,1,134.95999999999998,13.495999999999999
13365.0,33,2,2225.37,Recent Low-Value Customers,0,1247,122,2,2225.37,17.385703125
13366.0,49,1,56.160000000000004,Inactive Customers,0,144,1,1,56.160000000000004,56.160000000000004
13367.0,431,1,510.20000000000005,Inactive Customers,1,253,20,1,510.20000000000005,25.51
13368.0,256,4,1121.5,Occasional Customers,1,606,45,4,1121.5,21.567307692307693
13369.0,365,1,308.28000000000003,Inactive Customers,1,149,14,1,308.28000000000003,22.020000000000003
13370.0,371,1,754.87,Inactive Customers,1,343,39,1,754.87,19.355641025641027
13371.0,504,2,2297.66,Occasional Customers,1,1019,75,2,2297.66,24.9745652173913
13372.0,89,1,378.64,Inactive Customers,0,159,23,1,378.64,16.46260869565217
13373.0,60,6,7587.1900000000005,Occasional Customers,0,4263,292,6,7587.1900000000005,21.193268156424583
13374.0,414,2,422.8,Inactive Customers,1,135,17,2,422.8,24.870588235294118
13375.0,88,2,1792.23,Occasional Customers,0,1124,62,2,1792.23,25.242676056338027
13376.0,98,3,1019.76,Occasional Customers,0,493,45,3,1019.76,19.240754716981133
13377.0,396,2,1552.88,Occasional Customers,1,748,71,2,1552.88,19.90871794871795
13379.0,25,3,572.56,Recent Low-Value Customers,0,601,85,3,572.56,5.902680412371134
13380.0,432,1,62.4,Inactive Customers,1,48,3,1,62.4,20.8
13381.0,31,12,8224.37,High-Value Loyal Customers,0,5125,154,12,8224.37,23.102162921348317
13382.0,280,5,1387.58,Occasional Customers,1,863,74,5,1387.58,16.134651162790696
13383.0,543,1,305.28000000000003,Inactive Customers,1,288,1,1,305.28000000000003,305.28000000000003
13384.0,30,11,6680.83,High-Value Loyal Customers,0,4142,192,11,6680.83,25.30617424242424
13385.0,329,1,534.57,Inactive Customers,1,281,35,1,534.57,15.273428571428573
13386.0,413,2,835.46,Inactive Customers,1,514,24,2,835.46,26.950322580645164
13387.0,416,1,186.94,Inactive Customers,1,123,71,1,186.94,2.632957746478873
13388.0,130,3,1185.65,Occasional Customers,0,701,68,3,1185.65,17.183333333333334
13389.0,10,3,797.96,Recent Low-Value Customers,0,429,50,3,797.96,15.646274509803922
13390.0,74,1,544.08,Inactive Customers,0,224,13,1,544.08,41.8523076923077
13391.0,203,1,59.8,Inactive Customers,1,4,1,1,59.8,59.8
13392.0,676,1,91.14,Inactive Customers,1,82,8,1,91.14,11.3925
13393.0,583,4,1131.45,Occasional Customers,1,662,53,4,1131.45,16.397826086956524
13394.0,1,19,6621.7,High-Value Loyal Customers,0,5354,254,19,6621.7,16.18997555012225
13395.0,184,3,1180.23,Occasional Customers,1,1660,77,3,1180.23,14.57074074074074
13396.0,28,2,1360.99,Recent Low-Value Customers,0,600,42,2,1360.99,31.65093023255814
13397.0,72,10,3191.87,Occasional Customers,0,1336,68,10,3191.87,35.863707865168536
13398.0,191,2,670.34,Inactive Customers,1,341,37,2,670.34,17.18820512820513
13399.0,463,3,275.4,Inactive Customers,1,120,10,3,275.4,18.36
13400.0,582,1,310.83,Inactive Customers,1,284,23,1,310.83,13.514347826086956
13402.0,126,4,1226.8500000000001,Occasional Customers,0,917,55,4,1226.8500000000001,15.52974683544304
13403.0,17,3,229.5,Recent Low-Value Customers,0,114,9,3,229.5,25.5
13404.0,0,2,252.49,Recent Low-Value Customers,0,111,11,2,252.49,22.953636363636363
13405.0,73,6,1213.811,Occasional Customers,0,855,33,6,1213.811,28.228162790697674
13406.0,426,2,568.92,Inactive Customers,1,292,7,2,568.92,63.21333333333333
13407.0,578,3,2244.7,Occasional Customers,1,1690,85,3,2244.7,26.408235294117645
13408.0,1,106,50174.782,High-Value Loyal Customers,0,28675,321,106,50174.782,60.74428813559322
13410.0,23,9,2201.96,High-Value Loyal Customers,0,1244,25,9,2201.96,44.0392
13411.0,106,1,213.55,Inactive Customers,0,72,17,1,213.55,11.863888888888889
13412.0,619,1,487.34999999999997,Inactive Customers,1,176,33,1,487.34999999999997,14.333823529411763
13413.0,639,6,429.44,Occasional Customers,1,455,38,6,429.44,9.986976744186046
13414.0,133,6,2494.14,Occasional Customers,0,2702,48,6,2494.14,45.348
13415.0,472,4,784.17,Occasional Customers,1,496,85,4,784.17,7.764059405940594
13416.0,43,3,940.8000000000001,Recent Low-Value Customers,0,208,16,3,940.8000000000001,36.184615384615384
13417.0,4,6,1669.49,Recent Low-Value Customers,0,532,57,6,1669.49,21.681688311688312
13418.0,11,31,11559.66,High-Value Loyal Customers,0,7354,328,31,11559.66,21.526368715083798
13419.0,63,1,221.06,Inactive Customers,0,275,16,1,221.06,13.81625
13420.0,149,2,159.85,Inactive Customers,0,101,8,2,159.85,19.98125
13421.0,39,8,4058.75,High-Value Loyal Customers,0,2351,174,8,4058.75,15.316037735849056
13422.0,63,1,2626.3,Recent Low-Value Customers,0,1326,127,1,2626.3,20.67952755905512
13423.0,428,1,217.03,Inactive Customers,1,141,12,1,217.03,18.085833333333333
13424.0,449,1,572.77,Inactive Customers,1,529,40,1,572.77,14.31925
13425.0,107,5,3390.4300000000003,Occasional Customers,0,2358,124,5,3390.4300000000003,19.154971751412432
13426.0,0,22,8167.38,High-Value Loyal Customers,0,4868,162,22,8167.38,23.811603498542276
13427.0,18,6,1006.53,Recent Low-Value Customers,0,880,35,6,1006.53,19.356346153846154
13428.0,9,3,478.54,Recent Low-Value Customers,0,356,122,3,478.54,3.46768115942029
13429.0,10,4,1006.8,Recent Low-Value Customers,0,1390,55,4,1006.8,15.02686567164179
13430.0,18,2,679.45,Recent Low-Value Customers,0,751,48,2,679.45,13.866326530612247
13431.0,66,8,3316.24,Occasional Customers,0,1570,113,8,3316.24,25.707286821705424
13432.0,570,2,439.1,Inactive Customers,1,217,98,2,439.1,3.955855855855856
13433.0,500,4,658.3199999999999,Occasional Customers,1,190,22,4,658.3199999999999,27.429999999999996
13434.0,73,5,1666.8600000000001,Occasional Customers,0,864,17,5,1666.8600000000001,47.624571428571436
13435.0,4,9,4447.33,High-Value Loyal Customers,0,2754,96,9,4447.33,29.84785234899329
13436.0,1,1,196.89,Recent Low-Value Customers,0,76,12,1,196.89,16.4075
13437.0,13,7,3408.06,High-Value Loyal Customers,0,1283,143,7,3408.06,20.40754491017964
13438.0,546,1,46.5,Inactive Customers,1,10,1,1,46.5,46.5
13439.0,254,3,986.61,Occasional Customers,1,952,132,3,986.61,5.907844311377246
13440.0,422,7,1295.25,Occasional Customers,1,573,49,7,1295.25,21.953389830508474
13441.0,91,2,720.9,Recent Low-Value Customers,0,520,33,2,720.9,18.971052631578946
13442.0,666,3,419.87,Inactive Customers,1,115,33,3,419.87,11.04921052631579
13443.0,448,6,1273.16,Occasional Customers,1,805,176,6,1273.16,6.3658
13444.0,373,2,619.08,Inactive Customers,1,331,51,2,619.08,10.861052631578948
13445.0,625,1,241.89999999999998,Inactive Customers,1,198,7,1,241.89999999999998,34.55714285714286
13446.0,429,11,3881.89,Occasional Customers,1,2403,113,11,3881.89,20.218177083333334
13447.0,22,3,1129.14,Recent Low-Value Customers,0,584,55,3,1129.14,19.137966101694918
13448.0,16,13,8745.93,High-Value Loyal Customers,0,4195,321,13,8745.93,16.408874296435272
13449.0,23,1,291.88,Recent Low-Value Customers,0,222,19,1,291.88,15.362105263157895
13450.0,26,13,4120.04,High-Value Loyal Customers,0,4318,57,13,4120.04,28.027482993197278
13451.0,25,11,7090.06,High-Value Loyal Customers,0,5229,561,11,7090.06,6.937436399217222
13452.0,258,3,729.8,Occasional Customers,1,6,2,3,729.8,243.26666666666665
13453.0,165,3,781.6899999999999,Occasional Customers,0,341,33,3,781.6899999999999,19.54225
13454.0,640,1,219.87,Inactive Customers,1,198,23,1,219.87,9.559565217391304
13455.0,24,6,2212.9900000000002,Occasional Customers,0,795,79,6,2212.9900000000002,19.412192982456144
13456.0,17,6,1766.72,Recent Low-Value Customers,0,765,43,6,1766.72,28.043174603174602
13457.0,688,2,148.22,Inactive Customers,1,96,9,2,148.22,16.468888888888888
13458.0,6,16,11959.27,High-Value Loyal Customers,0,6760,290,16,11959.27,24.658288659793815
13459.0,624,2,1160.4099999999999,Inactive Customers,1,986,57,2,1160.4099999999999,15.896027397260273
13460.0,28,2,183.44,Recent Low-Value Customers,0,286,16,2,183.44,10.790588235294118
13461.0,38,6,4160.0,Occasional Customers,0,3132,30,6,4160.0,67.09677419354838
13462.0,252,5,1153.85,Occasional Customers,1,697,64,5,1153.85,16.251408450704226
13464.0,57,6,3097.64,Occasional Customers,0,1440,128,6,3097.64,20.514172185430464
13465.0,445,2,931.12,Inactive Customers,1,584,34,2,931.12,27.385882352941177
13466.0,183,5,1013.35,Occasional Customers,1,660,49,5,1013.35,18.424545454545456
13467.0,10,2,1071.91,Recent Low-Value Customers,0,580,89,2,1071.91,10.937857142857144
13468.0,1,72,12793.28,High-Value Loyal Customers,0,5617,290,72,12793.28,18.4607215007215
13469.0,652,1,82.4,Inactive Customers,1,52,6,1,82.4,13.733333333333334
13470.0,98,2,165.0,Inactive Customers,0,100,7,2,165.0,16.5
13471.0,0,4,2501.84,Recent Low-Value Customers,0,1583,214,4,2501.84,9.84976377952756
13472.0,463,2,592.24,Inactive Customers,1,310,24,2,592.24,21.15142857142857
13473.0,60,8,2657.7599999999998,Occasional Customers,0,1000,65,8,2657.7599999999998,37.967999999999996
13474.0,235,3,646.59,Occasional Customers,1,318,116,3,646.59,5.131666666666667
13475.0,190,4,1431.78,Occasional Customers,1,1012,64,4,1431.78,16.648604651162792
13476.0,178,5,2061.4700000000003,Occasional Customers,0,713,86,5,2061.4700000000003,19.447830188679248
13477.0,37,11,2819.17,High-Value Loyal Customers,0,2091,112,11,2819.17,17.956496815286624
13478.0,468,5,2215.78,Occasional Customers,1,1189,114,5,2215.78,17.72624
13479.0,200,4,851.37,Occasional Customers,1,716,45,4,851.37,16.063584905660377
13480.0,416,2,627.82,Inactive Customers,1,362,40,2,627.82,15.31268292682927
13481.0,45,11,3830.84,High-Value Loyal Customers,0,2055,162,11,3830.84,17.101964285714285
13482.0,231,2,336.09,Inactive Customers,1,187,20,2,336.09,16.804499999999997
13483.0,65,1,140.34,Inactive Customers,0,160,10,1,140.34,14.034
13484.0,240,3,790.72,Occasional Customers,1,224,38,3,790.72,20.274871794871796
13485.0,232,11,3019.2200000000003,Occasional Customers,1,1798,131,11,3019.2200000000003,19.108987341772153
13486.0,77,3,1122.41,Occasional Customers,0,669,69,3,1122.41,16.2668115942029
13487.0,57,5,846.87,Occasional Customers,0,362,31,5,846.87,17.283061224489796
13488.0,16,23,14205.96,High-Value Loyal Customers,0,7375,370,23,14205.96,20.921885125184094
13489.0,104,4,449.52,Occasional Customers,0,560,11,4,449.52,32.10857142857143
13490.0,653,1,154.25,Inactive Customers,1,25,8,1,154.25,19.28125
13491.0,51,27,4467.66,High-Value Loyal Customers,0,2349,144,27,4467.66,17.117471264367815
13492.0,135,3,1269.84,Occasional Customers,0,408,38,3,1269.84,25.3968
13493.0,274,2,618.63,Inactive Customers,1,380,6,2,618.63,77.32875
13494.0,311,1,316.26000000000005,Inactive Customers,1,162,18,1,316.26000000000005,17.570000000000004
13495.0,7,10,4863.31,High-Value Loyal Customers,0,2465,59,10,4863.31,36.566240601503765
13496.0,10,2,653.33,Recent Low-Value Customers,0,341,28,2,653.33,18.66657142857143
13497.0,282,6,1166.83,Occasional Customers,1,525,52,6,1166.83,20.117758620689653
13498.0,729,1,327.38,Inactive Customers,1,362,17,1,327.38,19.25764705882353
13499.0,17,5,1159.11,Recent Low-Value Customers,0,1365,31,5,1159.11,27.59785714285714
13500.0,22,4,1466.3,Recent Low-Value Customers,0,838,77,4,1466.3,17.250588235294117
13501.0,287,3,2885.11,Occasional Customers,1,1253,90,3,2885.11,25.30798245614035
13502.0,16,5,780.5,Recent Low-Value Customers,0,490,28,5,780.5,23.651515151515152
13503.0,70,6,1859.24,Occasional Customers,0,1105,158,6,1859.24,9.837248677248677
13504.0,63,1,295.93,Inactive Customers,0,178,22,1,295.93,13.451363636363636
13505.0,72,4,4393.63,Occasional Customers,0,2486,182,4,4393.63,20.435488372093022
13506.0,315,5,1338.08,Occasional Customers,1,942,55,5,1338.08,16.519506172839506
13507.0,2,4,2479.16,Recent Low-Value Customers,0,1597,146,4,2479.16,15.303456790123455
13508.0,243,2,287.05,Inactive Customers,1,180,27,2,287.05,10.251785714285715
13509.0,8,8,1114.72,Recent Low-Value Customers,0,1214,27,8,1114.72,22.749387755102042
13510.0,0,11,4558.29,High-Value Loyal Customers,0,3044,176,11,4558.29,15.772629757785467
13511.0,676,1,282.76,Inactive Customers,1,60,5,1,282.76,56.552
13512.0,260,4,713.39,Occasional Customers,1,419,31,4,713.39,18.292051282051283
13513.0,126,3,824.59,Occasional Customers,0,364,32,3,824.59,20.61475
13514.0,73,4,815.9000000000001,Occasional Customers,0,288,15,4,815.9000000000001,38.852380952380955
13515.0,72,6,1265.82,Occasional Customers,0,819,64,6,1265.82,16.655526315789473
13516.0,20,4,1685.26,Recent Low-Value Customers,0,1114,55,4,1685.26,27.6272131147541
13517.0,59,3,2128.42,Occasional Customers,0,1369,125,3,2128.42,15.09517730496454
13518.0,85,1,627.16,Inactive Customers,0,382,36,1,627.16,17.42111111111111
13519.0,77,2,343.21,Inactive Customers,0,133,19,2,343.21,18.063684210526315
13520.0,58,11,6606.0,High-Value Loyal Customers,0,3179,81,11,6606.0,33.19597989949749
13521.0,0,3,1071.73,Recent Low-Value Customers,0,718,313,3,1071.73,2.5639473684210525
13522.0,29,1,125.80000000000001,Recent Low-Value Customers,0,44,5,1,125.80000000000001,25.160000000000004
13523.0,32,6,4534.57,Occasional Customers,0,1989,177,6,4534.57,22.56004975124378
13524.0,40,5,680.1800000000001,Recent Low-Value Customers,0,324,17,5,680.1800000000001,25.191851851851855
13525.0,14,2,628.78,Recent Low-Value Customers,0,394,5,2,628.78,104.79666666666667
13526.0,737,2,1182.0,Inactive Customers,1,1911,29,2,1182.0,26.863636363636363
13527.0,33,12,4541.29,High-Value Loyal Customers,0,2736,266,12,4541.29,10.251218961625282
13529.0,78,2,307.76,Inactive Customers,0,74,15,2,307.76,20.517333333333333
13530.0,633,1,402.97999999999996,Inactive Customers,1,272,18,1,402.97999999999996,22.387777777777774
13531.0,204,6,1433.07,Occasional Customers,1,497,44,6,1433.07,19.107599999999998
13532.0,33,1,210.31,Recent Low-Value Customers,0,129,66,1,210.31,3.1865151515151515
13533.0,182,3,269.09,Inactive Customers,1,202,61,3,269.09,3.5878666666666663
13534.0,1,35,7720.9,High-Value Loyal Customers,0,3869,163,35,7720.9,19.696173469387755
13535.0,402,1,89.5,Inactive Customers,1,10,1,1,89.5,89.5
13536.0,0,7,3444.39,High-Value Loyal Customers,0,2126,91,7,3444.39,19.35050561797753
13537.0,425,2,717.85,Inactive Customers,1,337,38,2,717.85,17.09166666666667
13538.0,42,12,3103.13,High-Value Loyal Customers,0,959,105,12,3103.13,21.853028169014085
13539.0,85,7,1569.3600000000001,Occasional Customers,0,710,69,7,1569.3600000000001,18.248372093023256
13540.0,466,3,632.39,Inactive Customers,1,189,26,3,632.39,19.7621875
13541.0,426,2,785.25,Inactive Customers,1,279,10,2,785.25,78.525
13542.0,376,17,3959.4900000000002,Occasional Customers,1,804,98,17,3959.4900000000002,11.962205438066466
13543.0,633,2,1439.6100000000001,Occasional Customers,1,329,37,2,1439.6100000000001,30.630000000000003
13544.0,39,6,790.2,Recent Low-Value Customers,0,331,219,6,790.2,3.320168067226891
13545.0,390,2,364.93,Inactive Customers,1,252,54,2,364.93,6.757962962962963
13546.0,11,5,1086.24,Recent Low-Value Customers,0,587,95,5,1086.24,7.146315789473684
13547.0,407,1,167.08,Inactive Customers,1,79,44,1,167.08,3.7972727272727274
13548.0,95,3,901.44,Occasional Customers,0,558,169,3,901.44,4.899130434782609
13549.0,25,8,1005.8,Recent Low-Value Customers,0,554,44,8,1005.8,17.047457627118643
13550.0,382,1,342.55,Inactive Customers,1,430,40,1,342.55,8.155952380952382
13551.0,318,2,244.2,Inactive Customers,1,36,5,2,244.2,48.839999999999996
13552.0,65,22,6948.92,High-Value Loyal Customers,0,2630,162,22,6948.92,33.56966183574879
13553.0,674,1,499.6,Inactive Customers,1,201,85,1,499.6,5.613483146067416
13554.0,379,7,1629.35,Occasional Customers,1,578,156,7,1629.35,8.313010204081632
13555.0,73,13,8891.84,High-Value Loyal Customers,0,4762,264,13,8891.84,22.39758186397985
13556.0,428,2,200.82,Inactive Customers,1,134,8,2,200.82,22.313333333333333
13557.0,27,13,3032.26,High-Value Loyal Customers,0,2398,126,13,3032.26,16.84588888888889
13558.0,5,4,594.52,Recent Low-Value Customers,0,338,123,4,594.52,3.517869822485207
13559.0,512,2,990.0,Inactive Customers,1,360,1,2,990.0,495.0
13560.0,6,1,171.42000000000002,Recent Low-Value Customers,0,63,32,1,171.42000000000002,5.3568750000000005
13561.0,215,11,1803.4,Occasional Customers,1,1125,131,11,1803.4,7.875109170305677
13562.0,81,8,4838.18,Occasional Customers,0,1603,88,8,4838.18,24.684591836734697
13563.0,83,2,777.53,Recent Low-Value Customers,0,209,49,2,777.53,15.867959183673468
13564.0,143,37,16498.97,High-Value Loyal Customers,0,8878,484,37,16498.97,13.749141666666668
13565.0,18,3,414.8,Recent Low-Value Customers,0,260,45,3,414.8,6.913333333333333
13566.0,40,5,1688.6,Occasional Customers,0,1257,263,5,1688.6,4.613661202185792
13567.0,427,4,1079.29,Occasional Customers,1,643,180,4,1079.29,5.369601990049751
13568.0,172,1,187.05,Inactive Customers,0,66,41,1,187.05,4.3500000000000005
13569.0,16,4,726.54,Recent Low-Value Customers,0,345,140,4,726.54,4.058882681564246
13570.0,242,1,239.49,Inactive Customers,1,161,27,1,239.49,8.870000000000001
13571.0,12,26,4537.26,High-Value Loyal Customers,0,3191,263,26,4537.26,6.74184249628529
13572.0,205,1,1384.25,Inactive Customers,1,534,32,1,1384.25,41.946969696969695
13573.0,49,6,904.52,Occasional Customers,0,647,73,6,904.52,10.396781609195402
13574.0,410,1,404.45,Inactive Customers,1,304,84,1,404.45,4.444505494505495
13575.0,22,5,732.0699999999999,Recent Low-Value Customers,0,449,41,5,732.0699999999999,15.914565217391303
13576.0,9,28,11202.59,High-Value Loyal Customers,0,4506,145,28,11202.59,41.80070895522388
13577.0,24,11,3489.28,High-Value Loyal Customers,0,1661,102,11,3489.28,20.76952380952381
13578.0,408,1,147.66,Inactive Customers,1,127,9,1,147.66,16.406666666666666
13579.0,14,5,1374.34,Recent Low-Value Customers,0,718,72,5,1374.34,16.96716049382716
13580.0,405,1,107.75,Inactive Customers,1,45,5,1,107.75,21.55
13581.0,308,2,280.53000000000003,Inactive Customers,1,119,32,2,280.53000000000003,8.500909090909092
13582.0,389,2,241.68,Inactive Customers,1,106,10,2,241.68,21.970909090909092
13583.0,155,2,1445.031,Occasional Customers,0,1097,93,2,1445.031,15.052406249999999
13584.0,306,3,385.7,Inactive Customers,1,360,74,3,385.7,4.82125
13585.0,530,3,684.54,Inactive Customers,1,1386,29,3,684.54,17.552307692307693
13586.0,540,1,127.28,Inactive Customers,1,38,20,1,127.28,6.364
13587.0,63,4,1673.5,Occasional Customers,0,664,27,4,1673.5,55.78333333333333
13588.0,15,9,2478.95,High-Value Loyal Customers,0,2606,131,9,2478.95,14.246839080459768
13589.0,14,6,1120.74,Recent Low-Value Customers,0,293,48,6,1120.74,21.552692307692308
13590.0,10,18,6336.04,High-Value Loyal Customers,0,5271,255,18,6336.04,15.606009852216749
13591.0,64,7,2093.94,Occasional Customers,0,850,89,7,2093.94,20.732079207920794
13592.0,35,4,247.95999999999998,Recent Low-Value Customers,0,84,15,4,247.95999999999998,15.497499999999999
13593.0,107,14,5493.29,High-Value Loyal Customers,0,2170,212,14,5493.29,13.463946078431372
13594.0,52,2,533.32,Recent Low-Value Customers,0,396,31,2,533.32,16.161212121212124
13595.0,516,3,784.48,Occasional Customers,1,341,114,3,784.48,5.485874125874126
13596.0,5,2,664.11,Recent Low-Value Customers,0,384,133,2,664.11,4.548698630136986
13597.0,399,2,396.71,Inactive Customers,1,231,17,2,396.71,23.335882352941177
13598.0,46,5,761.96,Recent Low-Value Customers,0,393,78,5,761.96,8.28217391304348
13599.0,0,33,9811.04,High-Value Loyal Customers,0,6248,235,33,9811.04,25.028163265306123
13600.0,311,2,518.42,Inactive Customers,1,599,35,2,518.42,12.644390243902437
13601.0,44,4,1159.99,Recent Low-Value Customers,0,957,160,4,1159.99,6.270216216216216
13602.0,64,4,1025.17,Occasional Customers,0,538,49,4,1025.17,17.67534482758621
13603.0,25,1,164.34,Recent Low-Value Customers,0,164,27,1,164.34,6.086666666666667
13604.0,658,1,717.62,Inactive Customers,1,242,21,1,717.62,34.172380952380955
13605.0,386,2,522.67,Inactive Customers,1,425,50,2,522.67,9.861698113207547
13606.0,28,3,276.75,Recent Low-Value Customers,0,276,40,3,276.75,6.91875
13607.0,39,2,1075.81,Recent Low-Value Customers,0,466,110,2,1075.81,8.89099173553719
13608.0,540,1,232.05,Inactive Customers,1,110,31,1,232.05,6.825
13609.0,592,1,167.35,Inactive Customers,1,19,7,1,167.35,23.907142857142855
13610.0,11,14,2103.71,High-Value Loyal Customers,0,869,309,14,2103.71,5.272456140350878
13611.0,88,10,3297.9300000000003,Occasional Customers,0,1988,170,10,3297.9300000000003,14.592610619469028
13612.0,632,1,818.29,Inactive Customers,1,444,50,1,818.29,16.3658
13613.0,452,5,1039.8500000000001,Occasional Customers,1,445,50,5,1039.8500000000001,17.62457627118644
13614.0,23,6,2332.74,Occasional Customers,0,821,227,6,2332.74,8.836136363636363
13615.0,318,8,6272.53,Occasional Customers,1,2910,259,8,6272.53,17.091362397820163
13616.0,567,2,283.85,Inactive Customers,1,172,31,2,283.85,8.110000000000001
13617.0,39,8,1278.75,Occasional Customers,0,593,48,8,1278.75,11.950934579439252
13618.0,173,1,177.34,Inactive Customers,0,246,13,1,177.34,13.641538461538461
13619.0,544,2,224.94,Inactive Customers,1,79,39,2,224.94,4.998666666666667
13620.0,527,1,112.34,Inactive Customers,1,74,5,1,112.34,22.468
13621.0,116,1,213.85,Inactive Customers,0,343,19,1,213.85,11.255263157894737
13622.0,695,1,658.95,Inactive Customers,1,379,32,1,658.95,20.5921875
13623.0,30,10,2533.06,High-Value Loyal Customers,0,1010,211,10,2533.06,8.919225352112676
13624.0,387,1,462.08,Inactive Customers,1,820,22,1,462.08,21.003636363636364
13625.0,596,1,301.26,Inactive Customers,1,144,21,1,301.26,14.345714285714285
13626.0,252,2,707.04,Inactive Customers,1,398,44,2,707.04,16.069090909090907
13627.0,58,7,2245.9,Occasional Customers,0,1632,118,7,2245.9,17.410077519379847
13628.0,675,1,310.14,Inactive Customers,1,106,16,1,310.14,19.38375
13629.0,22,19,13370.86,High-Value Loyal Customers,0,7722,28,19,13370.86,153.6880459770115
13630.0,4,7,2031.78,High-Value Loyal Customers,0,1391,51,7,2031.78,28.61661971830986
13631.0,99,11,3070.42,Occasional Customers,0,467,6,11,3070.42,279.1290909090909
13632.0,24,8,3645.81,High-Value Loyal Customers,0,1633,166,8,3645.81,16.571863636363638
13634.0,32,16,5033.77,High-Value Loyal Customers,0,2090,269,16,5033.77,11.286479820627804
13635.0,67,4,2999.16,Occasional Customers,0,1884,135,4,2999.16,18.513333333333332
13636.0,36,5,949.12,Recent Low-Value Customers,0,592,57,5,949.12,15.065396825396826
13637.0,51,3,804.3,Recent Low-Value Customers,0,405,79,3,804.3,8.124242424242423
13638.0,15,1,122.64,Recent Low-Value Customers,0,93,8,1,122.64,15.33
13639.0,73,2,1346.27,Occasional Customers,0,997,49,2,1346.27,22.81813559322034
13640.0,610,1,405.0,Inactive Customers,1,108,4,1,405.0,101.25
13641.0,640,5,1016.47,Occasional Customers,1,1098,41,5,1016.47,23.10159090909091
13642.0,215,4,472.2,Occasional Customers,1,231,93,4,472.2,4.497142857142857
13643.0,30,10,2156.77,High-Value Loyal Customers,0,902,71,10,2156.77,21.144803921568627
13644.0,15,4,2624.26,Recent Low-Value Customers,0,2067,144,4,2624.26,17.974383561643837
13645.0,119,1,252.1,Inactive Customers,0,158,5,1,252.1,50.42
13646.0,399,2,326.25,Inactive Customers,1,79,58,2,326.25,5.625
13647.0,9,8,3041.68,High-Value Loyal Customers,0,1795,98,8,3041.68,21.882589928057552
13648.0,399,8,1764.02,Occasional Customers,1,960,95,8,1764.02,16.641698113207546
13649.0,256,6,1453.68,Occasional Customers,1,782,97,6,1453.68,13.46
13650.0,16,10,3288.0,High-Value Loyal Customers,0,1746,127,10,3288.0,19.11627906976744
13651.0,34,3,226.85,Recent Low-Value Customers,0,62,14,3,226.85,16.20357142857143
13652.0,45,5,2262.05,Occasional Customers,0,1458,116,5,2262.05,16.04290780141844
13653.0,487,1,152.2,Inactive Customers,1,72,9,1,152.2,16.91111111111111
13654.0,42,11,6308.0,High-Value Loyal Customers,0,4762,262,11,6308.0,19.173252279635257
13655.0,113,6,2280.51,Occasional Customers,0,1225,103,6,2280.51,19.163949579831936
13656.0,164,4,1078.85,Occasional Customers,0,862,81,4,1078.85,12.400574712643676
13657.0,10,2,382.14,Recent Low-Value Customers,0,209,16,2,382.14,23.88375
13658.0,9,9,6025.5,High-Value Loyal Customers,0,2171,164,9,6025.5,25.424050632911392
13659.0,205,12,4884.68,Occasional Customers,1,2527,224,12,4884.68,17.827299270072995
13660.0,399,1,306.64,Inactive Customers,1,136,39,1,306.64,7.6659999999999995
13661.0,602,1,325.24,Inactive Customers,1,118,17,1,325.24,19.131764705882354
13662.0,85,11,2233.61,Occasional Customers,0,1169,126,11,2233.61,16.423602941176473
13663.0,178,5,2047.51,Occasional Customers,0,893,87,5,2047.51,20.681919191919192
13665.0,385,3,1711.6599999999999,Occasional Customers,1,1652,97,3,1711.6599999999999,16.147735849056602
13666.0,59,5,127.89999999999999,Recent Low-Value Customers,0,54,19,5,127.89999999999999,6.731578947368421
13667.0,148,1,299.05,Inactive Customers,0,149,82,1,299.05,3.603012048192771
13668.0,2,35,12948.48,High-Value Loyal Customers,0,6096,411,35,12948.48,17.127619047619046
13669.0,50,3,413.55,Recent Low-Value Customers,0,393,13,3,413.55,29.539285714285715
13670.0,74,1,349.7,Inactive Customers,0,282,25,1,349.7,13.988
13671.0,394,1,172.6,Inactive Customers,1,95,61,1,172.6,2.696875
13672.0,300,3,419.92,Inactive Customers,1,138,13,3,419.92,23.32888888888889
13673.0,18,2,387.44,Recent Low-Value Customers,0,114,47,2,387.44,6.457333333333334
13674.0,432,1,240.68,Inactive Customers,1,102,14,1,240.68,17.19142857142857
13675.0,150,2,486.82000000000005,Inactive Customers,0,330,25,2,486.82000000000005,19.472800000000003
13676.0,538,2,243.9,Inactive Customers,1,104,13,2,243.9,18.76153846153846
13677.0,404,2,551.24,Inactive Customers,1,217,98,2,551.24,5.200377358490566
13678.0,151,1,232.6,Inactive Customers,0,924,16,1,232.6,14.5375
13679.0,493,3,281.26,Inactive Customers,1,102,44,3,281.26,5.6251999999999995
13680.0,0,12,11419.67,High-Value Loyal Customers,0,5244,354,12,11419.67,17.67750773993808
13681.0,17,4,827.83,Recent Low-Value Customers,0,360,37,4,827.83,14.523333333333333
13682.0,186,1,59.5,Inactive Customers,1,10,3,1,59.5,19.833333333333332
13683.0,457,1,258.6,Inactive Customers,1,180,10,1,258.6,25.860000000000003
13684.0,285,4,594.88,Occasional Customers,1,234,81,4,594.88,5.508148148148148
13685.0,2,7,3119.44,High-Value Loyal Customers,0,5056,29,7,3119.44,79.98564102564103
13686.0,182,3,409.04,Inactive Customers,1,378,27,3,409.04,12.030588235294118
13687.0,437,1,11880.84,Occasional Customers,1,87167,45,1,11880.84,264.01866666666666
13688.0,634,1,375.5,Inactive Customers,1,130,5,1,375.5,75.1
13689.0,62,2,1259.5,Recent Low-Value Customers,0,722,6,2,1259.5,139.94444444444446
13690.0,58,1,172.25,Inactive Customers,0,67,9,1,172.25,19.13888888888889
13691.0,395,1,212.78,Inactive Customers,1,145,54,1,212.78,3.9403703703703705
13692.0,24,5,3114.4,Occasional Customers,0,2101,83,5,3114.4,32.44166666666667
13693.0,373,9,2011.82,Occasional Customers,1,880,78,9,2011.82,18.97943396226415
13694.0,3,143,195640.69,High-Value Loyal Customers,0,188201,896,143,195640.69,128.7957142857143
13695.0,30,16,2770.73,High-Value Loyal Customers,0,1791,47,16,2770.73,28.861770833333335
13696.0,421,3,2020.4,Occasional Customers,1,552,24,3,2020.4,84.18333333333334
13697.0,38,1,151.29999999999998,Inactive Customers,0,177,12,1,151.29999999999998,12.608333333333333
13698.0,596,2,451.73,Inactive Customers,1,227,31,2,451.73,11.887631578947369
13699.0,154,2,764.15,Inactive Customers,0,219,33,2,764.15,20.6527027027027
13700.0,25,13,2596.9700000000003,High-Value Loyal Customers,0,2786,163,13,2596.9700000000003,10.820708333333334
13701.0,446,1,161.0,Inactive Customers,1,80,9,1,161.0,17.88888888888889
13702.0,445,1,135.18,Inactive Customers,1,74,5,1,135.18,27.036
13703.0,317,2,425.56,Inactive Customers,1,128,36,2,425.56,11.501621621621622
13704.0,4,9,2308.06,High-Value Loyal Customers,0,1531,111,9,2308.06,17.224328358208954
13705.0,7,7,1717.19,Recent Low-Value Customers,0,906,55,7,1717.19,23.205270270270272
13706.0,302,2,631.17,Inactive Customers,1,301,38,2,631.17,16.609736842105264
13707.0,266,5,3365.86,Occasional Customers,1,2210,142,5,3365.86,21.715225806451613
13708.0,270,1,285.33,Inactive Customers,1,301,49,1,285.33,5.823061224489796
13709.0,3,18,7571.35,High-Value Loyal Customers,0,4122,296,18,7571.35,18.602825552825554
13710.0,31,3,509.52,Recent Low-Value Customers,0,336,13,3,509.52,33.967999999999996
13711.0,218,9,1792.26,Occasional Customers,1,819,80,9,1792.26,19.48108695652174
13712.0,246,2,766.42,Inactive Customers,1,1128,32,2,766.42,23.224848484848483
13713.0,407,3,740.76,Occasional Customers,1,284,70,3,740.76,9.2595
13714.0,464,1,161.35,Inactive Customers,1,50,30,1,161.35,5.378333333333333
13715.0,280,17,8153.04,Occasional Customers,1,4800,277,17,8153.04,15.92390625
13716.0,268,1,138.28,Inactive Customers,1,138,21,1,138.28,6.584761904761905
13717.0,31,8,1763.3,Occasional Customers,0,2144,110,8,1763.3,14.220161290322581
13718.0,245,2,306.55,Inactive Customers,1,173,9,2,306.55,25.545833333333334
13719.0,14,11,2783.08,High-Value Loyal Customers,0,1588,194,11,2783.08,11.222096774193549
13720.0,116,4,799.9,Occasional Customers,0,501,42,4,799.9,18.60232558139535
13721.0,35,2,741.54,Recent Low-Value Customers,0,512,41,2,741.54,17.655714285714286
13722.0,131,10,5635.41,Occasional Customers,0,3059,137,10,5635.41,29.816984126984128
13723.0,216,6,1194.08,Occasional Customers,1,593,51,6,1194.08,20.58758620689655
13724.0,636,1,213.01,Inactive Customers,1,130,39,1,213.01,5.071666666666666
13725.0,49,8,1980.56,Occasional Customers,0,806,95,8,1980.56,19.043846153846154
13726.0,38,2,1079.6599999999999,Recent Low-Value Customers,0,1054,39,2,1079.6599999999999,25.70619047619047
13727.0,28,8,1074.15,Occasional Customers,0,368,74,8,1074.15,12.941566265060242
13728.0,36,16,2855.17,High-Value Loyal Customers,0,1269,75,16,2855.17,17.409573170731708
13729.0,435,3,724.73,Inactive Customers,1,419,36,3,724.73,18.582820512820515
13730.0,135,2,752.6,Inactive Customers,0,488,38,2,752.6,17.50232558139535
13731.0,218,2,610.59,Inactive Customers,1,278,36,2,610.59,16.068157894736842
13732.0,27,1,491.86,Recent Low-Value Customers,0,498,33,1,491.86,14.904848484848486
13733.0,410,2,487.03000000000003,Inactive Customers,1,335,28,2,487.03000000000003,16.794137931034484
13734.0,508,4,6695.6900000000005,Occasional Customers,1,302,24,4,6695.6900000000005,247.98851851851853
13735.0,24,13,9762.77,High-Value Loyal Customers,0,4135,362,13,9762.77,15.089289026275116
13736.0,4,7,2752.47,High-Value Loyal Customers,0,1549,325,7,2752.47,4.968357400722021
13737.0,199,1,339.59999999999997,Inactive Customers,1,125,29,1,339.59999999999997,11.319999999999999
13738.0,395,1,434.78000000000003,Inactive Customers,1,237,88,1,434.78000000000003,4.885168539325843
13739.0,17,2,292.2,Recent Low-Value Customers,0,76,6,2,292.2,48.699999999999996
13740.0,240,5,1582.77,Occasional Customers,1,987,83,5,1582.77,16.837978723404255
13741.0,71,3,668.4300000000001,Recent Low-Value Customers,0,218,34,3,668.4300000000001,19.65970588235294
13742.0,16,12,3107.87,High-Value Loyal Customers,0,1115,200,12,3107.87,9.92929712460064
13743.0,2,7,1341.6,Recent Low-Value Customers,0,1776,8,7,1341.6,32.72195121951219
13744.0,94,2,1080.52,Occasional Customers,0,1153,54,2,1080.52,17.15111111111111
13745.0,161,2,777.36,Inactive Customers,0,1146,46,2,777.36,13.881428571428572
13746.0,413,1,176.69,Inactive Customers,1,83,9,1,176.69,19.63222222222222
13747.0,373,2,169.79999999999998,Inactive Customers,1,60,4,2,169.79999999999998,33.959999999999994
13748.0,95,9,2064.35,Occasional Customers,0,1028,40,9,2064.35,35.592241379310344
13750.0,53,11,3602.1800000000003,High-Value Loyal Customers,0,1370,51,11,3602.1800000000003,48.02906666666667
13751.0,287,1,296.25,Inactive Customers,1,152,9,1,296.25,32.916666666666664
13752.0,123,7,1579.8300000000002,Occasional Customers,0,1005,75,7,1579.8300000000002,16.806702127659577
13753.0,287,4,2094.57,Occasional Customers,1,1450,64,4,2094.57,26.182125000000003
13754.0,151,3,447.05,Inactive Customers,0,315,16,3,447.05,21.288095238095238
13755.0,3,9,2108.06,High-Value Loyal Customers,0,1242,232,9,2108.06,6.567165109034268
13756.0,1,23,8655.95,High-Value Loyal Customers,0,5138,142,23,8655.95,25.236005830903792
13757.0,674,1,195.55,Inactive Customers,1,54,8,1,195.55,24.44375
13758.0,11,15,8698.13,High-Value Loyal Customers,0,4667,213,15,8698.13,30.51975438596491
13759.0,32,2,659.4100000000001,Recent Low-Value Customers,0,287,24,2,659.4100000000001,26.376400000000004
13760.0,53,5,1363.6399999999999,Occasional Customers,0,623,95,5,1363.6399999999999,11.459159663865545
13761.0,49,6,1952.17,Occasional Customers,0,1079,118,6,1952.17,16.001393442622952
13762.0,218,5,2472.48,Occasional Customers,1,2608,23,5,2472.48,70.64228571428572
13763.0,62,3,5217.4400000000005,Occasional Customers,0,3224,50,3,5217.4400000000005,104.34880000000001
13764.0,70,6,2919.62,Occasional Customers,0,2084,295,6,2919.62,7.890864864864865
13765.0,652,1,352.821,Inactive Customers,1,297,17,1,352.821,20.754176470588238
13766.0,494,1,190.35,Inactive Customers,1,137,16,1,190.35,11.197058823529412
13767.0,1,73,33903.57,High-Value Loyal Customers,0,14595,117,73,33903.57,44.37640052356021
13768.0,726,2,875.97,Inactive Customers,1,373,30,2,875.97,26.544545454545457
13769.0,1,20,5478.12,High-Value Loyal Customers,0,2452,121,20,5478.12,19.920436363636362
13770.0,421,4,785.37,Occasional Customers,1,468,48,4,785.37,16.361875
13771.0,63,9,5728.82,High-Value Loyal Customers,0,3140,182,9,5728.82,26.522314814814813
13772.0,33,8,3100.02,High-Value Loyal Customers,0,1446,394,8,3100.02,5.467407407407407
13773.0,396,2,301.54,Inactive Customers,1,174,19,2,301.54,15.870526315789474
13774.0,81,1,345.0,Inactive Customers,0,192,22,1,345.0,15.681818181818182
13775.0,590,1,1049.66,Inactive Customers,1,455,63,1,1049.66,16.661269841269842
13776.0,427,2,623.98,Inactive Customers,1,2,1,2,623.98,311.99
13777.0,0,61,49638.26,High-Value Loyal Customers,0,23190,44,61,49638.26,139.4333146067416
13778.0,102,4,1124.49,Occasional Customers,0,511,33,4,1124.49,25.55659090909091
13779.0,515,1,161.13,Inactive Customers,1,53,27,1,161.13,5.967777777777777
13780.0,6,3,732.07,Recent Low-Value Customers,0,479,90,3,732.07,7.470102040816327
13781.0,250,3,778.83,Occasional Customers,1,300,56,3,778.83,13.663684210526316
13782.0,12,13,1786.08,High-Value Loyal Customers,0,643,187,13,1786.08,7.50453781512605
13783.0,487,4,1542.09,Occasional Customers,1,3437,4,4,1542.09,154.209
13784.0,9,14,2910.23,High-Value Loyal Customers,0,2827,13,14,2910.23,67.67976744186046
13785.0,428,4,542.49,Occasional Customers,1,151,26,4,542.49,18.083000000000002
13786.0,366,6,3127.99,Occasional Customers,1,1515,80,6,3127.99,26.965431034482755
13787.0,75,6,1222.5,Occasional Customers,0,998,71,6,1222.5,14.215116279069768
13788.0,504,1,3.75,Inactive Customers,1,1,1,1,3.75,3.75
13789.0,387,1,239.45999999999998,Inactive Customers,1,258,18,1,239.45999999999998,13.303333333333333
13790.0,3,1,348.8,Recent Low-Value Customers,0,748,45,1,348.8,7.751111111111111
13791.0,127,2,1516.0,Occasional Customers,0,1200,7,2,1516.0,137.8181818181818
13792.0,65,3,383.95,Recent Low-Value Customers,0,156,23,3,383.95,16.693478260869565
13793.0,646,1,96.0,Inactive Customers,1,52,7,1,96.0,13.714285714285714
13794.0,546,1,126.03,Inactive Customers,1,63,9,1,126.03,14.003333333333334
13795.0,387,4,836.3,Occasional Customers,1,1250,23,4,836.3,28.837931034482757
13796.0,498,1,289.7,Inactive Customers,1,218,22,1,289.7,13.168181818181818
13797.0,436,3,1179.45,Occasional Customers,1,573,71,3,1179.45,15.121153846153847
13798.0,0,110,75428.87,High-Value Loyal Customers,0,48187,168,110,75428.87,104.61701803051317
13799.0,116,9,2803.57,Occasional Customers,0,1539,64,9,2803.57,26.448773584905663
13800.0,309,3,1679.56,Occasional Customers,1,891,73,3,1679.56,23.00767123287671
13801.0,66,1,324.8,Inactive Customers,0,168,23,1,324.8,14.121739130434783
13802.0,138,19,26259.11,High-Value Loyal Customers,0,14129,212,19,26259.11,58.61408482142857
13803.0,254,3,1338.91,Occasional Customers,1,831,73,3,1338.91,17.16551282051282
13804.0,30,9,3161.12,High-Value Loyal Customers,0,1797,149,9,3161.12,18.928862275449102
13805.0,51,2,924.6,Recent Low-Value Customers,0,1900,10,2,924.6,71.12307692307692
13806.0,63,1,256.38,Inactive Customers,0,56,10,1,256.38,25.637999999999998
13807.0,366,3,422.2,Inactive Customers,1,116,24,3,422.2,16.887999999999998
13808.0,5,5,1747.66,Recent Low-Value Customers,0,782,70,5,1747.66,22.995526315789476
13809.0,304,3,679.7,Occasional Customers,1,281,23,3,679.7,27.188000000000002
13810.0,28,3,1499.01,Recent Low-Value Customers,0,312,32,3,1499.01,42.828857142857146
13811.0,183,3,814.5,Occasional Customers,1,68,7,3,814.5,62.65384615384615
13812.0,41,3,539.0,Recent Low-Value Customers,0,333,33,3,539.0,14.972222222222221
13813.0,39,8,2765.47,Occasional Customers,0,1292,84,8,2765.47,19.33895104895105
13814.0,91,3,2257.32,Occasional Customers,0,1214,56,3,2257.32,28.573670886075952
13815.0,21,8,7475.74,High-Value Loyal Customers,0,5381,203,8,7475.74,20.999269662921346
13816.0,23,2,571.6700000000001,Recent Low-Value Customers,0,269,25,2,571.6700000000001,20.416785714285716
13817.0,28,2,382.98,Recent Low-Value Customers,0,211,20,2,382.98,15.957500000000001
13818.0,429,1,61.28,Inactive Customers,1,60,5,1,61.28,12.256
13819.0,301,6,2642.35,Occasional Customers,1,2309,47,6,2642.35,26.161881188118812
13820.0,417,3,652.75,Inactive Customers,1,285,68,3,652.75,7.334269662921348
13821.0,144,6,1379.08,Occasional Customers,0,477,158,6,1379.08,6.760196078431372
13822.0,5,2,632.0,Recent Low-Value Customers,0,611,90,2,632.0,6.583333333333333
13823.0,18,7,3403.4500000000003,High-Value Loyal Customers,0,1564,108,7,3403.4500000000003,20.880061349693253
13824.0,32,12,3314.76,High-Value Loyal Customers,0,1442,59,12,3314.76,33.147600000000004
13825.0,621,2,255.59,Inactive Customers,1,182,38,2,255.59,6.38975
13826.0,175,1,189.5,Inactive Customers,0,82,10,1,189.5,18.95
13827.0,57,3,409.8,Recent Low-Value Customers,0,138,83,3,409.8,4.4543478260869565
13828.0,21,1,209.49,Recent Low-Value Customers,0,311,15,1,209.49,13.966000000000001
13829.0,420,1,102.0,Inactive Customers,1,12,1,1,102.0,102.0
13830.0,581,1,156.85000000000002,Inactive Customers,1,47,11,1,156.85000000000002,14.259090909090911
13831.0,15,18,6585.54,High-Value Loyal Customers,0,2393,121,18,6585.54,36.184285714285714
13832.0,18,2,609.89,Recent Low-Value Customers,0,420,54,2,609.89,11.088909090909091
13833.0,158,2,700.41,Inactive Customers,0,243,43,2,700.41,15.91840909090909
13834.0,576,2,324.19,Inactive Customers,1,221,15,2,324.19,20.261875
13835.0,24,7,1095.27,Recent Low-Value Customers,0,520,60,7,1095.27,15.426338028169013
13836.0,398,2,620.37,Inactive Customers,1,273,29,2,620.37,20.011935483870968
13837.0,211,2,266.59000000000003,Inactive Customers,1,182,17,2,266.59000000000003,14.810555555555558
13838.0,5,10,1690.07,High-Value Loyal Customers,0,694,328,10,1690.07,4.193722084367246
13839.0,485,1,139.95000000000002,Inactive Customers,1,25,7,1,139.95000000000002,19.992857142857144
13840.0,415,1,651.4,Inactive Customers,1,358,40,1,651.4,16.285
13841.0,252,1,85.0,Inactive Customers,1,100,1,1,85.0,85.0
13842.0,58,18,5319.34,High-Value Loyal Customers,0,2716,214,18,5319.34,15.878626865671642
13843.0,380,1,319.75,Inactive Customers,1,145,18,1,319.75,17.76388888888889
13844.0,10,1,361.62,Recent Low-Value Customers,0,196,20,1,361.62,18.081
13845.0,64,1,312.98,Inactive Customers,0,182,9,1,312.98,34.775555555555556
13846.0,24,4,1307.79,Recent Low-Value Customers,0,705,81,4,1307.79,16.145555555555553
13847.0,719,1,310.72,Inactive Customers,1,96,19,1,310.72,16.353684210526318
13848.0,91,8,3015.0,Occasional Customers,0,9200,3,8,3015.0,301.5
13849.0,51,5,3469.3,Occasional Customers,0,1883,189,5,3469.3,15.769545454545455
13850.0,128,1,1595.48,Occasional Customers,0,944,93,1,1595.48,17.155698924731183
13851.0,95,8,4606.46,Occasional Customers,0,2525,111,8,4606.46,32.903285714285715
13852.0,610,1,187.35000000000002,Inactive Customers,1,85,11,1,187.35000000000002,17.031818181818185
13853.0,56,1,1090.14,Recent Low-Value Customers,0,312,23,1,1090.14,47.39739130434783
13854.0,8,39,11944.56,High-Value Loyal Customers,0,3642,61,39,11944.56,67.10426966292134
13855.0,500,4,1310.3400000000001,Occasional Customers,1,575,64,4,1310.3400000000001,17.949863013698632
13856.0,168,11,1142.03,Occasional Customers,0,1105,33,11,1142.03,21.148703703703703
13857.0,392,6,1001.01,Occasional Customers,1,782,99,6,1001.01,7.820390625
13858.0,56,1,216.17,Inactive Customers,0,75,11,1,216.17,19.651818181818182
13859.0,325,2,515.86,Inactive Customers,1,167,34,2,515.86,14.329444444444444
13860.0,0,5,1245.9,Recent Low-Value Customers,0,591,58,5,1245.9,16.39342105263158
13861.0,428,2,273.26,Inactive Customers,1,225,21,2,273.26,13.012380952380951
13862.0,17,9,2556.09,High-Value Loyal Customers,0,1927,113,9,2556.09,15.9755625
13863.0,247,4,1239.55,Occasional Customers,1,553,59,4,1239.55,17.707857142857144
13864.0,386,1,662.4000000000001,Inactive Customers,1,192,1,1,662.4000000000001,662.4000000000001
13865.0,57,4,501.56,Recent Low-Value Customers,0,204,26,4,501.56,16.718666666666667
13866.0,73,1,145.67000000000002,Inactive Customers,0,57,7,1,145.67000000000002,20.810000000000002
13867.0,30,3,1005.09,Recent Low-Value Customers,0,501,51,3,1005.09,16.7515
13868.0,6,2,3192.54,Recent Low-Value Customers,0,1964,32,2,3192.54,96.74363636363637
13869.0,122,10,7996.87,Occasional Customers,0,4302,502,10,7996.87,9.542804295942721
13870.0,1,15,5712.08,High-Value Loyal Customers,0,3449,159,15,5712.08,23.701576763485477
13871.0,22,17,7885.85,High-Value Loyal Customers,0,3502,183,17,7885.85,19.616542288557216
13872.0,526,3,919.57,Occasional Customers,1,339,51,3,919.57,16.13280701754386
13873.0,119,8,1038.92,Occasional Customers,0,472,55,8,1038.92,17.315333333333335
13874.0,357,7,2049.15,Occasional Customers,1,864,46,7,2049.15,29.697826086956525
13875.0,53,14,4814.37,High-Value Loyal Customers,0,3072,159,14,4814.37,17.831
13876.0,63,1,122.7,Inactive Customers,0,36,7,1,122.7,17.52857142857143
13877.0,85,3,449.68,Recent Low-Value Customers,0,478,23,3,449.68,19.551304347826086
13878.0,54,4,2416.9,Occasional Customers,0,927,93,4,2416.9,23.695098039215686
13879.0,645,1,395.5,Inactive Customers,1,204,25,1,395.5,15.82
13880.0,20,17,4293.86,High-Value Loyal Customers,0,2535,148,17,4293.86,19.254977578475334
13881.0,3,43,45179.1,High-Value Loyal Customers,0,29760,182,43,45179.1,98.8601750547046
13882.0,2,5,1191.13,Recent Low-Value Customers,0,953,54,5,1191.13,18.325076923076924
13883.0,10,15,6560.02,High-Value Loyal Customers,0,3584,200,15,6560.02,20.759556962025318
13884.0,6,10,1825.03,High-Value Loyal Customers,0,752,108,10,1825.03,10.027637362637362
13885.0,188,2,506.8,Inactive Customers,1,182,28,2,506.8,18.1
13886.0,70,1,243.56,Inactive Customers,0,126,16,1,243.56,15.2225
13887.0,203,1,349.55,Inactive Customers,1,147,19,1,349.55,18.397368421052633
13888.0,119,7,2001.59,Occasional Customers,0,795,124,7,2001.59,11.705204678362573
13889.0,92,6,1991.23,Occasional Customers,0,979,57,6,1991.23,23.990722891566264
13890.0,0,14,2927.38,High-Value Loyal Customers,0,1392,100,14,2927.38,16.921271676300577
13891.0,377,3,859.21,Occasional Customers,1,476,97,3,859.21,8.678888888888888
13892.0,26,6,1267.6499999999999,Recent Low-Value Customers,0,3125,33,6,1267.6499999999999,35.2125
13893.0,297,1,821.1,Inactive Customers,1,190,21,1,821.1,39.1
13894.0,23,3,564.62,Recent Low-Value Customers,0,354,25,3,564.62,20.911851851851853
13895.0,27,6,4008.52,Occasional Customers,0,2060,154,6,4008.52,21.551182795698924
13896.0,625,1,388.55,Inactive Customers,1,149,21,1,388.55,18.502380952380953
13897.0,49,3,1160.72,Recent Low-Value Customers,0,820,58,3,1160.72,19.67322033898305
13898.0,325,2,686.4,Inactive Customers,1,544,43,2,686.4,14.921739130434782
13899.0,15,2,388.52,Recent Low-Value Customers,0,156,19,2,388.52,20.448421052631577
13900.0,182,6,1610.59,Occasional Customers,1,938,80,6,1610.59,16.95357894736842
13901.0,71,15,5676.34,High-Value Loyal Customers,0,3344,280,15,5676.34,18.310774193548387
13902.0,631,5,34095.26,Occasional Customers,1,220600,58,5,34095.26,541.1946031746032
13903.0,399,1,165.45000000000002,Inactive Customers,1,103,10,1,165.45000000000002,16.545
13904.0,36,2,332.64,Recent Low-Value Customers,0,332,24,2,332.64,12.793846153846154
13905.0,732,1,312.65,Inactive Customers,1,135,12,1,312.65,26.054166666666664
13906.0,408,1,42.0,Inactive Customers,1,100,1,1,42.0,42.0
13907.0,691,1,136.8,Inactive Customers,1,68,4,1,136.8,34.2
13908.0,79,4,2369.55,Occasional Customers,0,1478,104,4,2369.55,19.42254098360656
13909.0,422,2,282.85,Inactive Customers,1,301,35,2,282.85,7.44342105263158
13911.0,56,20,4234.99,High-Value Loyal Customers,0,4487,178,20,4234.99,17.7940756302521
13912.0,423,1,124.95,Inactive Customers,1,29,7,1,124.95,17.85
13913.0,506,1,42.22,Inactive Customers,1,10,3,1,42.22,14.073333333333332
13914.0,11,2,626.45,Recent Low-Value Customers,0,380,28,2,626.45,18.983333333333334
13915.0,393,1,70.80000000000001,Inactive Customers,1,24,2,1,70.80000000000001,35.400000000000006
13916.0,463,4,1275.81,Occasional Customers,1,673,72,4,1275.81,17.240675675675675
13917.0,49,2,272.04,Recent Low-Value Customers,0,228,16,2,272.04,15.113333333333335
13918.0,49,2,1212.8400000000001,Recent Low-Value Customers,0,1140,30,2,1212.8400000000001,40.428000000000004
13919.0,58,4,1360.68,Occasional Customers,0,1133,65,4,1360.68,17.67116883116883
13920.0,431,4,1774.68,Occasional Customers,1,1772,81,4,1774.68,20.635813953488373
13921.0,401,4,730.7,Occasional Customers,1,210,36,4,730.7,16.606818181818184
13922.0,351,3,865.2,Occasional Customers,1,467,30,3,865.2,28.84
13923.0,53,1,351.13,Recent Low-Value Customers,0,185,20,1,351.13,17.5565
13924.0,1,6,1838.8500000000001,Recent Low-Value Customers,0,1575,90,6,1838.8500000000001,15.716666666666669
13925.0,92,4,678.25,Occasional Customers,0,331,28,4,678.25,16.54268292682927
13926.0,22,1,223.85000000000002,Recent Low-Value Customers,0,104,11,1,223.85000000000002,20.35
13927.0,74,2,708.26,Recent Low-Value Customers,0,463,37,2,708.26,17.274634146341462
13928.0,10,4,464.57,Recent Low-Value Customers,0,129,23,4,464.57,17.206296296296298
13929.0,168,11,3494.1,Occasional Customers,0,1566,38,11,3494.1,61.3
13930.0,57,2,337.34,Recent Low-Value Customers,0,274,15,2,337.34,19.843529411764706
13931.0,95,11,5257.38,Occasional Customers,0,3488,205,11,5257.38,19.399926199261994
13932.0,294,1,307.4,Inactive Customers,1,72,16,1,307.4,19.2125
13933.0,108,2,608.7900000000001,Inactive Customers,0,205,23,2,608.7900000000001,26.469130434782613
13934.0,263,1,922.1,Inactive Customers,1,390,31,1,922.1,29.74516129032258
13935.0,596,3,6116.92,Occasional Customers,1,2252,67,3,6116.92,76.4615
13936.0,179,3,939.66,Occasional Customers,0,661,56,3,939.66,15.9264406779661
13937.0,168,2,880.13,Occasional Customers,0,587,54,2,880.13,16.298703703703705
13938.0,34,1,71.66,Inactive Customers,0,70,7,1,71.66,10.237142857142857
13939.0,22,7,1560.96,Recent Low-Value Customers,0,1608,91,7,1560.96,14.190545454545456
13940.0,16,4,839.14,Recent Low-Value Customers,0,516,39,4,839.14,17.12530612244898
13941.0,21,15,10027.18,High-Value Loyal Customers,0,4782,42,15,10027.18,106.67212765957447
13942.0,534,1,320.0,Inactive Customers,1,1000,1,1,320.0,320.0
13943.0,577,1,246.54,Inactive Customers,1,94,15,1,246.54,16.436
13944.0,652,1,200.43,Inactive Customers,1,153,35,1,200.43,5.726571428571429
13945.0,394,2,854.15,Inactive Customers,1,413,49,2,854.15,16.748039215686273
13946.0,78,6,1876.23,Occasional Customers,0,2847,49,6,1876.23,33.504107142857144
13947.0,64,1,90.6,Inactive Customers,0,44,5,1,90.6,18.119999999999997
13948.0,360,4,548.76,Occasional Customers,1,248,23,4,548.76,22.865
13949.0,2,6,2427.32,High-Value Loyal Customers,0,2474,124,6,2427.32,15.170750000000002
13950.0,10,4,745.06,Recent Low-Value Customers,0,323,33,4,745.06,21.28742857142857
13951.0,175,3,674.45,Occasional Customers,0,459,38,3,674.45,17.293589743589745
13952.0,217,14,12823.521,High-Value Loyal Customers,1,5947,238,14,12823.521,31.35335207823961
13953.0,6,12,6640.68,High-Value Loyal Customers,0,5224,8,12,6640.68,265.6272
13954.0,1,2,439.92,Recent Low-Value Customers,0,150,24,2,439.92,17.5968
13955.0,153,3,544.0699999999999,Occasional Customers,0,272,82,3,544.0699999999999,6.400823529411764
13956.0,4,5,1019.27,Recent Low-Value Customers,0,486,123,5,1019.27,6.933809523809524
13957.0,417,3,458.25,Inactive Customers,1,157,21,3,458.25,16.97222222222222
13958.0,379,8,4709.2300000000005,Occasional Customers,1,2264,172,8,4709.2300000000005,20.745506607929517
13959.0,78,6,1064.77,Occasional Customers,0,694,120,6,1064.77,6.781974522292994
13960.0,20,2,230.22,Recent Low-Value Customers,0,142,11,2,230.22,19.185
13961.0,391,1,538.4,Inactive Customers,1,226,19,1,538.4,28.336842105263155
13962.0,21,3,362.8,Recent Low-Value Customers,0,160,23,3,362.8,15.773913043478261
13963.0,307,17,2860.57,Occasional Customers,1,2007,129,17,2860.57,17.33678787878788
13964.0,386,2,438.9,Inactive Customers,1,228,22,2,438.9,18.287499999999998
13965.0,476,3,996.61,Occasional Customers,1,425,23,3,996.61,41.525416666666665
13966.0,434,1,384.26,Inactive Customers,1,760,21,1,384.26,18.298095238095236
13967.0,145,2,166.3,Inactive Customers,0,66,4,2,166.3,27.71666666666667
13968.0,422,1,123.66,Inactive Customers,1,174,8,1,123.66,15.4575
13969.0,6,35,12973.460000000001,High-Value Loyal Customers,0,6640,472,35,12973.460000000001,12.193101503759399
13970.0,385,2,846.55,Inactive Customers,1,469,10,2,846.55,65.11923076923077
13971.0,18,14,4667.57,High-Value Loyal Customers,0,3084,184,14,4667.57,18.30419607843137
13972.0,70,2,190.25,Inactive Customers,0,187,15,2,190.25,12.683333333333334
13973.0,286,1,264.7,Inactive Customers,1,109,11,1,264.7,24.063636363636363
13974.0,48,2,677.72,Recent Low-Value Customers,0,356,43,2,677.72,15.76093023255814
13975.0,30,12,5256.4,High-Value Loyal Customers,0,3884,434,12,5256.4,7.132157394843961
13976.0,206,4,1192.36,Occasional Customers,1,452,49,4,1192.36,21.292142857142856
13977.0,410,1,519.8100000000001,Inactive Customers,1,303,13,1,519.8100000000001,39.98538461538462
13978.0,14,2,196.79000000000002,Recent Low-Value Customers,0,315,14,2,196.79000000000002,13.119333333333335
13979.0,72,7,3379.93,Occasional Customers,0,2270,356,7,3379.93,8.60033078880407
13980.0,59,5,768.82,Occasional Customers,0,463,57,5,768.82,12.203492063492064
13981.0,415,1,331.14,Inactive Customers,1,234,22,1,331.14,15.05181818181818
13982.0,38,9,3954.29,High-Value Loyal Customers,0,2478,123,9,3954.29,17.57462222222222
13983.0,29,21,6753.89,High-Value Loyal Customers,0,3925,238,21,6753.89,20.781200000000002
13984.0,26,12,1893.8,High-Value Loyal Customers,0,1301,53,12,1893.8,21.520454545454545
13985.0,3,22,10020.86,High-Value Loyal Customers,0,4936,149,22,10020.86,20.87679166666667
13986.0,16,1,320.46,Recent Low-Value Customers,0,430,12,1,320.46,24.650769230769228
13987.0,379,2,682.54,Inactive Customers,1,492,46,2,682.54,14.837826086956522
13988.0,19,8,4757.8,High-Value Loyal Customers,0,3385,218,8,4757.8,16.12813559322034
13989.0,65,5,2026.06,Occasional Customers,0,2207,61,5,2026.06,23.558837209302325
13990.0,212,1,311.3,Inactive Customers,1,190,16,1,311.3,19.45625
13991.0,11,6,852.88,Recent Low-Value Customers,0,995,58,6,852.88,10.400975609756097
13992.0,29,3,219.5,Recent Low-Value Customers,0,154,10,3,219.5,19.954545454545453
13993.0,42,19,6775.71,High-Value Loyal Customers,0,2135,110,19,6775.71,25.960574712643677
13994.0,3,6,2274.14,High-Value Loyal Customers,0,932,122,6,2274.14,15.36581081081081
13995.0,14,14,3902.01,High-Value Loyal Customers,0,2359,146,14,3902.01,16.965260869565217
13996.0,385,2,895.76,Inactive Customers,1,613,29,2,895.76,27.144242424242425
13997.0,518,3,376.46,Inactive Customers,1,143,36,3,376.46,8.55590909090909
13998.0,446,3,566.7,Inactive Customers,1,204,30,3,566.7,18.280645161290323
13999.0,9,29,9502.26,High-Value Loyal Customers,0,5043,174,29,9502.26,20.391115879828327
14000.0,210,5,2046.3400000000001,Occasional Customers,1,1838,28,5,2046.3400000000001,41.76204081632653
14001.0,45,9,4228.85,High-Value Loyal Customers,0,1779,60,9,4228.85,41.056796116504856
14002.0,133,2,529.73,Inactive Customers,0,877,47,2,529.73,11.270851063829788
14003.0,732,1,209.41,Inactive Customers,1,149,16,1,209.41,13.088125
14004.0,42,11,6258.45,High-Value Loyal Customers,0,3425,127,11,6258.45,25.968672199170125
14005.0,9,5,2874.72,Recent Low-Value Customers,0,2478,53,5,2874.72,34.22285714285714
14006.0,115,7,2196.67,Occasional Customers,0,2181,55,7,2196.67,28.528181818181817
14007.0,512,1,79.48,Inactive Customers,1,16,5,1,79.48,15.896
14008.0,431,1,509.04,Inactive Customers,1,326,32,1,509.04,15.9075
14009.0,197,3,1099.91,Occasional Customers,1,951,71,3,1099.91,14.863648648648649
14010.0,564,2,445.15,Inactive Customers,1,177,20,2,445.15,18.547916666666666
14011.0,479,2,457.82,Inactive Customers,1,644,32,2,457.82,14.306875
14012.0,277,1,328.8,Inactive Customers,1,160,11,1,328.8,29.89090909090909
14013.0,109,5,1084.57,Occasional Customers,0,775,56,5,1084.57,15.949558823529411
14014.0,76,3,1948.21,Occasional Customers,0,2004,76,3,1948.21,25.63434210526316
14015.0,52,1,917.34,Recent Low-Value Customers,0,378,20,1,917.34,45.867000000000004
14016.0,161,11,11403.41,Occasional Customers,0,5722,354,11,11403.41,25.45404017857143
14017.0,570,1,229.75,Inactive Customers,1,73,14,1,229.75,16.410714285714285
14018.0,644,1,367.15000000000003,Inactive Customers,1,224,13,1,367.15000000000003,28.242307692307694
14019.0,46,3,1421.61,Recent Low-Value Customers,0,1037,37,3,1421.61,21.539545454545454
14020.0,16,4,1249.01,Recent Low-Value Customers,0,648,63,4,1249.01,17.347361111111113
14021.0,154,7,1716.58,Occasional Customers,0,878,84,7,1716.58,19.07311111111111
14022.0,224,2,792.15,Inactive Customers,1,681,45,2,792.15,16.854255319148937
14023.0,6,2,584.07,Recent Low-Value Customers,0,345,30,2,584.07,18.840967741935486
14024.0,121,3,645.74,Occasional Customers,0,238,33,3,645.74,18.99235294117647
14025.0,464,8,4057.9,Occasional Customers,1,1914,60,8,4057.9,40.98888888888889
14026.0,470,2,713.11,Inactive Customers,1,427,43,2,713.11,14.2622
14027.0,60,1,104.82,Inactive Customers,0,62,6,1,104.82,17.47
14028.0,549,3,10396.5,Occasional Customers,1,7170,3,3,10396.5,1155.1666666666667
14029.0,62,2,467.66,Recent Low-Value Customers,0,198,15,2,467.66,31.177333333333333
14030.0,17,20,7521.8,High-Value Loyal Customers,0,4215,591,20,7521.8,9.128398058252428
14031.0,6,44,39019.51,High-Value Loyal Customers,0,13783,280,44,39019.51,52.02601333333334
14032.0,1,16,4546.41,High-Value Loyal Customers,0,3740,79,16,4546.41,19.767
14033.0,554,1,109.44,Inactive Customers,1,576,1,1,109.44,109.44
14034.0,21,3,648.89,Recent Low-Value Customers,0,420,82,3,648.89,7.545232558139535
14035.0,28,9,2794.75,High-Value Loyal Customers,0,1405,70,9,2794.75,19.27413793103448
14036.0,284,1,626.65,Inactive Customers,1,268,38,1,626.65,16.49078947368421
14037.0,175,6,836.95,Occasional Customers,0,590,96,6,836.95,7.341666666666667
14038.0,77,5,3069.88,Occasional Customers,0,1708,99,5,3069.88,19.067577639751555
14039.0,32,2,267.28000000000003,Recent Low-Value Customers,0,192,10,2,267.28000000000003,26.728
14040.0,40,35,12523.81,High-Value Loyal Customers,0,4972,335,35,12523.81,16.035608194622277
14041.0,265,1,141.41,Inactive Customers,1,94,21,1,141.41,6.733809523809524
14042.0,724,1,431.98,Inactive Customers,1,180,21,1,431.98,20.570476190476192
14043.0,490,2,302.6,Inactive Customers,1,152,37,2,302.6,7.380487804878049
14044.0,26,10,3077.7,High-Value Loyal Customers,0,2100,533,10,3077.7,3.7260290556900726
14045.0,108,16,10986.63,High-Value Loyal Customers,0,4459,16,16,10986.63,296.93594594594595
14046.0,283,1,154.99,Inactive Customers,1,460,14,1,154.99,11.070714285714287
14047.0,8,14,3968.11,High-Value Loyal Customers,0,1541,91,14,3968.11,26.105986842105263
14048.0,304,3,748.69,Occasional Customers,1,467,126,3,748.69,5.309858156028369
14049.0,16,13,13023.4,High-Value Loyal Customers,0,8480,573,13,13023.4,12.274646559849199
14050.0,31,2,746.36,Recent Low-Value Customers,0,689,49,2,746.36,13.821481481481483
14051.0,0,37,21770.98,High-Value Loyal Customers,0,5709,82,37,21770.98,68.46220125786164
14052.0,19,2,466.66,Recent Low-Value Customers,0,174,115,2,466.66,3.8566942148760335
14053.0,123,4,572.3,Occasional Customers,0,490,3,4,572.3,63.58888888888888
14054.0,64,1,92.46,Inactive Customers,0,62,6,1,92.46,15.409999999999998
14055.0,105,3,1520.96,Occasional Customers,0,720,33,3,1520.96,46.08969696969697
14056.0,0,23,8152.71,High-Value Loyal Customers,0,4252,320,23,8152.71,7.493299632352941
14057.0,23,22,8346.66,High-Value Loyal Customers,0,6438,244,22,8346.66,18.67261744966443
14058.0,462,2,469.19,Inactive Customers,1,211,23,2,469.19,19.549583333333334
14059.0,266,1,183.6,Inactive Customers,1,128,8,1,183.6,22.95
14060.0,4,30,8898.24,High-Value Loyal Customers,0,7419,100,30,8898.24,34.48930232558139
14061.0,506,3,917.4300000000001,Occasional Customers,1,133,17,3,917.4300000000001,48.28578947368421
14062.0,9,24,25585.65,High-Value Loyal Customers,0,12794,141,24,25585.65,75.25191176470588
14063.0,437,9,22710.2,Occasional Customers,1,3850,30,9,22710.2,567.755
14064.0,28,15,3260.24,High-Value Loyal Customers,0,3911,131,15,3260.24,13.81457627118644
14065.0,388,3,891.02,Occasional Customers,1,582,42,3,891.02,18.18408163265306
14066.0,266,1,152.55,Inactive Customers,1,45,7,1,152.55,21.792857142857144
14067.0,63,2,374.7,Recent Low-Value Customers,0,361,51,2,374.7,7.2057692307692305
14068.0,319,4,1516.72,Occasional Customers,1,510,93,4,1516.72,14.043703703703704
14069.0,514,2,225.81,Inactive Customers,1,58,37,2,225.81,5.507560975609756
14070.0,684,1,321.6,Inactive Customers,1,85,40,1,321.6,7.843902439024391
14071.0,3,8,1437.57,High-Value Loyal Customers,0,994,271,8,1437.57,4.450681114551084
14072.0,666,1,390.85,Inactive Customers,1,65,19,1,390.85,20.571052631578947
14073.0,31,1,151.04,Recent Low-Value Customers,0,130,13,1,151.04,11.618461538461538
14074.0,622,1,219.39999999999998,Inactive Customers,1,228,6,1,219.39999999999998,36.56666666666666
14075.0,4,6,1734.87,Recent Low-Value Customers,0,1494,59,6,1734.87,21.41814814814815
14076.0,128,1,118.67,Inactive Customers,0,79,43,1,118.67,2.6970454545454547
14077.0,40,6,615.0799999999999,Recent Low-Value Customers,0,376,43,6,615.0799999999999,10.983571428571427
14078.0,101,9,1553.47,Occasional Customers,0,586,107,9,1553.47,10.49641891891892
14079.0,124,2,618.73,Inactive Customers,0,302,13,2,618.73,47.59461538461539
14080.0,32,5,1115.68,Recent Low-Value Customers,0,268,74,5,1115.68,13.441927710843375
14081.0,301,10,4867.57,Occasional Customers,1,3381,465,10,4867.57,5.767263033175355
14082.0,364,2,413.36,Inactive Customers,1,246,48,2,413.36,6.359384615384616
14083.0,3,11,1082.19,High-Value Loyal Customers,0,760,169,11,1082.19,5.849675675675676
14084.0,511,1,150.5,Inactive Customers,1,306,7,1,150.5,21.5
14085.0,1,33,9720.67,High-Value Loyal Customers,0,6434,479,33,9720.67,9.302076555023923
14086.0,462,1,39.95,Inactive Customers,1,1,1,1,39.95,39.95
14087.0,2,3,829.47,Recent Low-Value Customers,0,718,175,3,829.47,3.8942253521126764
14088.0,9,16,64036.8,High-Value Loyal Customers,0,15276,436,16,64036.8,93.89560117302054
14089.0,56,1,158.75,Inactive Customers,0,133,13,1,158.75,12.211538461538462
14090.0,324,1,76.32000000000001,Inactive Customers,1,72,1,1,76.32000000000001,76.32000000000001
14091.0,653,2,9530.08,Occasional Customers,1,3316,13,2,9530.08,733.0830769230769
14092.0,7,24,7229.45,High-Value Loyal Customers,0,3606,169,24,7229.45,19.381903485254693
14093.0,11,1,433.86,Recent Low-Value Customers,0,391,95,1,433.86,4.3386000000000005
14094.0,439,1,311.77,Inactive Customers,1,158,41,1,311.77,7.250465116279069
14095.0,722,1,2.95,Inactive Customers,1,1,1,1,2.95,2.95
14096.0,3,17,65164.79,High-Value Loyal Customers,0,16352,1119,17,65164.79,12.749909998043435
14097.0,480,2,422.85999999999996,Inactive Customers,1,352,39,2,422.85999999999996,10.571499999999999
14098.0,36,1,147.35,Recent Low-Value Customers,0,104,21,1,147.35,7.016666666666667
14099.0,15,20,5750.91,High-Value Loyal Customers,0,3666,273,20,5750.91,11.038214971209213
14100.0,137,1,191.95000000000002,Inactive Customers,0,63,24,1,191.95000000000002,7.678000000000001
14101.0,73,13,9961.93,High-Value Loyal Customers,0,10542,19,13,9961.93,110.68811111111111
14102.0,4,5,1105.8799999999999,Recent Low-Value Customers,0,769,35,5,1105.8799999999999,19.066896551724135
14104.0,154,5,743.53,Occasional Customers,0,496,117,5,743.53,5.507629629629629
14105.0,238,5,5988.83,Occasional Customers,1,3534,200,5,5988.83,21.465340501792113
14106.0,736,1,214.79999999999998,Inactive Customers,1,24,1,1,214.79999999999998,214.79999999999998
14107.0,51,11,4877.3,High-Value Loyal Customers,0,3489,102,11,4877.3,20.666525423728814
14108.0,30,4,1044.96,Recent Low-Value Customers,0,660,49,4,1044.96,20.095384615384617
14109.0,72,1,144.2,Inactive Customers,0,88,9,1,144.2,16.022222222222222
14110.0,3,33,12987.95,High-Value Loyal Customers,0,5825,177,33,12987.95,32.55125313283208
14111.0,13,4,692.85,Recent Low-Value Customers,0,458,10,4,692.85,69.285
14112.0,22,13,5834.59,High-Value Loyal Customers,0,3539,199,13,5834.59,17.897515337423314
14113.0,3,16,7092.610000000001,High-Value Loyal Customers,0,3439,76,16,7092.610000000001,58.136147540983615
14114.0,273,7,1364.09,Occasional Customers,1,650,72,7,1364.09,18.43364864864865
14115.0,501,2,622.6700000000001,Inactive Customers,1,509,22,2,622.6700000000001,28.303181818181823
14116.0,19,5,1382.74,Recent Low-Value Customers,0,707,61,5,1382.74,19.204722222222223
14117.0,143,1,90.0,Inactive Customers,0,72,3,1,90.0,30.0
14118.0,428,1,458.45,Inactive Customers,1,97,15,1,458.45,30.563333333333333
14119.0,375,2,183.37,Inactive Customers,1,177,11,2,183.37,16.67
14121.0,3,4,2780.15,Recent Low-Value Customers,0,2082,148,4,2780.15,17.485220125786164
14122.0,405,3,362.42,Inactive Customers,1,114,12,3,362.42,27.87846153846154
14123.0,732,1,436.18,Inactive Customers,1,234,24,1,436.18,18.174166666666668
14124.0,83,1,419.58000000000004,Inactive Customers,0,1618,4,1,419.58000000000004,83.91600000000001
14125.0,10,3,2720.63,Recent Low-Value Customers,0,1628,159,3,2720.63,16.38933734939759
14126.0,7,4,1172.46,Recent Low-Value Customers,0,887,37,4,1172.46,27.26651162790698
14127.0,122,6,1900.0800000000002,Occasional Customers,0,828,96,6,1900.0800000000002,16.240000000000002
14128.0,60,3,924.21,Recent Low-Value Customers,0,814,50,3,924.21,14.218615384615385
14129.0,1,9,2591.34,High-Value Loyal Customers,0,1414,40,9,2591.34,23.77376146788991
14130.0,318,4,1858.77,Occasional Customers,1,1215,189,4,1858.77,8.448954545454546
14131.0,648,1,168.22,Inactive Customers,1,105,45,1,168.22,3.65695652173913
14132.0,1,11,3586.0299999999997,High-Value Loyal Customers,0,3368,100,11,3586.0299999999997,17.930149999999998
14133.0,129,4,911.14,Occasional Customers,0,398,33,4,911.14,25.309444444444445
14134.0,382,15,11123.35,Occasional Customers,1,5814,130,15,11123.35,61.79638888888889
14135.0,1,24,8839.67,High-Value Loyal Customers,0,8534,138,24,8839.67,40.363789954337896
14136.0,400,5,1570.81,Occasional Customers,1,1148,86,5,1570.81,14.818962264150944
14137.0,695,1,332.7,Inactive Customers,1,462,11,1,332.7,30.245454545454546
14138.0,1,2,965.8800000000001,Recent Low-Value Customers,0,600,40,2,965.8800000000001,20.99739130434783
14139.0,45,4,1086.8,Recent Low-Value Customers,0,1049,48,4,1086.8,15.75072463768116
14140.0,3,2,935.05,Recent Low-Value Customers,0,811,60,2,935.05,14.167424242424241
14141.0,2,4,915.13,Recent Low-Value Customers,0,355,27,4,915.13,22.87825
14142.0,372,2,671.34,Inactive Customers,1,518,42,2,671.34,15.257727272727273
14143.0,133,1,115.8,Inactive Customers,0,30,7,1,115.8,16.54285714285714
14144.0,485,1,30.599999999999998,Inactive Customers,1,12,1,1,30.599999999999998,30.599999999999998
14145.0,46,7,7600.05,High-Value Loyal Customers,0,1655,11,7,7600.05,304.002
14146.0,8,12,9450.3,High-Value Loyal Customers,0,5780,337,12,9450.3,20.724342105263155
14147.0,77,9,2590.2,Occasional Customers,0,995,24,9,2590.2,86.33999999999999
14148.0,233,2,466.29,Inactive Customers,1,223,15,2,466.29,27.428823529411765
14149.0,220,1,446.62,Inactive Customers,1,218,28,1,446.62,15.950714285714286
14150.0,35,2,658.64,Recent Low-Value Customers,0,496,23,2,658.64,25.33230769230769
14151.0,672,2,679.45,Inactive Customers,1,405,44,2,679.45,15.442045454545456
14152.0,74,7,1997.3400000000001,Occasional Customers,0,1844,104,7,1997.3400000000001,15.017593984962406
14153.0,482,1,233.4,Inactive Customers,1,312,17,1,233.4,13.729411764705883
14154.0,238,8,6460.7,Occasional Customers,1,3222,236,8,6460.7,22.12568493150685
14155.0,265,1,118.75,Inactive Customers,1,25,6,1,118.75,19.791666666666668
14156.0,9,156,313437.62,High-Value Loyal Customers,0,164325,1446,156,313437.62,77.62199603764239
14157.0,19,5,978.69,Recent Low-Value Customers,0,521,75,5,978.69,11.514000000000001
14158.0,39,1,507.66,Recent Low-Value Customers,0,781,41,1,507.66,12.381951219512196
14159.0,19,20,7860.8,High-Value Loyal Customers,0,6520,706,20,7860.8,4.281481481481482
14160.0,609,7,8421.47,Occasional Customers,1,4661,80,7,8421.47,78.70532710280374
14161.0,215,7,2996.93,Occasional Customers,1,1480,202,7,2996.93,10.819241877256317
14162.0,173,2,289.36,Inactive Customers,0,142,25,2,289.36,11.5744
14163.0,86,5,2594.62,Occasional Customers,0,950,42,5,2594.62,44.7348275862069
14164.0,70,2,1631.77,Occasional Customers,0,1033,28,2,1631.77,56.26793103448276
14165.0,275,1,120.44,Inactive Customers,1,53,23,1,120.44,5.0183333333333335
14166.0,504,2,251.15,Inactive Customers,1,82,39,2,251.15,4.924509803921569
14167.0,38,8,1274.29,Occasional Customers,0,340,48,8,1274.29,11.080782608695651
14168.0,420,2,370.45,Inactive Customers,1,147,11,2,370.45,24.696666666666665
14169.0,430,2,621.51,Inactive Customers,1,205,50,2,621.51,9.71109375
14170.0,374,3,570.18,Inactive Customers,1,270,123,3,570.18,3.9322758620689653
14171.0,97,2,498.79,Inactive Customers,0,211,61,2,498.79,7.79359375
14172.0,604,3,369.02,Inactive Customers,1,78,38,3,369.02,8.386818181818182
14173.0,10,6,586.0,Recent Low-Value Customers,0,194,30,6,586.0,17.757575757575758
14174.0,32,1,134.46,Recent Low-Value Customers,0,94,26,1,134.46,5.171538461538462
14175.0,59,8,7678.88,High-Value Loyal Customers,0,3009,237,8,7678.88,23.1990332326284
14176.0,296,5,756.46,Occasional Customers,1,265,33,5,756.46,20.444864864864865
14177.0,85,13,2209.69,Occasional Customers,0,1043,141,13,2209.69,10.778975609756097
14178.0,8,7,1600.26,Recent Low-Value Customers,0,1494,191,7,1600.26,5.032264150943396
14179.0,40,2,701.57,Recent Low-Value Customers,0,319,135,2,701.57,4.46859872611465
14180.0,10,33,6117.5,High-Value Loyal Customers,0,847,125,33,6117.5,21.16782006920415
14181.0,410,2,308.35,Inactive Customers,1,120,48,2,308.35,5.929807692307692
14182.0,443,4,678.77,Occasional Customers,1,174,42,4,678.77,13.5754
14183.0,410,2,278.34000000000003,Inactive Customers,1,60,27,2,278.34000000000003,8.186470588235295
14184.0,66,1,452.89,Inactive Customers,0,127,24,1,452.89,18.870416666666667
14185.0,330,1,197.65,Inactive Customers,1,6,3,1,197.65,65.88333333333334
14186.0,426,5,1550.63,Occasional Customers,1,1550,75,5,1550.63,14.909903846153847
14187.0,473,1,123.5,Inactive Customers,1,50,8,1,123.5,15.4375
14188.0,30,6,2054.36,Occasional Customers,0,1162,34,6,2054.36,31.605538461538462
14189.0,1,16,5503.15,High-Value Loyal Customers,0,4392,199,16,5503.15,17.92557003257329
14190.0,665,1,79.9,Inactive Customers,1,2,1,1,79.9,79.9
14191.0,1,15,4817.66,High-Value Loyal Customers,0,3724,147,15,4817.66,18.17984905660377
14192.0,387,1,293.74,Inactive Customers,1,218,14,1,293.74,20.981428571428573
14193.0,67,3,1210.19,Occasional Customers,0,653,49,3,1210.19,18.90921875
14194.0,4,36,18670.59,High-Value Loyal Customers,0,10037,432,36,18670.59,19.611964285714286
14195.0,201,6,2615.6,Occasional Customers,1,2144,10,6,2615.6,163.475
14196.0,106,1,335.52,Inactive Customers,0,142,6,1,335.52,55.919999999999995
14197.0,410,1,390.05,Inactive Customers,1,143,20,1,390.05,19.5025
14198.0,17,9,1569.73,High-Value Loyal Customers,0,623,58,9,1569.73,17.24978021978022
14199.0,217,4,1091.7,Occasional Customers,1,254,15,4,1091.7,60.650000000000006
14200.0,616,1,379.2,Inactive Customers,1,140,21,1,379.2,18.057142857142857
14201.0,59,10,1193.54,Occasional Customers,0,806,47,10,1193.54,21.70072727272727
14202.0,380,3,847.76,Occasional Customers,1,166,27,3,847.76,29.233103448275862
14203.0,396,1,339.34,Inactive Customers,1,80,16,1,339.34,21.20875
14204.0,1,4,1024.83,Recent Low-Value Customers,0,469,186,4,1024.83,4.658318181818181
14205.0,16,9,2414.2,High-Value Loyal Customers,0,1342,79,9,2414.2,19.627642276422762
14206.0,238,3,1185.01,Occasional Customers,1,930,62,3,1185.01,16.690281690140846
14207.0,687,1,157.8,Inactive Customers,1,36,2,1,157.8,78.9
14208.0,94,2,567.05,Inactive Customers,0,529,34,2,567.05,16.20142857142857
14209.0,10,15,4993.27,High-Value Loyal Customers,0,1739,133,15,4993.27,21.61588744588745
14210.0,105,16,5556.570000000001,High-Value Loyal Customers,0,2511,143,16,5556.570000000001,17.69608280254777
14211.0,52,18,4402.29,High-Value Loyal Customers,0,2575,155,18,4402.29,18.342875
14212.0,89,2,2190.14,Occasional Customers,0,2046,18,2,2190.14,104.29238095238095
14213.0,404,1,1192.2,Inactive Customers,1,244,5,1,1192.2,238.44
14214.0,30,5,1004.38,Recent Low-Value Customers,0,751,64,5,1004.38,14.990746268656716
14215.0,11,9,3250.33,High-Value Loyal Customers,0,2181,167,9,3250.33,17.474892473118278
14216.0,2,5,2150.04,Recent Low-Value Customers,0,712,65,5,2150.04,27.9225974025974
14217.0,1,23,3298.59,High-Value Loyal Customers,0,1230,122,23,3298.59,18.95741379310345
14218.0,42,1,169.48000000000002,Inactive Customers,0,160,12,1,169.48000000000002,14.123333333333335
14219.0,3,3,633.83,Recent Low-Value Customers,0,363,39,3,633.83,14.740232558139535
14220.0,246,4,1515.0,Occasional Customers,1,468,26,4,1515.0,39.86842105263158
14221.0,41,17,6517.49,High-Value Loyal Customers,0,3808,166,17,6517.49,18.782391930835733
14222.0,176,1,683.17,Inactive Customers,0,607,41,1,683.17,16.662682926829266
14223.0,91,3,991.13,Occasional Customers,0,585,50,3,991.13,16.518833333333333
14224.0,109,9,1841.71,Occasional Customers,0,826,189,9,1841.71,8.042401746724892
14225.0,434,4,2031.07,Occasional Customers,1,1167,70,4,2031.07,23.617093023255812
14226.0,28,6,2985.13,Occasional Customers,0,1714,89,6,2985.13,30.774536082474228
14227.0,25,15,6368.71,High-Value Loyal Customers,0,4048,246,15,6368.71,16.8931299734748
14228.0,437,3,745.5,Inactive Customers,1,260,38,3,745.5,19.61842105263158
14229.0,51,7,2594.04,Occasional Customers,0,934,41,7,2594.04,36.028333333333336
14230.0,435,3,979.8000000000001,Occasional Customers,1,246,27,3,979.8000000000001,29.69090909090909
14231.0,183,4,1235.6200000000001,Occasional Customers,1,610,66,4,1235.6200000000001,17.90753623188406
14232.0,42,5,2048.07,Occasional Customers,0,1941,81,5,2048.07,17.80930434782609
14233.0,48,7,2904.27,Occasional Customers,0,1261,42,7,2904.27,39.784520547945206
14234.0,21,4,754.12,Recent Low-Value Customers,0,951,122,4,754.12,5.130068027210885
14235.0,74,9,4717.99,Occasional Customers,0,3014,107,9,4717.99,31.87831081081081
14236.0,80,5,1555.34,Occasional Customers,0,774,39,5,1555.34,33.092340425531916
14237.0,372,2,471.14,Inactive Customers,1,238,26,2,471.14,18.12076923076923
14238.0,325,3,434.23,Inactive Customers,1,189,13,3,434.23,33.402307692307694
14239.0,42,21,4263.17,High-Value Loyal Customers,0,1729,97,21,4263.17,20.300809523809523
14240.0,29,3,1247.49,Recent Low-Value Customers,0,655,46,3,1247.49,20.450655737704917
14241.0,183,2,333.70000000000005,Inactive Customers,1,242,12,2,333.70000000000005,27.808333333333337
14242.0,234,2,280.55,Inactive Customers,1,123,13,2,280.55,17.534375
14243.0,8,17,7217.75,High-Value Loyal Customers,0,3631,235,17,7217.75,19.883608815426996
14244.0,660,1,366.41999999999996,Inactive Customers,1,814,16,1,366.41999999999996,22.901249999999997
14245.0,219,2,1693.45,Occasional Customers,1,976,107,2,1693.45,15.680092592592594
14246.0,110,3,1474.06,Occasional Customers,0,804,57,3,1474.06,19.654133333333334
14247.0,277,5,753.56,Occasional Customers,1,378,82,5,753.56,6.668672566371681
14248.0,317,3,1032.95,Occasional Customers,1,692,41,3,1032.95,21.977659574468085
14249.0,410,12,5400.461,Occasional Customers,1,2383,178,12,5400.461,19.854636029411765
14250.0,6,3,1904.05,Recent Low-Value Customers,0,1200,94,3,1904.05,17.153603603603603
14251.0,1,5,2879.7000000000003,High-Value Loyal Customers,0,1674,37,5,2879.7000000000003,36.91923076923077
14252.0,380,1,350.99,Inactive Customers,1,111,10,1,350.99,35.099000000000004
14253.0,492,2,363.40000000000003,Inactive Customers,1,88,11,2,363.40000000000003,30.283333333333335
14254.0,432,1,601.03,Inactive Customers,1,263,23,1,601.03,26.13173913043478
14255.0,545,1,1000.63,Inactive Customers,1,1,1,1,1000.63,1000.63
14256.0,259,5,2460.79,Occasional Customers,1,1147,100,5,2460.79,18.50218045112782
14257.0,63,9,5954.45,High-Value Loyal Customers,0,3332,167,9,5954.45,24.810208333333332
14258.0,8,25,32051.34,High-Value Loyal Customers,0,17488,97,25,32051.34,106.8378
14259.0,141,1,120.0,Inactive Customers,0,68,5,1,120.0,24.0
14260.0,470,3,824.28,Occasional Customers,1,544,50,3,824.28,16.16235294117647
14261.0,50,2,1163.45,Recent Low-Value Customers,0,406,52,2,1163.45,22.37403846153846
14262.0,7,8,2618.23,High-Value Loyal Customers,0,1645,87,8,2618.23,18.3093006993007
14263.0,422,1,322.93,Inactive Customers,1,171,16,1,322.93,20.183125
14264.0,154,6,1517.3600000000001,Occasional Customers,0,553,59,6,1517.3600000000001,19.207088607594937
14265.0,108,4,1373.35,Occasional Customers,0,715,74,4,1373.35,17.384177215189872
14266.0,427,1,40.56,Inactive Customers,1,24,1,1,40.56,40.56
14267.0,162,3,1516.24,Occasional Customers,0,530,25,3,1516.24,27.568
14268.0,470,1,354.85,Inactive Customers,1,147,19,1,354.85,18.676315789473687
14269.0,438,1,295.73,Inactive Customers,1,123,16,1,295.73,18.483125
14270.0,331,1,492.65000000000003,Inactive Customers,1,197,29,1,492.65000000000003,16.98793103448276
14271.0,225,2,214.18,Inactive Customers,1,148,38,2,214.18,5.636315789473684
14272.0,73,4,920.81,Occasional Customers,0,1097,62,4,920.81,14.38765625
14273.0,50,4,559.97,Recent Low-Value Customers,0,264,22,4,559.97,19.309310344827587
14274.0,685,1,256.6,Inactive Customers,1,178,15,1,256.6,17.10666666666667
14275.0,395,6,1189.3799999999999,Occasional Customers,1,538,14,6,1189.3799999999999,51.71217391304347
14276.0,98,7,2102.68,Occasional Customers,0,1406,75,7,2102.68,17.377520661157025
14277.0,14,9,17197.61,High-Value Loyal Customers,0,89806,334,9,17197.61,45.37627968337731
14278.0,409,1,205.83,Inactive Customers,1,131,13,1,205.83,15.833076923076923
14279.0,520,2,191.86,Inactive Customers,1,46,3,2,191.86,63.95333333333334
14280.0,196,1,134.04,Inactive Customers,1,52,8,1,134.04,16.755
14281.0,407,1,245.15,Inactive Customers,1,45,7,1,245.15,35.02142857142857
14282.0,2,25,7250.76,High-Value Loyal Customers,0,5166,100,25,7250.76,30.337907949790797
14283.0,462,4,628.4399999999999,Occasional Customers,1,550,36,4,628.4399999999999,15.327804878048779
14284.0,30,3,1299.65,Recent Low-Value Customers,0,510,59,3,1299.65,19.39776119402985
14285.0,20,8,3284.42,High-Value Loyal Customers,0,954,48,8,3284.42,53.84295081967213
14286.0,23,7,8479.76,High-Value Loyal Customers,0,8795,270,7,8479.76,16.993507014028058
14287.0,7,3,176.63,Recent Low-Value Customers,0,261,9,3,176.63,19.625555555555554
14288.0,212,1,426.6,Inactive Customers,1,188,16,1,426.6,26.6625
14289.0,8,6,911.26,Recent Low-Value Customers,0,292,33,6,911.26,19.388510638297873
14290.0,10,8,4516.56,High-Value Loyal Customers,0,1600,120,8,4516.56,29.910993377483447
14291.0,1,23,7904.1,High-Value Loyal Customers,0,6146,241,23,7904.1,16.000202429149798
14292.0,7,16,9226.25,High-Value Loyal Customers,0,3429,120,16,9226.25,47.80440414507772
14293.0,2,9,2903.01,High-Value Loyal Customers,0,1558,88,9,2903.01,24.395042016806723
14294.0,406,1,375.34,Inactive Customers,1,190,23,1,375.34,16.319130434782608
14295.0,39,5,2362.91,Occasional Customers,0,1029,66,5,2362.91,32.818194444444444
14296.0,420,2,456.40000000000003,Inactive Customers,1,314,27,2,456.40000000000003,16.903703703703705
14297.0,17,4,1305.33,Recent Low-Value Customers,0,865,48,4,1305.33,21.053709677419352
14298.0,7,82,91194.49,High-Value Loyal Customers,0,100272,1370,82,91194.49,31.841651536312852
14299.0,7,27,14070.25,High-Value Loyal Customers,0,8136,164,27,14070.25,42.00074626865672
14300.0,18,1,43.2,Recent Low-Value Customers,0,32,3,1,43.2,14.4
14301.0,116,4,1992.18,Occasional Customers,0,1686,37,4,1992.18,37.58830188679245
14302.0,430,3,742.9000000000001,Occasional Customers,1,298,25,3,742.9000000000001,26.532142857142862
14303.0,406,2,277.94,Inactive Customers,1,218,21,2,277.94,12.633636363636363
14304.0,222,3,1725.01,Occasional Customers,1,775,69,3,1725.01,19.602386363636363
14305.0,70,3,1858.96,Occasional Customers,0,1089,96,3,1858.96,17.70438095238095
14306.0,50,6,3151.4,Occasional Customers,0,2065,43,6,3151.4,68.50869565217391
14307.0,88,10,4287.92,Occasional Customers,0,2816,205,10,4287.92,16.366106870229007
14308.0,548,2,1147.02,Inactive Customers,1,2,1,2,1147.02,573.51
14309.0,7,11,3780.81,High-Value Loyal Customers,0,2583,125,11,3780.81,20.004285714285714
14310.0,432,1,492.1,Inactive Customers,1,230,22,1,492.1,22.36818181818182
14311.0,242,2,516.45,Inactive Customers,1,235,31,2,516.45,16.65967741935484
14312.0,46,11,3090.29,High-Value Loyal Customers,0,1904,148,11,3090.29,17.168277777777778
14314.0,106,2,229.8,Inactive Customers,0,332,10,2,229.8,22.98
14315.0,44,8,3197.82,Occasional Customers,0,1344,83,8,3197.82,24.043759398496242
14316.0,421,5,1370.34,Occasional Customers,1,4494,21,5,1370.34,44.20451612903226
14317.0,64,1,508.58000000000004,Recent Low-Value Customers,0,255,24,1,508.58000000000004,21.190833333333334
14318.0,459,1,158.02,Inactive Customers,1,152,9,1,158.02,17.55777777777778
14319.0,423,1,494.85,Inactive Customers,1,329,26,1,494.85,19.032692307692308
14320.0,206,5,1346.75,Occasional Customers,1,713,68,5,1346.75,16.626543209876544
14321.0,10,7,2218.06,High-Value Loyal Customers,0,3275,162,7,2218.06,12.391396648044692
14322.0,428,4,474.1,Inactive Customers,1,158,10,4,474.1,36.46923076923077
14323.0,114,2,605.0600000000001,Inactive Customers,0,350,32,2,605.0600000000001,16.807222222222222
14324.0,409,2,701.61,Inactive Customers,1,402,41,2,701.61,17.112439024390245
14325.0,569,1,245.48000000000002,Inactive Customers,1,320,18,1,245.48000000000002,13.637777777777778
14326.0,241,3,940.98,Occasional Customers,1,572,54,3,940.98,16.50842105263158
14327.0,162,6,1894.93,Occasional Customers,0,1296,99,6,1894.93,17.87669811320755
14328.0,437,1,445.05,Inactive Customers,1,1,1,1,445.05,445.05
14329.0,16,15,9887.62,High-Value Loyal Customers,0,5913,349,15,9887.62,17.912355072463768
14330.0,623,1,200.63,Inactive Customers,1,103,13,1,200.63,15.433076923076923
14331.0,123,2,462.65999999999997,Inactive Customers,0,252,27,2,462.65999999999997,16.523571428571426
14332.0,22,5,1917.41,Recent Low-Value Customers,0,875,47,5,1917.41,30.925967741935484
14333.0,67,1,415.2,Inactive Customers,0,58,15,1,415.2,27.68
14334.0,16,12,4318.48,High-Value Loyal Customers,0,2986,148,12,4318.48,16.738294573643408
14335.0,15,2,454.86,Recent Low-Value Customers,0,375,55,2,454.86,7.581
14336.0,16,4,1614.91,Recent Low-Value Customers,0,1759,77,4,1614.91,17.943444444444445
14338.0,160,3,928.1,Occasional Customers,0,622,43,3,928.1,18.562
14339.0,242,2,620.27,Inactive Customers,1,456,21,2,620.27,26.968260869565217
14340.0,218,1,134.7,Inactive Customers,1,58,6,1,134.7,22.45
14341.0,44,18,4452.02,High-Value Loyal Customers,0,2813,185,18,4452.02,16.800075471698115
14342.0,20,6,918.44,Recent Low-Value Customers,0,521,27,6,918.44,27.831515151515152
14343.0,420,4,1079.66,Occasional Customers,1,626,193,4,1079.66,4.613931623931625
14344.0,126,20,2993.05,High-Value Loyal Customers,0,1546,140,20,2993.05,13.013260869565219
14345.0,38,1,108.97999999999999,Inactive Customers,0,50,6,1,108.97999999999999,18.16333333333333
14346.0,120,5,2315.75,Occasional Customers,0,1878,123,5,2315.75,15.861301369863014
14347.0,736,1,82.6,Inactive Customers,1,48,6,1,82.6,13.766666666666666
14348.0,259,1,409.57,Inactive Customers,1,183,18,1,409.57,22.753888888888888
14349.0,9,1,133.5,Recent Low-Value Customers,0,86,31,1,133.5,4.306451612903226
14350.0,273,3,972.03,Occasional Customers,1,543,55,3,972.03,16.47508474576271
14351.0,164,1,51.0,Inactive Customers,0,12,1,1,51.0,51.0
14352.0,156,4,1078.96,Occasional Customers,0,538,44,4,1078.96,22.95659574468085
14353.0,214,3,376.5,Inactive Customers,1,344,18,3,376.5,15.06
14354.0,5,2,163.62,Recent Low-Value Customers,0,210,9,2,163.62,18.18
14355.0,365,3,840.0500000000001,Occasional Customers,1,617,57,3,840.0500000000001,14.000833333333334
14356.0,79,2,701.23,Recent Low-Value Customers,0,277,33,2,701.23,21.24939393939394
14357.0,42,1,225.12,Recent Low-Value Customers,0,147,39,1,225.12,5.628
14358.0,388,2,400.06,Inactive Customers,1,338,21,2,400.06,16.0024
14359.0,18,3,912.18,Recent Low-Value Customers,0,371,44,3,912.18,16.58509090909091
14360.0,31,4,2118.03,Recent Low-Value Customers,0,1139,104,4,2118.03,18.102820512820514
14361.0,578,1,214.70999999999998,Inactive Customers,1,251,14,1,214.70999999999998,15.33642857142857
14362.0,21,1,151.5,Recent Low-Value Customers,0,96,37,1,151.5,4.094594594594595
14363.0,401,2,227.47000000000003,Inactive Customers,1,105,8,2,227.47000000000003,28.433750000000003
14364.0,108,8,3717.35,Occasional Customers,0,1967,61,8,3717.35,53.87463768115942
14365.0,394,2,634.68,Inactive Customers,1,557,50,2,634.68,12.44470588235294
14366.0,524,1,136.0,Inactive Customers,1,16,1,1,136.0,136.0
14367.0,7,16,9227.82,High-Value Loyal Customers,0,4426,270,16,9227.82,17.711746641074857
14368.0,319,1,155.0,Inactive Customers,1,36,8,1,155.0,19.375
14369.0,641,2,469.13,Inactive Customers,1,255,24,2,469.13,18.04346153846154
14370.0,450,6,1175.78,Occasional Customers,1,266,37,6,1175.78,26.722272727272728
14371.0,294,1,100.5,Inactive Customers,1,34,4,1,100.5,25.125
14372.0,442,2,860.08,Inactive Customers,1,378,36,2,860.08,22.633684210526315
14373.0,357,1,76.55,Inactive Customers,1,17,4,1,76.55,19.1375
14374.0,540,1,108.0,Inactive Customers,1,20,7,1,108.0,15.428571428571429
14375.0,184,3,1106.82,Occasional Customers,1,647,176,3,1106.82,5.399121951219512
14376.0,682,1,215.46,Inactive Customers,1,50,17,1,215.46,11.97
14377.0,190,2,617.05,Inactive Customers,1,219,11,2,617.05,56.095454545454544
14378.0,621,1,131.25,Inactive Customers,1,57,9,1,131.25,14.583333333333334
14379.0,43,4,1265.16,Recent Low-Value Customers,0,712,93,4,1265.16,9.8840625
14380.0,681,1,48.96,Inactive Customers,1,1,1,1,48.96,48.96
14381.0,51,2,625.9399999999999,Recent Low-Value Customers,0,449,104,2,625.9399999999999,5.588749999999999
14382.0,25,2,1193.6299999999999,Recent Low-Value Customers,0,1667,227,2,1193.6299999999999,4.278243727598566
14383.0,37,3,1247.69,Recent Low-Value Customers,0,817,49,3,1247.69,21.14728813559322
14384.0,500,1,58.5,Inactive Customers,1,30,3,1,58.5,19.5
14385.0,8,3,202.11,Recent Low-Value Customers,0,159,13,3,202.11,14.436428571428573
14386.0,296,1,142.4,Inactive Customers,1,54,7,1,142.4,20.342857142857145
14387.0,32,3,1727.6,Recent Low-Value Customers,0,795,125,3,1727.6,12.428776978417266
14388.0,9,16,6388.2,High-Value Loyal Customers,0,4190,184,16,6388.2,16.254961832061067
14389.0,64,5,1898.01,Occasional Customers,0,1388,48,5,1898.01,21.816206896551723
14390.0,9,13,6150.03,High-Value Loyal Customers,0,2830,197,13,6150.03,13.39875816993464
14391.0,576,1,135.6,Inactive Customers,1,168,14,1,135.6,9.685714285714285
14392.0,431,1,266.4,Inactive Customers,1,114,14,1,266.4,19.02857142857143
14393.0,217,1,67.95,Inactive Customers,1,13,5,1,67.95,13.59
14394.0,564,1,93.8,Inactive Customers,1,58,6,1,93.8,15.633333333333333
14395.0,1,20,7801.93,High-Value Loyal Customers,0,3872,320,20,7801.93,10.015314505776637
14396.0,64,7,1969.38,Occasional Customers,0,959,202,7,1969.38,7.909156626506024
14397.0,2,19,2612.96,High-Value Loyal Customers,0,1890,18,19,2612.96,30.034022988505747
14398.0,400,2,707.79,Inactive Customers,1,267,50,2,707.79,13.354528301886791
14399.0,393,8,2108.21,Occasional Customers,1,965,119,8,2108.21,10.980260416666667
14400.0,148,3,1732.47,Occasional Customers,0,1706,71,3,1732.47,23.73246575342466
14401.0,3,22,6795.9,High-Value Loyal Customers,0,6401,171,22,6795.9,25.5484962406015
14402.0,651,1,285.6,Inactive Customers,1,240,8,1,285.6,35.7
14403.0,129,6,1880.51,Occasional Customers,0,737,20,6,1880.51,75.2204
14404.0,33,13,2724.13,High-Value Loyal Customers,0,1577,123,13,2724.13,15.050441988950277
14405.0,386,1,195.0,Inactive Customers,1,100,2,1,195.0,97.5
14406.0,118,1,156.75,Inactive Customers,0,77,8,1,156.75,19.59375
14407.0,106,6,2157.73,Occasional Customers,0,1415,67,6,2157.73,29.557945205479452
14408.0,10,11,4102.27,High-Value Loyal Customers,0,2438,63,11,4102.27,32.048984375
14409.0,70,9,3427.29,Occasional Customers,0,2233,76,9,3427.29,32.95471153846154
14410.0,91,11,2631.9,Occasional Customers,0,1369,307,11,2631.9,6.8361038961038965
14411.0,310,1,1063.0,Inactive Customers,1,196,14,1,1063.0,75.92857142857143
14412.0,42,3,1426.19,Recent Low-Value Customers,0,1428,75,3,1426.19,16.978452380952383
14413.0,361,4,764.52,Occasional Customers,1,277,93,4,764.52,7.96375
14414.0,91,8,2399.33,Occasional Customers,0,2877,99,8,2399.33,20.333305084745763
14415.0,0,23,11980.09,High-Value Loyal Customers,0,6263,445,23,11980.09,9.708338735818476
14416.0,21,2,490.22,Recent Low-Value Customers,0,326,13,2,490.22,35.01571428571429
14417.0,387,1,524.65,Inactive Customers,1,543,106,1,524.65,4.484188034188034
14418.0,3,3,1937.25,Recent Low-Value Customers,0,1711,114,3,1937.25,15.622983870967742
14419.0,10,7,1254.64,Recent Low-Value Customers,0,552,118,7,1254.64,5.576177777777779
14420.0,98,4,1639.17,Occasional Customers,0,1120,85,4,1639.17,17.62548387096774
14421.0,56,6,2469.37,Occasional Customers,0,1342,72,6,2469.37,25.722604166666667
14422.0,0,19,10271.52,High-Value Loyal Customers,0,6067,317,19,10271.52,18.60782608695652
14423.0,217,3,916.6099999999999,Occasional Customers,1,419,12,3,916.6099999999999,61.10733333333333
14424.0,17,1,322.08,Recent Low-Value Customers,0,48,1,1,322.08,322.08
14425.0,434,3,661.39,Inactive Customers,1,325,35,3,661.39,16.958717948717947
14426.0,23,17,11727.94,High-Value Loyal Customers,0,7023,452,17,11727.94,19.417119205298015
14427.0,49,4,1263.52,Occasional Customers,0,538,43,4,1263.52,28.716363636363635
14428.0,6,5,1224.06,Recent Low-Value Customers,0,428,108,5,1224.06,8.934744525547444
14429.0,403,1,516.28,Inactive Customers,1,286,22,1,516.28,23.467272727272725
14430.0,511,3,1220.9,Occasional Customers,1,446,29,3,1220.9,34.88285714285715
14431.0,302,4,2614.2,Occasional Customers,1,1202,72,4,2614.2,32.27407407407407
14432.0,9,6,2248.5,Recent Low-Value Customers,0,2013,256,6,2248.5,5.964190981432361
14433.0,465,1,280.7,Inactive Customers,1,131,72,1,280.7,3.7932432432432432
14434.0,21,6,1372.8,Recent Low-Value Customers,0,368,3,6,1372.8,114.39999999999999
14435.0,501,1,90.42,Inactive Customers,1,282,3,1,90.42,30.14
14436.0,98,2,271.70000000000005,Inactive Customers,0,297,11,2,271.70000000000005,24.700000000000003
14437.0,365,5,873.34,Occasional Customers,1,420,34,5,873.34,20.793809523809525
14438.0,305,1,131.9,Inactive Customers,1,82,9,1,131.9,14.655555555555557
14439.0,319,5,9443.04,Occasional Customers,1,2244,105,5,9443.04,73.20186046511628
14440.0,7,13,5982.03,High-Value Loyal Customers,0,1605,63,13,5982.03,46.734609375
14441.0,0,11,4611.6900000000005,High-Value Loyal Customers,0,1260,103,11,4611.6900000000005,29.946038961038965
14442.0,204,7,5367.0199999999995,Occasional Customers,1,1431,128,7,5367.0199999999995,29.3279781420765
14443.0,53,5,2082.97,Occasional Customers,0,1357,119,5,2082.97,15.66142857142857
14444.0,455,1,120.44,Inactive Customers,1,172,11,1,120.44,10.94909090909091
14445.0,455,1,221.65,Inactive Customers,1,83,32,1,221.65,6.9265625
14446.0,0,5,1200.28,Recent Low-Value Customers,0,1091,259,5,1200.28,3.762633228840125
14447.0,18,6,1711.73,Recent Low-Value Customers,0,913,81,6,1711.73,16.148396226415095
14448.0,8,2,375.35,Recent Low-Value Customers,0,104,20,2,375.35,18.767500000000002
14449.0,18,8,2230.96,High-Value Loyal Customers,0,1604,301,8,2230.96,4.61896480331263
14450.0,180,7,1128.44,Occasional Customers,0,522,47,7,1128.44,14.847894736842106
14451.0,59,12,3258.68,High-Value Loyal Customers,0,1737,245,12,3258.68,6.364609375
14452.0,10,4,658.95,Recent Low-Value Customers,0,285,108,4,658.95,5.108139534883721
14453.0,189,1,119.93,Inactive Customers,1,49,22,1,119.93,5.451363636363637
14454.0,375,5,977.3,Occasional Customers,1,400,93,5,977.3,8.884545454545455
14455.0,431,4,617.72,Occasional Customers,1,706,65,4,617.72,8.022337662337662
14456.0,4,9,3017.28,High-Value Loyal Customers,0,2885,580,9,3017.28,3.1861457233368533
14457.0,310,1,113.64,Inactive Customers,1,88,4,1,113.64,28.41
14458.0,380,1,228.07,Inactive Customers,1,317,46,1,228.07,4.852553191489362
14459.0,154,2,5375.741,Occasional Customers,0,2303,113,2,5375.741,47.57292920353982
14460.0,109,9,1093.5,Occasional Customers,0,1879,33,9,1093.5,26.035714285714285
14461.0,147,13,6676.91,Occasional Customers,0,3005,515,13,6676.91,10.498286163522012
14462.0,65,12,2242.81,Occasional Customers,0,1063,182,12,2242.81,7.98153024911032
14463.0,97,4,786.5699999999999,Occasional Customers,0,210,7,4,786.5699999999999,98.32124999999999
14464.0,567,2,111.0,Inactive Customers,1,62,4,2,111.0,27.75
14465.0,246,11,3925.85,Occasional Customers,1,2539,128,11,3925.85,20.34119170984456
14466.0,28,13,4267.15,High-Value Loyal Customers,0,2507,77,13,4267.15,20.714320388349513
14467.0,17,12,2203.2400000000002,High-Value Loyal Customers,0,1187,144,12,2203.2400000000002,7.271419141914192
14468.0,733,1,204.24,Inactive Customers,1,164,12,1,204.24,17.02
14469.0,415,4,2093.46,Occasional Customers,1,973,120,4,2093.46,14.437655172413793
14470.0,11,3,712.04,Recent Low-Value Customers,0,282,56,3,712.04,11.867333333333333
14471.0,590,2,400.95,Inactive Customers,1,187,38,2,400.95,9.779268292682927
14472.0,103,9,2118.72,Occasional Customers,0,1271,173,9,2118.72,6.856699029126213
14473.0,73,2,234.34000000000003,Inactive Customers,0,88,7,2,234.34000000000003,33.47714285714286
14474.0,45,2,1258.8899999999999,Recent Low-Value Customers,0,448,122,2,1258.8899999999999,9.912519685039369
14475.0,71,4,1151.15,Occasional Customers,0,541,40,4,1151.15,23.98229166666667
14476.0,256,1,193.0,Inactive Customers,1,110,17,1,193.0,11.352941176470589
14477.0,19,7,1969.6,Recent Low-Value Customers,0,1120,7,7,1969.6,140.68571428571428
14478.0,381,4,1276.66,Occasional Customers,1,1226,59,4,1276.66,18.774411764705885
14479.0,253,4,1124.71,Occasional Customers,1,562,127,4,1124.71,8.091438848920864
14480.0,10,4,1299.52,Recent Low-Value Customers,0,670,52,4,1299.52,19.992615384615384
14481.0,164,5,2284.69,Occasional Customers,0,1568,114,5,2284.69,15.231266666666667
14482.0,17,12,4306.72,High-Value Loyal Customers,0,2869,185,12,4306.72,17.65049180327869
14483.0,281,2,257.1,Inactive Customers,1,193,13,2,257.1,19.77692307692308
14484.0,49,4,1070.98,Recent Low-Value Customers,0,744,47,4,1070.98,20.207169811320757
14485.0,38,1,162.8,Recent Low-Value Customers,0,70,44,1,162.8,3.539130434782609
14486.0,511,2,175.5,Inactive Customers,1,90,4,2,175.5,29.25
14487.0,26,7,1266.27,Recent Low-Value Customers,0,761,129,7,1266.27,7.5373214285714285
14488.0,67,1,1064.28,Recent Low-Value Customers,0,799,46,1,1064.28,23.136521739130433
14489.0,206,4,1574.93,Occasional Customers,1,1011,65,4,1574.93,15.7493
14490.0,405,2,1273.47,Occasional Customers,1,933,72,2,1273.47,15.918375000000001
14491.0,174,2,340.93,Inactive Customers,0,139,17,2,340.93,20.05470588235294
14492.0,429,7,1921.91,Occasional Customers,1,751,70,7,1921.91,20.890326086956524
14493.0,6,10,5087.86,High-Value Loyal Customers,0,3148,292,10,5087.86,14.331999999999999
14494.0,25,3,401.46,Recent Low-Value Customers,0,210,17,3,401.46,23.615294117647057
14495.0,50,3,174.8,Recent Low-Value Customers,0,68,7,3,174.8,24.97142857142857
14496.0,311,7,2363.89,Occasional Customers,1,905,64,7,2363.89,22.300849056603774
14497.0,308,2,697.0600000000001,Inactive Customers,1,332,40,2,697.0600000000001,17.4265
14498.0,42,10,3900.83,High-Value Loyal Customers,0,2120,276,10,3900.83,10.571355013550136
14499.0,25,7,2101.79,Occasional Customers,0,1231,199,7,2101.79,6.758167202572347
14500.0,87,3,356.85,Recent Low-Value Customers,0,117,6,3,356.85,50.978571428571435
14501.0,183,2,251.21,Inactive Customers,1,161,9,2,251.21,25.121000000000002
14502.0,19,11,2429.83,High-Value Loyal Customers,0,1480,368,11,2429.83,3.9964309210526316
14503.0,2,6,3543.26,High-Value Loyal Customers,0,2004,113,6,3543.26,21.605243902439025
14504.0,46,4,673.26,Recent Low-Value Customers,0,308,85,4,673.26,6.2921495327102805
14505.0,16,19,11879.08,High-Value Loyal Customers,0,5325,898,19,11879.08,7.542273015873016
14506.0,16,7,2960.25,High-Value Loyal Customers,0,936,251,7,2960.25,7.437814070351759
14507.0,23,11,3216.7400000000002,High-Value Loyal Customers,0,1491,182,11,3216.7400000000002,12.467984496124032
14508.0,21,5,822.92,Recent Low-Value Customers,0,347,142,5,822.92,4.6492655367231635
14509.0,533,1,110.95,Inactive Customers,1,38,25,1,110.95,4.438
14510.0,375,3,979.85,Occasional Customers,1,793,67,3,979.85,13.064666666666668
14511.0,10,5,1314.81,Recent Low-Value Customers,0,784,53,5,1314.81,19.33544117647059
14512.0,187,7,1215.97,Occasional Customers,1,736,55,7,1215.97,15.392025316455696
14513.0,100,6,788.01,Occasional Customers,0,593,15,6,788.01,41.47421052631579
14514.0,60,9,4380.04,Occasional Customers,0,2362,212,9,4380.04,13.730532915360502
14515.0,17,12,3724.06,High-Value Loyal Customers,0,1893,109,12,3724.06,21.52635838150289
14516.0,515,1,151.17,Inactive Customers,1,63,35,1,151.17,4.3191428571428565
14517.0,32,2,330.45,Recent Low-Value Customers,0,91,17,2,330.45,18.358333333333334
14518.0,63,1,174.37,Inactive Customers,0,278,16,1,174.37,10.898125
14519.0,683,2,203.14,Inactive Customers,1,81,38,2,203.14,5.34578947368421
14520.0,1,2,270.6,Recent Low-Value Customers,0,146,3,2,270.6,67.65
14521.0,490,1,199.45000000000002,Inactive Customers,1,211,17,1,199.45000000000002,11.732352941176472
14522.0,23,8,1748.42,Occasional Customers,0,956,34,8,1748.42,38.85377777777778
14523.0,107,1,241.09,Inactive Customers,0,251,12,1,241.09,20.090833333333332
14524.0,31,13,2909.86,High-Value Loyal Customers,0,1169,250,13,2909.86,9.036832298136646
14525.0,19,17,8026.54,High-Value Loyal Customers,0,5106,340,17,8026.54,15.25958174904943
14526.0,388,1,258.65,Inactive Customers,1,178,41,1,258.65,6.308536585365853
14527.0,2,122,27246.88,High-Value Loyal Customers,0,6647,607,122,27246.88,10.324698749526336
14528.0,36,1,364.21999999999997,Recent Low-Value Customers,0,278,18,1,364.21999999999997,20.234444444444442
14529.0,59,3,578.61,Recent Low-Value Customers,0,325,177,3,578.61,2.7164788732394367
14530.0,25,16,6088.87,High-Value Loyal Customers,0,2989,269,16,6088.87,12.872875264270613
14531.0,479,1,376.34,Inactive Customers,1,260,29,1,376.34,12.977241379310344
14532.0,235,11,3845.78,Occasional Customers,1,1111,209,11,3845.78,12.247707006369428
14533.0,24,11,3466.37,High-Value Loyal Customers,0,6038,74,11,3466.37,38.947977528089886
14534.0,2,26,6187.66,High-Value Loyal Customers,0,2822,437,26,6187.66,8.65406993006993
14535.0,59,9,5973.2300000000005,High-Value Loyal Customers,0,3214,589,9,5973.2300000000005,7.240278787878789
14536.0,259,1,170.95,Inactive Customers,1,39,18,1,170.95,9.497222222222222
14537.0,57,2,641.4,Recent Low-Value Customers,0,228,23,2,641.4,27.88695652173913
14538.0,64,5,1370.8400000000001,Occasional Customers,0,284,45,5,1370.8400000000001,26.362307692307695
14539.0,15,2,537.48,Recent Low-Value Customers,0,428,31,2,537.48,16.79625
14540.0,9,11,3709.64,High-Value Loyal Customers,0,1595,197,11,3709.64,14.051666666666666
14541.0,58,14,2491.38,High-Value Loyal Customers,0,1123,99,14,2491.38,14.236457142857143
14542.0,185,1,103.25,Inactive Customers,1,19,5,1,103.25,20.65
14543.0,28,39,14587.87,High-Value Loyal Customers,0,2639,106,39,14587.87,68.81070754716981
14544.0,23,3,2938.53,Recent Low-Value Customers,0,2412,148,3,2938.53,15.714064171122995
14545.0,673,1,349.25,Inactive Customers,1,236,23,1,349.25,15.184782608695652
14546.0,4,11,5184.84,High-Value Loyal Customers,0,2688,410,11,5184.84,6.563088607594937
14547.0,3,8,3974.75,High-Value Loyal Customers,0,2639,198,8,3974.75,11.196478873239437
14548.0,150,9,2541.29,Occasional Customers,0,986,66,9,2541.29,23.102636363636364
14549.0,310,4,913.6,Occasional Customers,1,394,117,4,913.6,6.388811188811189
14550.0,10,4,1345.06,Recent Low-Value Customers,0,771,77,4,1345.06,13.866597938144329
14551.0,17,7,878.09,Recent Low-Value Customers,0,486,69,7,878.09,11.115063291139242
14552.0,151,3,507.93,Inactive Customers,0,258,124,3,507.93,3.298246753246753
14553.0,18,9,1818.6,High-Value Loyal Customers,0,1118,233,9,1818.6,6.314583333333333
14554.0,9,4,2279.4900000000002,Recent Low-Value Customers,0,1443,147,4,2279.4900000000002,11.229014778325125
14555.0,56,6,2304.03,Occasional Customers,0,842,94,6,2304.03,19.692564102564106
14556.0,595,3,815.69,Inactive Customers,1,323,158,3,815.69,4.161683673469388
14557.0,84,1,788.38,Inactive Customers,0,510,16,1,788.38,49.27375
14558.0,653,3,655.5,Inactive Customers,1,162,13,3,655.5,43.7
14559.0,389,1,75.6,Inactive Customers,1,72,2,1,75.6,37.8
14560.0,6,44,6114.03,High-Value Loyal Customers,0,4580,60,44,6114.03,30.570149999999998
14561.0,75,3,1080.76,Occasional Customers,0,1014,67,3,1080.76,15.6631884057971
14562.0,3,26,6638.150000000001,High-Value Loyal Customers,0,2574,245,26,6638.150000000001,11.045174708818637
14563.0,509,2,640.54,Inactive Customers,1,279,95,2,640.54,6.042830188679245
14564.0,434,2,2605.62,Occasional Customers,1,1295,107,2,2605.62,24.35158878504673
14565.0,95,5,3859.2200000000003,Occasional Customers,0,1940,139,5,3859.2200000000003,24.120125
14566.0,110,4,4092.0,Occasional Customers,0,2400,9,4,4092.0,255.75
14567.0,56,2,1530.3600000000001,Recent Low-Value Customers,0,412,33,2,1530.3600000000001,46.374545454545455
14568.0,434,1,919.7,Inactive Customers,1,645,47,1,919.7,19.56808510638298
14569.0,0,4,597.3299999999999,Recent Low-Value Customers,0,257,31,4,597.3299999999999,17.568529411764704
14570.0,280,3,613.75,Inactive Customers,1,431,64,3,613.75,9.025735294117647
14571.0,424,1,160.0,Inactive Customers,1,56,30,1,160.0,5.333333333333333
14572.0,2,11,5526.88,High-Value Loyal Customers,0,2878,336,11,5526.88,10.901143984220907
14573.0,179,13,2163.12,Occasional Customers,0,683,183,13,2163.12,6.977806451612903
14574.0,732,1,143.70000000000002,Inactive Customers,1,63,11,1,143.70000000000002,13.063636363636364
14575.0,487,1,420.22,Inactive Customers,1,163,71,1,420.22,5.836388888888889
14576.0,371,1,35.400000000000006,Inactive Customers,1,12,1,1,35.400000000000006,35.400000000000006
14577.0,12,7,1364.15,Recent Low-Value Customers,0,569,104,7,1364.15,7.495329670329671
14578.0,2,1,168.63,Recent Low-Value Customers,0,240,24,1,168.63,7.02625
14579.0,431,1,105.56,Inactive Customers,1,56,24,1,105.56,4.2224
14580.0,517,1,14.850000000000001,Inactive Customers,1,3,1,1,14.850000000000001,14.850000000000001
14581.0,16,2,409.65,Recent Low-Value Customers,0,304,59,2,409.65,6.8275
14582.0,40,1,114.11,Inactive Customers,0,73,6,1,114.11,19.018333333333334
14583.0,5,8,1660.29,High-Value Loyal Customers,0,1071,353,8,1660.29,3.5782112068965515
14584.0,168,8,1738.16,Occasional Customers,0,960,127,8,1738.16,7.973211009174312
14585.0,49,5,1143.27,Occasional Customers,0,630,88,5,1143.27,10.29972972972973
14586.0,276,1,237.36,Inactive Customers,1,444,19,1,237.36,12.49263157894737
14587.0,18,9,1580.29,High-Value Loyal Customers,0,749,170,9,1580.29,4.259541778975741
14588.0,577,1,135.39,Inactive Customers,1,62,16,1,135.39,8.461875
14589.0,371,1,39.75,Inactive Customers,1,5,3,1,39.75,13.25
14590.0,424,20,2993.37,Occasional Customers,1,901,124,20,2993.37,14.818663366336633
14591.0,14,4,1320.21,Recent Low-Value Customers,0,1228,138,4,1320.21,7.501193181818182
14592.0,34,3,557.94,Recent Low-Value Customers,0,407,132,3,557.94,3.5312658227848104
14593.0,21,12,3665.5299999999997,High-Value Loyal Customers,0,1848,436,12,3665.5299999999997,5.999230769230769
14594.0,6,2,363.33,Recent Low-Value Customers,0,183,48,2,363.33,6.987115384615384
14595.0,19,8,2164.45,High-Value Loyal Customers,0,1228,119,8,2164.45,15.915073529411764
14596.0,626,1,222.22000000000003,Inactive Customers,1,75,50,1,222.22000000000003,4.192830188679245
14597.0,10,6,2184.63,Recent Low-Value Customers,0,1436,79,6,2184.63,22.996105263157897
14598.0,43,2,384.04,Recent Low-Value Customers,0,354,83,2,384.04,4.267111111111111
14599.0,389,2,457.89,Inactive Customers,1,292,77,2,457.89,5.796075949367088
14600.0,305,2,865.1700000000001,Inactive Customers,1,487,53,2,865.1700000000001,16.02166666666667
14601.0,10,1,213.96,Recent Low-Value Customers,0,168,7,1,213.96,30.565714285714286
14602.0,655,1,205.35999999999999,Inactive Customers,1,80,31,1,205.35999999999999,6.624516129032258
14603.0,274,1,660.0,Inactive Customers,1,400,2,1,660.0,330.0
14604.0,632,1,143.85999999999999,Inactive Customers,1,88,20,1,143.85999999999999,6.254782608695652
14605.0,373,4,921.5600000000001,Occasional Customers,1,416,88,4,921.5600000000001,8.532962962962964
14606.0,0,192,29951.37,High-Value Loyal Customers,0,15217,1262,192,29951.37,4.710075483566598
14607.0,15,22,23763.13,High-Value Loyal Customers,0,15335,106,22,23763.13,117.05975369458129
14608.0,3,11,3352.94,High-Value Loyal Customers,0,927,15,11,3352.94,77.97534883720931
14609.0,71,10,1486.2,Occasional Customers,0,12720,6,10,1486.2,114.32307692307693
14610.0,395,2,24.35,Inactive Customers,1,15,10,2,24.35,2.435
14611.0,443,2,604.3299999999999,Inactive Customers,1,582,37,2,604.3299999999999,15.903421052631577
14612.0,414,1,877.7,Inactive Customers,1,134,14,1,877.7,62.69285714285714
14613.0,679,1,76.32000000000001,Inactive Customers,1,72,1,1,76.32000000000001,76.32000000000001
14614.0,385,1,295.13,Inactive Customers,1,189,19,1,295.13,15.533157894736842
14615.0,393,5,951.76,Occasional Customers,1,495,40,5,951.76,19.828333333333333
14616.0,242,5,527.78,Occasional Customers,1,170,3,5,527.78,105.556
14617.0,402,2,190.47000000000003,Inactive Customers,1,81,7,2,190.47000000000003,21.163333333333338
14618.0,8,7,1342.32,Recent Low-Value Customers,0,704,40,7,1342.32,26.32
14619.0,245,2,1291.24,Occasional Customers,1,594,58,2,1291.24,21.520666666666667
14620.0,205,2,412.78000000000003,Inactive Customers,1,214,26,2,412.78000000000003,15.876153846153848
14621.0,0,9,3000.57,High-Value Loyal Customers,0,1706,134,9,3000.57,18.871509433962267
14622.0,184,1,320.58000000000004,Inactive Customers,1,146,21,1,320.58000000000004,15.265714285714287
14623.0,31,10,2016.98,High-Value Loyal Customers,0,1025,193,10,2016.98,7.152411347517731
14624.0,56,6,814.07,Occasional Customers,0,645,39,6,814.07,15.962156862745099
14625.0,195,11,4497.88,Occasional Customers,1,2155,167,11,4497.88,16.90932330827068
14626.0,23,11,5410.92,High-Value Loyal Customers,0,3135,181,11,5410.92,23.32293103448276
14627.0,378,1,462.75,Inactive Customers,1,284,29,1,462.75,15.956896551724139
14628.0,90,5,1998.0,Occasional Customers,0,1147,65,5,1998.0,23.232558139534884
14629.0,3,2,955.26,Recent Low-Value Customers,0,378,133,2,955.26,6.3684
14630.0,483,1,338.65,Inactive Customers,1,111,21,1,338.65,16.126190476190477
14631.0,50,6,2025.69,Occasional Customers,0,1407,65,6,2025.69,22.26032967032967
14632.0,262,1,114.56,Inactive Customers,1,96,8,1,114.56,14.32
14633.0,265,1,344.90000000000003,Inactive Customers,1,96,20,1,344.90000000000003,17.245
14634.0,437,4,2124.46,Occasional Customers,1,1906,105,4,2124.46,19.49045871559633
14635.0,453,1,215.22,Inactive Customers,1,118,15,1,215.22,14.348
14636.0,35,2,609.85,Recent Low-Value Customers,0,241,27,2,609.85,21.780357142857145
14637.0,676,1,106.67999999999999,Inactive Customers,1,100,7,1,106.67999999999999,15.239999999999998
14638.0,50,1,443.6,Recent Low-Value Customers,0,166,16,1,443.6,27.725
14639.0,51,9,4978.96,High-Value Loyal Customers,0,2410,203,9,4978.96,17.05123287671233
14640.0,23,10,3649.36,High-Value Loyal Customers,0,1645,165,10,3649.36,17.97714285714286
14641.0,21,1,110.46,Recent Low-Value Customers,0,90,7,1,110.46,15.78
14642.0,58,1,96.12,Inactive Customers,0,76,2,1,96.12,48.06
14643.0,169,5,1679.89,Occasional Customers,0,1377,57,5,1679.89,27.095000000000002
14644.0,67,7,2247.72,Occasional Customers,0,770,50,7,2247.72,36.25354838709677
14645.0,156,3,876.89,Occasional Customers,0,587,45,3,876.89,18.268541666666668
14646.0,1,151,528602.52,High-Value Loyal Customers,0,367193,961,151,528602.52,137.33502727981295
14647.0,200,2,506.04,Inactive Customers,1,175,42,2,506.04,10.5425
14648.0,415,15,4466.65,Occasional Customers,1,3265,286,15,4466.65,10.363457076566124
14649.0,4,9,3651.19,High-Value Loyal Customers,0,2415,374,9,3651.19,6.928254269449716
14650.0,588,1,62.5,Inactive Customers,1,22,4,1,62.5,15.625
14651.0,66,9,2025.52,Occasional Customers,0,880,216,9,2025.52,7.157314487632509
14652.0,76,1,114.18,Inactive Customers,0,53,29,1,114.18,3.937241379310345
14653.0,0,12,3593.06,High-Value Loyal Customers,0,1969,271,12,3593.06,9.405916230366492
14654.0,737,1,246.86,Inactive Customers,1,273,27,1,246.86,9.142962962962963
14655.0,7,7,3878.51,High-Value Loyal Customers,0,2341,72,7,3878.51,37.655436893203884
14656.0,168,5,790.0,Occasional Customers,0,309,148,5,790.0,3.816425120772947
14657.0,17,6,1450.19,Recent Low-Value Customers,0,879,143,6,1450.19,6.938708133971292
14658.0,4,2,247.15,Recent Low-Value Customers,0,47,27,2,247.15,8.522413793103448
14659.0,8,9,2529.93,High-Value Loyal Customers,0,1195,147,9,2529.93,9.999723320158102
14660.0,86,2,285.74,Inactive Customers,0,228,24,2,285.74,9.524666666666667
14661.0,26,1,107.95,Recent Low-Value Customers,0,35,4,1,107.95,26.9875
14662.0,28,7,1376.43,Occasional Customers,0,907,199,7,1376.43,5.783319327731093
14663.0,429,2,490.6,Inactive Customers,1,397,60,2,490.6,7.214705882352941
14664.0,19,2,636.24,Recent Low-Value Customers,0,465,78,2,636.24,6.492244897959184
14665.0,60,7,2749.65,Occasional Customers,0,1144,94,7,2749.65,20.83068181818182
14666.0,23,1,195.25,Recent Low-Value Customers,0,161,14,1,195.25,13.946428571428571
14667.0,10,54,20395.34,High-Value Loyal Customers,0,11939,578,54,20395.34,16.05932283464567
14668.0,444,1,111.63,Inactive Customers,1,49,10,1,111.63,9.3025
14669.0,241,7,3216.78,Occasional Customers,1,2043,334,7,3216.78,8.312093023255814
14670.0,279,3,583.33,Inactive Customers,1,423,159,3,583.33,3.2588268156424585
14671.0,548,2,1127.45,Inactive Customers,1,571,48,2,1127.45,20.49909090909091
14672.0,234,4,1113.14,Occasional Customers,1,646,93,4,1113.14,10.501320754716982
14673.0,2,7,3037.32,High-Value Loyal Customers,0,1822,86,7,3037.32,20.522432432432435
14674.0,508,1,173.66,Inactive Customers,1,103,14,1,173.66,12.404285714285715
14675.0,15,2,1015.58,Recent Low-Value Customers,0,660,196,2,1015.58,4.595384615384615
14676.0,30,12,8356.79,High-Value Loyal Customers,0,8792,77,12,8356.79,62.833007518797
14677.0,592,1,184.91,Inactive Customers,1,139,14,1,184.91,13.207857142857142
14678.0,578,1,403.39,Inactive Customers,1,179,24,1,403.39,16.807916666666667
14679.0,381,3,1289.44,Occasional Customers,1,794,49,3,1289.44,20.467301587301588
14680.0,24,58,55688.5,High-Value Loyal Customers,0,26894,222,58,55688.5,43.71153846153846
14681.0,70,6,875.1500000000001,Occasional Customers,0,172,19,6,875.1500000000001,43.75750000000001
14682.0,187,6,1514.81,Occasional Customers,1,949,79,6,1514.81,17.61406976744186
14683.0,587,1,146.56,Inactive Customers,1,386,21,1,146.56,6.979047619047619
14684.0,25,6,1430.03,Recent Low-Value Customers,0,1005,272,6,1430.03,2.942448559670782
14685.0,575,8,4536.64,Occasional Customers,1,1969,109,8,4536.64,24.26010695187166
14686.0,413,5,852.53,Occasional Customers,1,457,185,5,852.53,3.8928310502283106
14687.0,106,3,1402.06,Occasional Customers,0,850,34,3,1402.06,35.0515
14688.0,7,28,7190.42,High-Value Loyal Customers,0,5041,197,28,7190.42,14.704335378323108
14689.0,208,1,112.8,Inactive Customers,1,76,13,1,112.8,8.676923076923076
14690.0,43,4,777.68,Recent Low-Value Customers,0,341,69,4,777.68,7.5502912621359215
14691.0,30,5,2114.33,Occasional Customers,0,707,50,5,2114.33,29.779295774647885
14692.0,136,12,1715.1399999999999,Occasional Customers,0,890,101,12,1715.1399999999999,10.787044025157233
14693.0,264,7,1165.36,Occasional Customers,1,388,43,7,1165.36,15.538133333333333
14694.0,616,1,244.31,Inactive Customers,1,193,15,1,244.31,16.287333333333333
14695.0,518,3,1534.22,Occasional Customers,1,661,76,3,1534.22,18.71
14696.0,3,8,2473.28,High-Value Loyal Customers,0,1867,137,8,2473.28,16.060259740259742
14697.0,217,2,188.60999999999999,Inactive Customers,1,181,22,2,188.60999999999999,8.573181818181817
14698.0,1,5,1217.27,Recent Low-Value Customers,0,602,148,5,1217.27,6.0863499999999995
14699.0,213,4,702.6,Occasional Customers,1,484,45,4,702.6,14.052
14700.0,31,5,3076.06,Occasional Customers,0,1606,111,5,3076.06,18.419520958083833
14701.0,10,15,4487.11,High-Value Loyal Customers,0,1744,455,15,4487.11,7.5413613445378145
14702.0,0,29,6368.78,High-Value Loyal Customers,0,2878,338,29,6368.78,9.379646539027982
14703.0,14,1,318.17,Recent Low-Value Customers,0,183,22,1,318.17,14.462272727272728
14704.0,10,11,1752.92,High-Value Loyal Customers,0,1164,319,11,1752.92,3.8525714285714288
14705.0,198,1,179.0,Inactive Customers,1,100,1,1,179.0,179.0
14706.0,618,1,367.54,Inactive Customers,1,246,25,1,367.54,14.701600000000001
14707.0,435,2,139.2,Inactive Customers,1,96,1,2,139.2,69.6
14708.0,2,5,1793.22,Recent Low-Value Customers,0,1159,27,5,1793.22,43.737073170731705
14709.0,14,25,8886.33,High-Value Loyal Customers,0,4141,105,25,8886.33,24.891680672268908
14710.0,13,13,1899.79,High-Value Loyal Customers,0,1135,310,13,1899.79,4.397662037037037
14711.0,9,11,2839.62,High-Value Loyal Customers,0,966,221,11,2839.62,8.230782608695652
14712.0,28,4,1328.0700000000002,Recent Low-Value Customers,0,411,24,4,1328.0700000000002,41.502187500000005
14713.0,8,21,5115.76,High-Value Loyal Customers,0,3329,222,21,5115.76,7.567692307692308
14714.0,23,4,906.24,Recent Low-Value Customers,0,642,64,4,906.24,9.744516129032258
14715.0,24,8,1825.45,Occasional Customers,0,1030,102,8,1825.45,13.324452554744527
14716.0,42,3,543.28,Recent Low-Value Customers,0,643,85,3,543.28,5.659166666666667
14717.0,732,1,81.3,Inactive Customers,1,32,11,1,81.3,7.390909090909091
14718.0,409,1,226.42,Inactive Customers,1,202,11,1,226.42,20.583636363636362
14719.0,1,5,1581.84,Recent Low-Value Customers,0,1025,177,5,1581.84,6.731234042553191
14720.0,5,3,663.81,Recent Low-Value Customers,0,219,34,3,663.81,17.94081081081081
14721.0,378,1,109.07,Inactive Customers,1,57,24,1,109.07,4.3628
14722.0,146,3,489.52,Inactive Customers,0,214,72,3,489.52,5.626666666666666
14723.0,9,11,1803.06,High-Value Loyal Customers,0,1168,287,11,1803.06,4.334278846153846
14724.0,589,1,341.9,Inactive Customers,1,184,40,1,341.9,8.339024390243901
14725.0,24,4,1252.74,Recent Low-Value Customers,0,1335,85,4,1252.74,12.5274
14726.0,654,1,116.5,Inactive Customers,1,82,15,1,116.5,7.766666666666667
14727.0,273,3,463.72999999999996,Inactive Customers,1,458,43,3,463.72999999999996,10.08108695652174
14728.0,412,1,190.58,Inactive Customers,1,68,14,1,190.58,13.612857142857143
14729.0,373,3,586.24,Inactive Customers,1,372,126,3,586.24,4.441212121212121
14730.0,0,8,1897.57,High-Value Loyal Customers,0,1078,317,8,1897.57,4.107294372294372
14731.0,46,3,380.02,Recent Low-Value Customers,0,256,38,3,380.02,8.444888888888888
14732.0,7,19,5517.07,High-Value Loyal Customers,0,2273,162,19,5517.07,19.9172202166065
14733.0,15,15,14335.15,High-Value Loyal Customers,0,5799,140,15,14335.15,44.937774294670845
14734.0,425,4,1056.42,Occasional Customers,1,378,48,4,1056.42,16.76857142857143
14735.0,3,56,12240.16,High-Value Loyal Customers,0,4513,198,56,12240.16,33.44306010928962
14736.0,484,2,374.05,Inactive Customers,1,148,70,2,374.05,4.250568181818182
14737.0,3,4,3554.17,Recent Low-Value Customers,0,1071,28,4,3554.17,78.98155555555556
14738.0,42,9,1821.9,Occasional Customers,0,757,58,9,1821.9,22.77375
14739.0,3,25,11573.62,High-Value Loyal Customers,0,9696,129,25,11573.62,47.432868852459016
14740.0,196,11,4161.06,Occasional Customers,1,2081,173,11,4161.06,18.013246753246754
14741.0,11,7,1713.09,Recent Low-Value Customers,0,1006,48,7,1713.09,22.540657894736842
14742.0,434,1,579.85,Inactive Customers,1,374,34,1,579.85,17.054411764705883
14743.0,592,1,50.48,Inactive Customers,1,40,3,1,50.48,16.826666666666664
14744.0,15,14,3660.08,High-Value Loyal Customers,0,2399,57,14,3660.08,31.017627118644068
14745.0,112,12,2551.41,Occasional Customers,0,1969,74,12,2551.41,18.22435714285714
14746.0,405,4,593.5,Occasional Customers,1,398,7,4,593.5,65.94444444444444
14747.0,248,1,328.2,Inactive Customers,1,84,18,1,328.2,18.233333333333334
14748.0,28,10,2681.9,High-Value Loyal Customers,0,2422,129,10,2681.9,16.867295597484276
14749.0,479,1,310.15,Inactive Customers,1,403,18,1,310.15,17.230555555555554
14750.0,735,1,112.03,Inactive Customers,1,65,32,1,112.03,3.5009375
14751.0,683,2,126.45,Inactive Customers,1,65,7,2,126.45,18.064285714285713
14752.0,43,1,389.64,Recent Low-Value Customers,0,260,5,1,389.64,77.928
14753.0,86,2,869.51,Recent Low-Value Customers,0,412,45,2,869.51,18.114791666666665
14754.0,44,6,1547.93,Occasional Customers,0,1010,110,6,1547.93,11.381838235294119
14755.0,9,25,9972.550000000001,High-Value Loyal Customers,0,4401,219,25,9972.550000000001,20.99484210526316
14756.0,14,3,2653.76,Recent Low-Value Customers,0,1423,102,3,2653.76,22.300504201680674
14757.0,74,1,420.5,Inactive Customers,0,160,19,1,420.5,22.13157894736842
14758.0,144,7,2864.97,Occasional Customers,0,840,91,7,2864.97,21.065955882352938
14759.0,4,3,1625.97,Recent Low-Value Customers,0,569,92,3,1625.97,15.940882352941177
14760.0,296,1,89.2,Inactive Customers,1,40,5,1,89.2,17.84
14761.0,58,3,447.92,Recent Low-Value Customers,0,206,21,3,447.92,18.663333333333334
14762.0,263,2,417.57,Inactive Customers,1,428,28,2,417.57,13.919
14764.0,46,1,278.3,Recent Low-Value Customers,0,190,6,1,278.3,46.38333333333333
14765.0,28,3,254.11,Recent Low-Value Customers,0,135,38,3,254.11,6.515641025641026
14766.0,7,11,6375.7300000000005,High-Value Loyal Customers,0,3999,251,11,6375.7300000000005,19.089011976047907
14767.0,473,1,382.81,Inactive Customers,1,117,18,1,382.81,21.267222222222223
14768.0,16,2,192.60000000000002,Recent Low-Value Customers,0,52,4,2,192.60000000000002,38.52
14769.0,2,17,15514.11,High-Value Loyal Customers,0,11058,834,17,15514.11,11.09736051502146
14770.0,231,8,3637.64,Occasional Customers,1,1598,152,8,3637.64,18.465177664974618
14771.0,620,2,594.62,Inactive Customers,1,622,46,2,594.62,12.651489361702128
14772.0,111,1,139.26,Inactive Customers,0,82,9,1,139.26,15.473333333333333
14773.0,592,1,140.55,Inactive Customers,1,53,10,1,140.55,14.055000000000001
14774.0,528,1,241.45,Inactive Customers,1,99,13,1,241.45,18.573076923076922
14775.0,57,3,1011.9,Recent Low-Value Customers,0,1174,57,3,1011.9,16.865
14776.0,50,15,3708.3,High-Value Loyal Customers,0,4658,68,15,3708.3,19.517368421052634
14777.0,403,1,307.56,Inactive Customers,1,212,16,1,307.56,19.2225
14778.0,126,2,730.86,Inactive Customers,0,306,34,2,730.86,20.881714285714285
14779.0,280,3,386.15,Inactive Customers,1,84,40,3,386.15,9.418292682926829
14780.0,54,2,447.68,Recent Low-Value Customers,0,310,26,2,447.68,16.58074074074074
14782.0,319,1,200.10000000000002,Inactive Customers,1,114,6,1,200.10000000000002,33.35
14783.0,658,1,307.3,Inactive Customers,1,262,17,1,307.3,18.076470588235296
14784.0,25,3,449.93,Recent Low-Value Customers,0,363,25,3,449.93,16.664074074074076
14785.0,9,2,77.4,Recent Low-Value Customers,0,84,2,2,77.4,25.8
14786.0,549,1,90.96,Inactive Customers,1,112,7,1,90.96,12.994285714285713
14787.0,470,1,110.65,Inactive Customers,1,59,14,1,110.65,7.376666666666667
14788.0,6,3,1156.32,Recent Low-Value Customers,0,719,53,3,1156.32,19.93655172413793
14789.0,28,1,197.64,Recent Low-Value Customers,0,116,6,1,197.64,32.94
14790.0,16,10,2526.62,High-Value Loyal Customers,0,2642,65,10,2526.62,17.42496551724138
14791.0,606,1,303.63,Inactive Customers,1,127,19,1,303.63,15.980526315789474
14792.0,63,1,6.2,Inactive Customers,0,2,2,1,6.2,3.1
14793.0,20,2,625.9,Recent Low-Value Customers,0,361,39,2,625.9,16.048717948717947
14794.0,2,10,1953.9,High-Value Loyal Customers,0,783,85,10,1953.9,18.7875
14795.0,165,1,131.45000000000002,Inactive Customers,0,17,6,1,131.45000000000002,21.908333333333335
14796.0,0,27,10169.33,High-Value Loyal Customers,0,7188,487,27,10169.33,6.811339584728734
14797.0,506,1,300.31,Inactive Customers,1,99,16,1,300.31,18.769375
14798.0,52,8,724.31,Occasional Customers,0,601,30,8,724.31,14.781836734693876
14799.0,50,2,338.15,Recent Low-Value Customers,0,495,20,2,338.15,14.702173913043477
14800.0,47,17,7191.33,High-Value Loyal Customers,0,6501,337,17,7191.33,11.98555
14801.0,60,1,189.34,Inactive Customers,0,173,56,1,189.34,3.3217543859649123
14802.0,437,2,1502.98,Occasional Customers,1,2,1,2,1502.98,751.49
14803.0,161,3,845.55,Occasional Customers,0,370,35,3,845.55,19.217045454545453
14804.0,8,1,353.27,Recent Low-Value Customers,0,121,12,1,353.27,29.439166666666665
14805.0,14,7,1082.55,Recent Low-Value Customers,0,416,88,7,1082.55,8.524015748031495
14806.0,74,2,303.43,Inactive Customers,0,423,17,2,303.43,15.1715
14807.0,390,2,504.14,Inactive Customers,1,234,37,2,504.14,13.266842105263157
14808.0,39,8,2718.6,Occasional Customers,0,2120,176,8,2718.6,11.768831168831168
14809.0,620,2,686.76,Inactive Customers,1,232,18,2,686.76,38.153333333333336
14810.0,40,13,2354.03,High-Value Loyal Customers,0,1162,125,13,2354.03,7.820697674418605
14811.0,386,1,170.5,Inactive Customers,1,74,28,1,170.5,6.089285714285714
14812.0,598,1,178.85,Inactive Customers,1,135,36,1,178.85,4.968055555555555
14813.0,369,4,888.91,Occasional Customers,1,392,110,4,888.91,6.4413768115942025
14814.0,580,1,154.21,Inactive Customers,1,93,28,1,154.21,5.140333333333333
14815.0,36,2,778.5,Recent Low-Value Customers,0,744,53,2,778.5,14.68867924528302
14816.0,196,1,271.85,Inactive Customers,1,5,4,1,271.85,67.9625
14817.0,199,7,3959.86,Occasional Customers,1,2462,142,7,3959.86,17.216782608695652
14818.0,73,6,1153.56,Occasional Customers,0,543,87,6,1153.56,11.091923076923077
14819.0,63,4,456.41,Recent Low-Value Customers,0,170,52,4,456.41,8.452037037037037
14820.0,20,9,1274.76,Recent Low-Value Customers,0,724,51,9,1274.76,19.918125
14821.0,366,7,1230.15,Occasional Customers,1,459,65,7,1230.15,17.82826086956522
14822.0,484,1,157.70000000000002,Inactive Customers,1,94,9,1,157.70000000000002,17.522222222222226
14823.0,179,3,321.43,Inactive Customers,0,88,56,3,321.43,4.591857142857143
14824.0,9,10,4022.9100000000003,High-Value Loyal Customers,0,1954,84,10,4022.9100000000003,25.461455696202535
14825.0,3,24,4735.08,High-Value Loyal Customers,0,2774,187,24,4735.08,15.83638795986622
14826.0,581,2,385.2,Inactive Customers,1,152,10,2,385.2,38.519999999999996
14828.0,196,13,9839.460000000001,Occasional Customers,1,9718,72,13,9839.460000000001,97.42039603960397
14829.0,28,7,1455.8700000000001,Occasional Customers,0,957,77,7,1455.8700000000001,15.998571428571429
14830.0,52,1,188.88,Inactive Customers,0,164,39,1,188.88,4.843076923076923
14831.0,679,3,1676.57,Occasional Customers,1,885,67,3,1676.57,20.445975609756097
14832.0,629,1,322.69,Inactive Customers,1,1,1,1,322.69,322.69
14833.0,498,1,94.8,Inactive Customers,1,58,7,1,94.8,13.542857142857143
14834.0,17,7,2206.16,High-Value Loyal Customers,0,872,55,7,2206.16,25.35816091954023
14835.0,528,2,297.0,Inactive Customers,1,180,1,2,297.0,148.5
14836.0,9,3,102.44999999999999,Recent Low-Value Customers,0,45,5,3,102.44999999999999,17.075
14837.0,89,9,3460.32,Occasional Customers,0,3030,171,9,3460.32,16.556555023923444
14838.0,422,2,769.9200000000001,Inactive Customers,1,361,69,2,769.9200000000001,10.998857142857144
14839.0,417,3,915.28,Occasional Customers,1,927,61,3,915.28,12.368648648648648
14840.0,267,2,362.71,Inactive Customers,1,179,20,2,362.71,16.48681818181818
14841.0,52,14,7163.0,High-Value Loyal Customers,0,4164,196,14,7163.0,23.876666666666665
14842.0,43,4,2824.69,Occasional Customers,0,1166,128,4,2824.69,19.480620689655172
14843.0,436,1,211.79999999999998,Inactive Customers,1,132,9,1,211.79999999999998,23.53333333333333
14844.0,63,10,6702.43,High-Value Loyal Customers,0,4369,158,10,6702.43,24.19649819494585
14845.0,599,1,150.0,Inactive Customers,1,600,1,1,150.0,150.0
14846.0,426,1,437.4,Inactive Customers,1,193,12,1,437.4,36.449999999999996
14847.0,148,3,1348.95,Occasional Customers,0,533,56,3,1348.95,21.75725806451613
14848.0,404,1,310.56,Inactive Customers,1,260,11,1,310.56,28.232727272727274
14849.0,21,43,15407.61,High-Value Loyal Customers,0,11838,279,43,15407.61,20.877520325203253
14850.0,311,7,1770.96,Occasional Customers,1,1393,129,7,1770.96,9.081846153846154
14851.0,22,3,829.4100000000001,Recent Low-Value Customers,0,631,38,3,829.4100000000001,19.747857142857146
14852.0,57,18,6132.43,High-Value Loyal Customers,0,4366,152,18,6132.43,19.846051779935276
14853.0,23,5,1376.87,Recent Low-Value Customers,0,345,26,5,1376.87,44.41516129032258
14854.0,77,11,4303.06,Occasional Customers,0,2987,170,11,4303.06,20.107757009345796
14855.0,118,7,6520.3,Occasional Customers,0,3510,168,7,6520.3,31.499033816425122
14856.0,35,3,1290.53,Recent Low-Value Customers,0,711,65,3,1290.53,19.854307692307692
14857.0,59,7,3651.851,Occasional Customers,0,2081,170,7,3651.851,17.144840375586856
14858.0,505,1,180.75,Inactive Customers,1,105,11,1,180.75,16.431818181818183
14859.0,12,5,1705.64,Recent Low-Value Customers,0,888,51,5,1705.64,25.843030303030304
14860.0,18,1,170.32,Recent Low-Value Customers,0,232,11,1,170.32,15.483636363636363
14861.0,51,10,1380.73,Occasional Customers,0,1076,62,10,1380.73,16.055
14862.0,25,2,841.1999999999999,Recent Low-Value Customers,0,772,47,2,841.1999999999999,17.525
14863.0,28,1,266.76,Recent Low-Value Customers,0,132,11,1,266.76,24.25090909090909
14865.0,6,4,92.52000000000001,Recent Low-Value Customers,0,204,4,4,92.52000000000001,15.420000000000002
14866.0,10,19,20746.54,High-Value Loyal Customers,0,9089,40,19,20746.54,152.54808823529413
14867.0,185,16,2952.06,Occasional Customers,1,996,67,16,2952.06,21.547883211678833
14868.0,2,12,4184.01,High-Value Loyal Customers,0,2230,132,12,4184.01,19.829431279620856
14869.0,8,6,2778.14,High-Value Loyal Customers,0,2130,187,6,2778.14,11.385819672131147
14870.0,261,6,1838.95,Occasional Customers,1,483,43,6,1838.95,28.29153846153846
14871.0,2,9,1228.17,High-Value Loyal Customers,0,446,123,9,1228.17,6.330773195876289
14872.0,483,3,816.6,Occasional Customers,1,662,34,3,816.6,18.990697674418605
14873.0,209,2,854.13,Inactive Customers,1,311,48,2,854.13,17.43122448979592
14874.0,534,1,116.18,Inactive Customers,1,148,6,1,116.18,19.363333333333333
14875.0,107,3,2862.4,Occasional Customers,0,1332,88,3,2862.4,32.16179775280899
14876.0,520,2,256.7,Inactive Customers,1,162,12,2,256.7,19.746153846153845
14877.0,417,2,425.85,Inactive Customers,1,168,57,2,425.85,6.7595238095238095
14878.0,12,25,4076.5,High-Value Loyal Customers,0,2416,159,25,4076.5,11.047425474254743
14879.0,684,1,185.06,Inactive Customers,1,104,27,1,185.06,6.854074074074074
14880.0,76,3,690.59,Recent Low-Value Customers,0,365,45,3,690.59,15.012826086956522
14881.0,19,1,255.4,Recent Low-Value Customers,0,316,17,1,255.4,15.023529411764706
14882.0,26,14,3546.65,High-Value Loyal Customers,0,1614,32,14,3546.65,54.56384615384616
14883.0,18,6,761.59,Recent Low-Value Customers,0,790,39,6,761.59,14.369622641509434
14884.0,668,1,120.6,Inactive Customers,1,72,8,1,120.6,15.075
14885.0,131,3,1598.12,Occasional Customers,0,1308,24,3,1598.12,51.552258064516124
14886.0,252,1,364.8,Inactive Customers,1,160,18,1,364.8,20.266666666666666
14887.0,78,1,1862.0,Recent Low-Value Customers,0,1100,6,1,1862.0,310.3333333333333
14888.0,206,1,369.2,Inactive Customers,1,184,20,1,369.2,18.46
14889.0,335,1,135.9,Inactive Customers,1,90,10,1,135.9,13.59
14890.0,253,3,817.25,Occasional Customers,1,636,55,3,817.25,14.337719298245615
14891.0,147,4,1106.73,Occasional Customers,0,788,55,4,1106.73,17.56714285714286
14892.0,690,1,202.35000000000002,Inactive Customers,1,79,13,1,202.35000000000002,15.565384615384618
14893.0,9,3,1809.6100000000001,Recent Low-Value Customers,0,1047,98,3,1809.6100000000001,17.07179245283019
14894.0,84,3,1492.81,Occasional Customers,0,603,39,3,1492.81,32.45239130434783
14895.0,7,38,25119.54,High-Value Loyal Customers,0,10714,441,38,25119.54,27.910600000000002
14896.0,204,8,1826.0,Occasional Customers,1,931,150,8,1826.0,7.217391304347826
14897.0,7,8,3140.54,High-Value Loyal Customers,0,1162,94,8,3140.54,24.728661417322833
14898.0,22,14,3365.95,High-Value Loyal Customers,0,2207,185,14,3365.95,11.566838487972507
14899.0,394,1,1331.38,Inactive Customers,1,570,126,1,1331.38,10.32077519379845
14900.0,521,1,13.919999999999998,Inactive Customers,1,48,1,1,13.919999999999998,13.919999999999998
14901.0,10,12,1919.0,High-Value Loyal Customers,0,880,103,12,1919.0,14.32089552238806
14902.0,25,3,1035.6200000000001,Recent Low-Value Customers,0,716,51,3,1035.6200000000001,17.552881355932204
14903.0,20,5,2795.33,Recent Low-Value Customers,0,1531,227,5,2795.33,7.986657142857142
14904.0,1,4,1630.49,Recent Low-Value Customers,0,2522,127,4,1630.49,11.563758865248227
14905.0,157,8,1971.39,Occasional Customers,0,1009,45,8,1971.39,25.27423076923077
14906.0,444,1,68.44,Inactive Customers,1,1,1,1,68.44,68.44
14907.0,2,16,5547.72,High-Value Loyal Customers,0,2583,153,16,5547.72,20.70044776119403
14908.0,73,2,381.9,Recent Low-Value Customers,0,182,14,2,381.9,27.27857142857143
14909.0,436,3,1404.68,Occasional Customers,1,888,61,3,1404.68,17.558500000000002
14910.0,2,4,434.35,Recent Low-Value Customers,0,238,25,4,434.35,14.478333333333333
14911.0,0,398,291420.81,High-Value Loyal Customers,0,147972,2550,398,291420.81,26.308640426108152
14912.0,16,6,1889.25,Recent Low-Value Customers,0,1819,44,6,1889.25,29.988095238095237
14913.0,35,8,4073.13,High-Value Loyal Customers,0,3955,176,8,4073.13,16.490404858299595
14915.0,90,11,1811.25,Occasional Customers,0,707,65,11,1811.25,20.125
14916.0,70,8,3042.95,Occasional Customers,0,2415,113,8,3042.95,22.708582089552237
14917.0,596,2,1123.75,Inactive Customers,1,891,29,2,1123.75,38.75
14918.0,115,9,5955.81,Occasional Customers,0,2551,79,9,5955.81,42.23978723404256
14919.0,538,1,359.35,Inactive Customers,1,129,13,1,359.35,27.642307692307693
14920.0,212,3,1607.17,Occasional Customers,1,886,90,3,1607.17,16.568762886597938
14921.0,29,2,1316.07,Recent Low-Value Customers,0,953,78,2,1316.07,16.872692307692308
14922.0,393,2,843.74,Inactive Customers,1,376,49,2,843.74,16.8748
14923.0,50,1,749.1,Recent Low-Value Customers,0,418,44,1,749.1,17.025000000000002
14924.0,245,3,931.01,Occasional Customers,1,312,30,3,931.01,30.03258064516129
14926.0,381,2,359.4,Inactive Customers,1,204,2,2,359.4,119.8
14927.0,396,1,308.2,Inactive Customers,1,196,20,1,308.2,15.41
14928.0,627,1,223.91000000000003,Inactive Customers,1,268,21,1,223.91000000000003,10.662380952380953
14929.0,31,2,836.69,Recent Low-Value Customers,0,487,34,2,836.69,24.608529411764707
14930.0,108,6,5236.7300000000005,Occasional Customers,0,2193,213,6,5236.7300000000005,18.837158273381295
14931.0,4,5,1257.68,Recent Low-Value Customers,0,417,30,5,1257.68,30.675121951219513
14932.0,365,2,666.13,Inactive Customers,1,257,29,2,666.13,20.8165625
14933.0,443,4,1770.0,Occasional Customers,1,600,1,4,1770.0,442.5
14934.0,81,5,3503.5,Occasional Customers,0,2100,115,5,3503.5,18.937837837837836
14935.0,296,2,2849.83,Occasional Customers,1,1931,25,2,2849.83,109.60884615384614
14936.0,33,12,12410.81,High-Value Loyal Customers,0,6274,267,12,12410.81,23.549924098671728
14937.0,56,3,1621.88,Occasional Customers,0,484,33,3,1621.88,47.70235294117647
14938.0,561,2,2322.43,Occasional Customers,1,1369,71,2,2322.43,32.710281690140846
14940.0,417,2,531.49,Inactive Customers,1,384,32,2,531.49,16.6090625
14941.0,578,1,182.1,Inactive Customers,1,80,7,1,182.1,26.014285714285712
14942.0,401,4,746.56,Occasional Customers,1,354,12,4,746.56,39.292631578947365
14943.0,662,1,107.62,Inactive Customers,1,46,5,1,107.62,21.524
14944.0,29,19,9784.67,High-Value Loyal Customers,0,4864,184,19,9784.67,32.2926402640264
14945.0,413,1,179.4,Inactive Customers,1,156,11,1,179.4,16.30909090909091
14946.0,13,1,100.9,Recent Low-Value Customers,0,22,3,1,100.9,33.63333333333333
14947.0,71,6,1049.79,Occasional Customers,0,416,47,6,1049.79,19.440555555555555
14948.0,22,6,1101.97,Recent Low-Value Customers,0,673,56,6,1101.97,17.491587301587302
14949.0,468,4,515.0,Inactive Customers,1,250,16,4,515.0,19.074074074074073
14950.0,18,1,371.2,Recent Low-Value Customers,0,136,19,1,371.2,19.53684210526316
14951.0,78,1,311.69,Inactive Customers,0,311,20,1,311.69,15.5845
14952.0,59,32,17629.35,High-Value Loyal Customers,0,6977,240,32,17629.35,57.42459283387622
14953.0,24,4,971.32,Recent Low-Value Customers,0,1014,202,4,971.32,3.964571428571429
14954.0,11,2,462.12,Recent Low-Value Customers,0,209,111,2,462.12,3.916271186440678
14955.0,732,1,163.77,Inactive Customers,1,74,30,1,163.77,5.282903225806452
14956.0,420,1,1325.0,Inactive Customers,1,2500,4,1,1325.0,331.25
14957.0,252,2,261.69,Inactive Customers,1,97,27,2,261.69,9.34607142857143
14958.0,146,6,941.99,Occasional Customers,0,248,52,6,941.99,13.267464788732395
14959.0,63,4,695.42,Recent Low-Value Customers,0,494,37,4,695.42,11.786779661016949
14960.0,7,2,221.27,Recent Low-Value Customers,0,221,23,2,221.27,8.195185185185185
14961.0,10,22,16410.15,High-Value Loyal Customers,0,8372,328,22,16410.15,24.492761194029853
14962.0,270,4,366.91,Inactive Customers,1,123,14,4,366.91,26.207857142857144
14963.0,9,12,3123.57,High-Value Loyal Customers,0,2287,304,12,3123.57,6.562121848739496
14964.0,246,1,206.21,Inactive Customers,1,143,13,1,206.21,15.862307692307693
14965.0,95,2,596.09,Inactive Customers,0,363,80,2,596.09,7.359135802469136
14966.0,14,6,1064.26,Recent Low-Value Customers,0,1060,125,6,1064.26,7.048079470198675
14967.0,49,6,1982.6100000000001,Occasional Customers,0,652,22,6,1982.6100000000001,68.36586206896553
14968.0,29,2,501.24,Recent Low-Value Customers,0,257,83,2,501.24,5.967142857142857
14969.0,703,1,906.23,Inactive Customers,1,665,13,1,906.23,69.71000000000001
14970.0,67,12,4919.35,High-Value Loyal Customers,0,982,71,12,4919.35,43.53407079646018
14971.0,34,3,1097.98,Recent Low-Value Customers,0,639,144,3,1097.98,7.083741935483871
14972.0,127,2,145.07,Inactive Customers,0,40,20,2,145.07,7.2535
14973.0,106,3,1314.45,Occasional Customers,0,369,29,3,1314.45,41.0765625
14974.0,36,1,89.94,Inactive Customers,0,37,17,1,89.94,5.290588235294117
14975.0,56,2,472.39,Recent Low-Value Customers,0,507,25,2,472.39,18.168846153846154
14976.0,56,7,790.86,Occasional Customers,0,234,47,7,790.86,10.984166666666667
14977.0,725,1,31.929999999999996,Inactive Customers,1,17,4,1,31.929999999999996,7.982499999999999
14978.0,71,10,3112.19,Occasional Customers,0,736,175,10,3112.19,10.731689655172413
14979.0,734,1,429.66,Inactive Customers,1,209,42,1,429.66,8.768571428571429
14980.0,736,1,150.68,Inactive Customers,1,79,24,1,150.68,6.278333333333333
14981.0,245,2,372.92,Inactive Customers,1,241,20,2,372.92,16.950909090909093
14982.0,571,1,237.78,Inactive Customers,1,125,39,1,237.78,6.096923076923077
14983.0,688,1,183.20000000000002,Inactive Customers,1,90,30,1,183.20000000000002,6.106666666666667
14984.0,18,6,1260.51,Recent Low-Value Customers,0,348,48,6,1260.51,23.342777777777776
14985.0,197,2,292.01,Inactive Customers,1,256,78,2,292.01,3.5181927710843373
14986.0,375,2,563.1,Inactive Customers,1,338,87,2,563.1,5.745918367346939
14987.0,15,8,1550.6499999999999,Recent Low-Value Customers,0,607,4,8,1550.6499999999999,103.37666666666665
14988.0,211,7,2038.65,Occasional Customers,1,1260,171,7,2038.65,8.675106382978724
14989.0,661,1,342.4,Inactive Customers,1,200,18,1,342.4,19.022222222222222
14990.0,611,2,304.17,Inactive Customers,1,129,41,2,304.17,7.242142857142857
14991.0,429,1,314.67,Inactive Customers,1,191,21,1,314.67,14.984285714285715
14992.0,441,1,210.5,Inactive Customers,1,145,27,1,210.5,7.796296296296297
14993.0,563,1,36.13,Inactive Customers,1,21,9,1,36.13,3.6130000000000004
14994.0,381,5,946.72,Occasional Customers,1,568,233,5,946.72,3.1348344370860928
14995.0,38,2,231.98000000000002,Recent Low-Value Customers,0,102,53,2,231.98000000000002,3.866333333333334
14996.0,480,2,442.28999999999996,Inactive Customers,1,404,37,2,442.28999999999996,10.787560975609756
14997.0,45,4,776.5999999999999,Recent Low-Value Customers,0,1408,36,4,776.5999999999999,20.436842105263157
14998.0,169,4,753.18,Occasional Customers,0,352,111,4,753.18,6.02544
14999.0,592,1,129.48000000000002,Inactive Customers,1,88,9,1,129.48000000000002,14.386666666666668
15000.0,47,1,490.52,Recent Low-Value Customers,0,218,76,1,490.52,6.37038961038961
15001.0,393,2,199.10999999999999,Inactive Customers,1,70,44,2,199.10999999999999,4.328478260869565
15002.0,115,9,4138.08,Occasional Customers,0,2214,220,9,4138.08,12.279169139465875
15003.0,472,6,1027.03,Occasional Customers,1,525,253,6,1027.03,3.1216717325227963
15004.0,146,1,1220.77,Inactive Customers,0,623,154,1,1220.77,7.927077922077922
15005.0,15,56,13754.58,High-Value Loyal Customers,0,8666,591,56,13754.58,5.762287390029326
15006.0,50,2,757.78,Recent Low-Value Customers,0,387,165,2,757.78,4.163626373626373
15007.0,158,1,156.91,Inactive Customers,0,69,12,1,156.91,13.075833333333334
15008.0,479,2,360.0,Inactive Customers,1,1500,6,2,360.0,30.0
15009.0,11,3,1259.43,Recent Low-Value Customers,0,639,148,3,1259.43,6.996833333333334
15010.0,35,1,308.94,Recent Low-Value Customers,0,184,20,1,308.94,15.447
15011.0,395,2,416.6,Inactive Customers,1,289,17,2,416.6,20.830000000000002
15012.0,53,3,646.26,Recent Low-Value Customers,0,383,165,3,646.26,3.3835602094240835
15013.0,487,10,1610.82,Occasional Customers,1,1715,177,10,1610.82,4.737705882352941
15014.0,42,2,257.67,Recent Low-Value Customers,0,149,29,2,257.67,7.808181818181819
15015.0,500,13,2354.97,Occasional Customers,1,1584,158,13,2354.97,8.010102040816326
15016.0,172,5,620.89,Occasional Customers,0,243,93,5,620.89,5.913238095238095
15017.0,33,1,125.58,Recent Low-Value Customers,0,63,20,1,125.58,6.279
15018.0,38,3,496.21000000000004,Recent Low-Value Customers,0,189,30,3,496.21000000000004,16.006774193548388
15019.0,266,1,252.81,Inactive Customers,1,150,64,1,252.81,3.8304545454545456
15020.0,378,1,198.47,Inactive Customers,1,111,27,1,198.47,7.350740740740741
15021.0,8,12,2500.59,High-Value Loyal Customers,0,1079,355,12,2500.59,4.01378812199037
15022.0,11,5,1133.44,Recent Low-Value Customers,0,640,115,5,1133.44,8.096
15023.0,2,20,11578.65,High-Value Loyal Customers,0,4758,486,20,11578.65,12.086273486430063
15024.0,9,16,3559.39,High-Value Loyal Customers,0,1924,168,16,3559.39,11.123093749999999
15025.0,32,2,979.79,Recent Low-Value Customers,0,503,132,2,979.79,7.048848920863309
15026.0,79,5,1048.8899999999999,Occasional Customers,0,655,109,5,1048.8899999999999,7.600652173913042
15027.0,30,10,3195.6,High-Value Loyal Customers,0,2782,69,10,3195.6,35.11648351648351
15028.0,7,6,962.94,Recent Low-Value Customers,0,673,65,6,962.94,9.440588235294118
15029.0,619,1,365.1,Inactive Customers,1,234,10,1,365.1,36.510000000000005
15030.0,71,8,1979.91,Occasional Customers,0,1225,25,8,1979.91,59.99727272727273
15031.0,3,14,3102.94,High-Value Loyal Customers,0,1576,237,14,3102.94,7.855544303797468
15032.0,255,8,11010.05,Occasional Customers,1,6601,39,8,11010.05,115.89526315789473
15033.0,4,10,2557.18,High-Value Loyal Customers,0,1672,315,10,2557.18,5.104151696606786
15034.0,15,14,8231.2,High-Value Loyal Customers,0,4748,416,14,8231.2,10.945744680851066
15035.0,89,1,252.73000000000002,Inactive Customers,0,245,26,1,252.73000000000002,9.36037037037037
15036.0,71,3,429.56,Recent Low-Value Customers,0,316,107,3,429.56,3.609747899159664
15037.0,375,2,397.76,Inactive Customers,1,298,40,2,397.76,8.83911111111111
15038.0,58,9,1146.53,Occasional Customers,0,381,190,9,1146.53,4.878851063829787
15039.0,9,93,39141.48,High-Value Loyal Customers,0,17780,562,93,39141.48,14.523740259740261
15040.0,541,1,7.49,Inactive Customers,1,1,1,1,7.49,7.49
15041.0,169,2,289.4,Inactive Customers,0,194,98,2,289.4,2.7826923076923076
15042.0,198,2,315.45,Inactive Customers,1,238,9,2,315.45,35.05
15043.0,30,6,2870.3199999999997,Occasional Customers,0,1019,39,6,2870.3199999999997,56.28078431372548
15044.0,18,35,16024.15,High-Value Loyal Customers,0,5241,344,35,16024.15,17.884095982142856
15045.0,151,2,735.66,Inactive Customers,0,114,11,2,735.66,61.305
15046.0,8,25,7623.79,High-Value Loyal Customers,0,4585,248,25,7623.79,19.349720812182742
15047.0,269,1,343.62,Inactive Customers,1,222,22,1,343.62,15.61909090909091
15048.0,64,4,381.0,Recent Low-Value Customers,0,192,86,4,381.0,4.053191489361702
15049.0,273,1,121.17000000000002,Inactive Customers,1,63,3,1,121.17000000000002,40.39000000000001
15050.0,24,5,4087.19,Occasional Customers,0,2600,116,5,4087.19,27.430805369127516
15051.0,22,9,3926.91,High-Value Loyal Customers,0,3052,226,9,3926.91,13.587923875432525
15052.0,318,1,207.73000000000002,Inactive Customers,1,79,27,1,207.73000000000002,7.418928571428572
15053.0,4,3,693.95,Recent Low-Value Customers,0,984,49,3,693.95,10.057246376811595
15054.0,11,2,302.1,Recent Low-Value Customers,0,198,105,2,302.1,2.6500000000000004
15055.0,474,3,549.12,Inactive Customers,1,225,77,3,549.12,6.779259259259259
15056.0,519,1,113.64999999999999,Inactive Customers,1,69,6,1,113.64999999999999,18.941666666666666
15057.0,274,5,3255.96,Occasional Customers,1,1394,62,5,3255.96,46.513714285714286
15058.0,24,16,3387.58,High-Value Loyal Customers,0,1645,232,16,3387.58,9.762478386167146
15059.0,40,19,3491.2,High-Value Loyal Customers,0,1599,308,19,3491.2,5.927334465195246
15060.0,7,4,294.25,Recent Low-Value Customers,0,257,81,4,294.25,2.5586956521739133
15061.0,3,127,126389.02,High-Value Loyal Customers,0,74280,131,127,126389.02,140.74501113585745
15062.0,70,8,2585.62,Occasional Customers,0,1872,98,8,2585.62,16.26176100628931
15063.0,212,1,370.79999999999995,Inactive Customers,1,56,5,1,370.79999999999995,74.16
15064.0,409,4,1254.41,Occasional Customers,1,810,75,4,1254.41,15.486543209876544
15065.0,37,5,3326.86,Occasional Customers,0,1446,156,5,3326.86,20.04132530120482
15066.0,52,1,893.59,Recent Low-Value Customers,0,317,42,1,893.59,21.275952380952383
15067.0,77,5,3862.88,Occasional Customers,0,2151,170,5,3862.88,21.82418079096045
15068.0,45,4,1174.9,Recent Low-Value Customers,0,832,178,4,1174.9,5.389449541284404
15069.0,178,1,1109.53,Inactive Customers,0,520,70,1,1109.53,15.850428571428571
15070.0,372,3,737.0500000000001,Occasional Customers,1,339,26,3,737.0500000000001,23.032812500000002
15071.0,93,4,1455.56,Occasional Customers,0,416,41,4,1455.56,26.954814814814814
15072.0,478,1,187.51999999999998,Inactive Customers,1,164,13,1,187.51999999999998,14.424615384615382
15073.0,9,8,2788.02,High-Value Loyal Customers,0,1410,115,8,2788.02,17.534716981132075
15074.0,104,3,1553.1299999999999,Occasional Customers,0,1039,63,3,1553.1299999999999,21.57125
15075.0,77,1,773.03,Recent Low-Value Customers,0,447,27,1,773.03,28.63074074074074
15076.0,172,3,1447.74,Occasional Customers,0,866,68,3,1447.74,18.09675
15077.0,494,2,2428.08,Occasional Customers,1,528,28,2,2428.08,75.8775
15078.0,6,53,17286.73,High-Value Loyal Customers,0,8777,118,53,17286.73,22.42118028534371
15079.0,212,11,3625.4,Occasional Customers,1,1459,119,11,3625.4,25.712056737588654
15080.0,427,2,546.25,Inactive Customers,1,287,31,2,546.25,17.620967741935484
15081.0,21,12,1854.57,High-Value Loyal Customers,0,749,75,12,1854.57,18.362079207920793
15082.0,668,1,93.35000000000001,Inactive Customers,1,43,6,1,93.35000000000001,15.558333333333335
15083.0,256,1,88.2,Inactive Customers,1,38,5,1,88.2,17.64
15084.0,379,2,965.2,Inactive Customers,1,600,31,2,965.2,31.135483870967743
15085.0,729,1,347.54,Inactive Customers,1,169,9,1,347.54,38.61555555555556
15086.0,564,2,218.53,Inactive Customers,1,95,10,2,218.53,19.866363636363637
15087.0,281,1,306.94,Inactive Customers,1,470,15,1,306.94,20.462666666666667
15088.0,20,2,1160.07,Recent Low-Value Customers,0,460,53,2,1160.07,20.352105263157895
15089.0,9,6,2420.84,High-Value Loyal Customers,0,1359,139,6,2420.84,16.69544827586207
15090.0,307,1,381.32,Inactive Customers,1,208,23,1,381.32,16.57913043478261
15091.0,67,3,1046.6100000000001,Occasional Customers,0,582,55,3,1046.6100000000001,18.36157894736842
15092.0,214,3,776.46,Occasional Customers,1,230,39,3,776.46,17.25466666666667
15093.0,17,23,13702.38,High-Value Loyal Customers,0,10778,104,23,13702.38,43.36196202531645
15094.0,462,2,83.0,Inactive Customers,1,28,4,2,83.0,16.6
15095.0,103,10,3141.64,Occasional Customers,0,2233,90,10,3141.64,25.335806451612903
15096.0,42,1,219.39000000000001,Recent Low-Value Customers,0,120,11,1,219.39000000000001,19.944545454545455
15097.0,3,3,908.35,Recent Low-Value Customers,0,424,59,3,908.35,13.762878787878789
15098.0,181,3,39916.5,Occasional Customers,1,121,1,3,39916.5,13305.5
15099.0,83,1,410.48,Inactive Customers,0,343,23,1,410.48,17.84695652173913
15100.0,333,7,2193.8999999999996,Occasional Customers,1,270,11,7,2193.8999999999996,137.11874999999998
15101.0,8,6,1477.94,Recent Low-Value Customers,0,676,52,6,1477.94,25.481724137931035
15102.0,530,2,554.67,Inactive Customers,1,339,26,2,554.67,20.543333333333333
15103.0,30,2,703.36,Recent Low-Value Customers,0,329,35,2,703.36,20.096
15104.0,196,2,993.54,Occasional Customers,1,635,66,2,993.54,14.828955223880596
15105.0,17,9,3094.91,High-Value Loyal Customers,0,1747,129,9,3094.91,20.496092715231786
15106.0,17,5,1422.52,Recent Low-Value Customers,0,1181,90,5,1422.52,14.2252
15107.0,310,9,824.35,Occasional Customers,1,330,32,9,824.35,19.627380952380953
15108.0,141,4,1300.25,Occasional Customers,0,499,50,4,1300.25,21.670833333333334
15109.0,245,3,983.1,Occasional Customers,1,258,46,3,983.1,20.48125
15110.0,23,6,1505.8500000000001,Recent Low-Value Customers,0,337,23,6,1505.8500000000001,28.4122641509434
15111.0,28,5,2442.37,Occasional Customers,0,1058,109,5,2442.37,18.09162962962963
15112.0,610,1,209.4,Inactive Customers,1,72,7,1,209.4,29.914285714285715
15113.0,9,3,3509.43,Recent Low-Value Customers,0,2344,77,3,3509.43,36.179690721649486
15114.0,29,12,3400.12,High-Value Loyal Customers,0,3532,151,12,3400.12,14.7191341991342
15115.0,17,2,531.85,Recent Low-Value Customers,0,245,35,2,531.85,15.195714285714287
15116.0,17,4,1352.75,Recent Low-Value Customers,0,648,37,4,1352.75,30.06111111111111
15117.0,14,8,2485.9700000000003,High-Value Loyal Customers,0,3093,89,8,2485.9700000000003,18.976870229007634
15118.0,133,1,244.8,Inactive Customers,0,1440,1,1,244.8,244.8
15119.0,245,1,266.4,Inactive Customers,1,88,14,1,266.4,19.02857142857143
15120.0,133,1,358.82,Inactive Customers,0,296,21,1,358.82,17.086666666666666
15121.0,49,2,457.72,Recent Low-Value Customers,0,199,28,2,457.72,16.34714285714286
15122.0,113,11,4487.27,Occasional Customers,0,2033,155,11,4487.27,19.767709251101323
15123.0,6,5,4656.17,High-Value Loyal Customers,0,2524,149,5,4656.17,25.443551912568307
15124.0,22,4,450.82,Recent Low-Value Customers,0,462,30,4,450.82,14.54258064516129
15125.0,24,24,17024.87,High-Value Loyal Customers,0,8433,151,24,17024.87,70.93695833333332
15126.0,536,2,449.49,Inactive Customers,1,273,25,2,449.49,17.9796
15127.0,65,2,711.5,Recent Low-Value Customers,0,464,27,2,711.5,25.410714285714285
15128.0,59,5,1783.68,Occasional Customers,0,1583,87,5,1783.68,14.501463414634147
15129.0,49,23,6860.18,High-Value Loyal Customers,0,4002,86,23,6860.18,33.14096618357488
15130.0,169,1,330.11,Inactive Customers,0,197,22,1,330.11,15.005
15131.0,394,1,80.28,Inactive Customers,1,88,7,1,80.28,11.468571428571428
15132.0,17,5,977.9300000000001,Recent Low-Value Customers,0,679,49,5,977.9300000000001,18.806346153846157
15133.0,127,5,1806.9,Occasional Customers,0,960,45,5,1806.9,36.875510204081635
15134.0,14,10,1596.29,High-Value Loyal Customers,0,1057,47,10,1596.29,18.779882352941176
15135.0,238,2,305.68,Inactive Customers,1,84,17,2,305.68,15.284
15136.0,2,4,1286.7,Recent Low-Value Customers,0,776,61,4,1286.7,18.92205882352941
15137.0,520,2,823.4,Inactive Customers,1,596,34,2,823.4,24.21764705882353
15138.0,393,1,502.52,Inactive Customers,1,300,31,1,502.52,16.210322580645162
15139.0,239,2,178.96,Inactive Customers,1,208,13,2,178.96,13.766153846153847
15140.0,51,8,3243.69,Occasional Customers,0,2010,103,8,3243.69,28.96151785714286
15141.0,457,7,1388.47,Occasional Customers,1,1197,44,7,1388.47,17.355875
15142.0,45,6,2619.92,Occasional Customers,0,2155,115,6,2619.92,18.450140845070422
15143.0,225,2,563.63,Inactive Customers,1,320,27,2,563.63,18.181612903225805
15144.0,7,29,12160.31,High-Value Loyal Customers,0,5251,199,29,12160.31,34.84329512893983
15145.0,3,4,1194.73,Recent Low-Value Customers,0,756,54,4,1194.73,17.83179104477612
15146.0,164,2,1327.16,Occasional Customers,0,1473,90,2,1327.16,14.584175824175825
15147.0,239,1,623.5,Inactive Customers,1,366,28,1,623.5,22.267857142857142
15148.0,10,1,301.29,Recent Low-Value Customers,0,187,20,1,301.29,15.0645
15149.0,133,5,1554.6100000000001,Occasional Customers,0,380,62,5,1554.6100000000001,22.53057971014493
15150.0,16,13,8977.94,High-Value Loyal Customers,0,6167,495,13,8977.94,15.668307155322863
15151.0,422,2,2085.61,Occasional Customers,1,795,56,2,2085.61,36.58964912280702
15152.0,9,14,5263.83,High-Value Loyal Customers,0,2994,214,14,5263.83,17.5461
15153.0,30,1,329.25,Recent Low-Value Customers,0,198,22,1,329.25,14.965909090909092
15154.0,74,3,1343.72,Occasional Customers,0,333,166,3,1343.72,7.767167630057804
15155.0,382,1,383.96999999999997,Inactive Customers,1,192,24,1,383.96999999999997,15.99875
15156.0,0,3,961.49,Recent Low-Value Customers,0,597,51,3,961.49,17.481636363636365
15157.0,3,5,2654.11,Recent Low-Value Customers,0,3466,152,5,2654.11,17.46125
15158.0,44,2,606.02,Recent Low-Value Customers,0,219,11,2,606.02,55.092727272727274
15159.0,1,34,22116.73,High-Value Loyal Customers,0,13512,413,34,22116.73,27.304604938271606
15160.0,356,4,589.27,Occasional Customers,1,307,17,4,589.27,25.620434782608694
15161.0,387,1,119.92,Inactive Customers,1,144,33,1,119.92,3.633939393939394
15162.0,730,1,312.9,Inactive Customers,1,74,12,1,312.9,26.075
15163.0,17,2,304.47,Recent Low-Value Customers,0,186,29,2,304.47,10.49896551724138
15164.0,68,9,2028.1100000000001,Occasional Customers,0,912,243,9,2028.1100000000001,5.761676136363636
15165.0,372,1,487.75,Inactive Customers,1,160,27,1,487.75,18.064814814814813
15166.0,467,1,167.16,Inactive Customers,1,140,12,1,167.16,13.93
15167.0,320,5,1627.62,Occasional Customers,1,863,262,5,1627.62,5.3540131578947365
15168.0,25,1,106.56,Recent Low-Value Customers,0,52,5,1,106.56,21.312
15169.0,381,2,569.22,Inactive Customers,1,356,58,2,569.22,9.647796610169491
15170.0,406,1,81.15,Inactive Customers,1,33,4,1,81.15,20.2875
15171.0,330,1,1289.5,Inactive Customers,1,290,5,1,1289.5,257.9
15172.0,8,5,1624.05,Recent Low-Value Customers,0,1611,106,5,1624.05,14.764090909090909
15173.0,380,7,1494.6,Occasional Customers,1,840,68,7,1494.6,17.37906976744186
15174.0,322,2,481.46,Inactive Customers,1,382,34,2,481.46,14.160588235294117
15175.0,71,1,224.14,Inactive Customers,0,454,23,1,224.14,9.745217391304347
15176.0,667,1,988.04,Inactive Customers,1,448,52,1,988.04,19.00076923076923
15177.0,425,1,948.93,Inactive Customers,1,485,26,1,948.93,36.49730769230769
15178.0,259,1,40.5,Inactive Customers,1,30,3,1,40.5,13.5
15179.0,17,13,7491.92,High-Value Loyal Customers,0,5416,225,13,7491.92,23.859617834394903
15180.0,366,3,816.9300000000001,Occasional Customers,1,654,46,3,816.9300000000001,15.710192307692308
15181.0,65,5,1200.2,Occasional Customers,0,688,15,5,1200.2,60.010000000000005
15182.0,153,11,2998.952,Occasional Customers,0,1186,78,11,2998.952,23.991616
15183.0,547,3,639.93,Inactive Customers,1,297,33,3,639.93,16.840263157894736
15184.0,28,4,685.39,Recent Low-Value Customers,0,462,72,4,685.39,8.159404761904762
15185.0,69,1,310.62,Inactive Customers,0,666,21,1,310.62,14.791428571428572
15186.0,13,5,1403.2,Recent Low-Value Customers,0,716,29,5,1403.2,26.984615384615385
15187.0,1,16,4777.18,High-Value Loyal Customers,0,1887,61,16,4777.18,52.49648351648352
15188.0,724,1,310.43,Inactive Customers,1,233,23,1,310.43,13.496956521739131
15189.0,0,46,17524.38,High-Value Loyal Customers,0,6902,90,46,17524.38,72.71526970954358
15190.0,433,1,834.4399999999999,Inactive Customers,1,790,40,1,834.4399999999999,20.860999999999997
15191.0,462,3,588.05,Inactive Customers,1,287,33,3,588.05,16.80142857142857
15192.0,119,5,1666.39,Occasional Customers,0,1448,56,5,1666.39,18.311978021978025
15193.0,60,1,499.32,Recent Low-Value Customers,0,144,19,1,499.32,26.28
15194.0,2,28,12021.53,High-Value Loyal Customers,0,8922,274,28,12021.53,25.255315126050423
15195.0,2,1,3861.0,Recent Low-Value Customers,0,1404,1,1,3861.0,3861.0
15196.0,432,2,313.7,Inactive Customers,1,130,34,2,313.7,7.469047619047619
15197.0,10,6,1877.51,Recent Low-Value Customers,0,1058,44,6,1877.51,31.82220338983051
15198.0,91,5,571.35,Occasional Customers,0,327,28,5,571.35,18.43064516129032
15199.0,58,10,3122.4,Occasional Customers,0,894,17,10,3122.4,61.22352941176471
15200.0,494,1,549.05,Inactive Customers,1,195,30,1,549.05,18.301666666666666
15201.0,86,7,1842.95,Occasional Customers,0,1660,44,7,1842.95,18.4295
15202.0,419,3,6001.49,Occasional Customers,1,3,1,3,6001.49,2000.4966666666667
15203.0,25,15,4400.18,High-Value Loyal Customers,0,4182,150,15,4400.18,12.828513119533529
15204.0,356,1,316.58,Inactive Customers,1,258,9,1,316.58,35.175555555555555
15205.0,84,2,653.24,Recent Low-Value Customers,0,378,37,2,653.24,17.655135135135136
15206.0,9,4,420.29999999999995,Recent Low-Value Customers,0,162,3,4,420.29999999999995,46.699999999999996
15207.0,415,3,683.9200000000001,Inactive Customers,1,428,19,3,683.9200000000001,28.49666666666667
15208.0,0,6,970.52,Recent Low-Value Customers,0,356,27,6,970.52,20.219166666666666
15209.0,729,1,178.98000000000002,Inactive Customers,1,94,13,1,178.98000000000002,13.76769230769231
15210.0,224,3,1176.19,Occasional Customers,1,841,66,3,1176.19,17.55507462686567
15211.0,59,2,894.4100000000001,Recent Low-Value Customers,0,240,52,2,894.4100000000001,17.20019230769231
15212.0,240,2,208.28,Inactive Customers,1,84,7,2,208.28,20.828
15213.0,318,2,328.35,Inactive Customers,1,272,22,2,328.35,13.68125
15214.0,1,8,1661.44,High-Value Loyal Customers,0,1254,109,8,1661.44,15.104000000000001
15215.0,46,7,2422.43,Occasional Customers,0,776,85,7,2422.43,21.437433628318583
15216.0,87,2,486.09,Inactive Customers,0,217,24,2,486.09,20.25375
15217.0,562,1,426.24,Inactive Customers,1,190,28,1,426.24,15.222857142857142
15218.0,10,22,11468.83,High-Value Loyal Customers,0,6530,139,22,11468.83,28.961691919191917
15219.0,175,2,685.45,Inactive Customers,0,271,26,2,685.45,26.36346153846154
15220.0,51,6,1778.96,Occasional Customers,0,1393,110,6,1778.96,15.204786324786324
15221.0,365,4,2062.2000000000003,Occasional Customers,1,244,21,4,2062.2000000000003,71.11034482758622
15222.0,318,11,3550.91,Occasional Customers,1,4458,98,11,3550.91,25.73123188405797
15223.0,225,5,1417.95,Occasional Customers,1,385,26,5,1417.95,41.70441176470588
15224.0,357,5,871.36,Occasional Customers,1,443,24,5,871.36,24.896
15225.0,233,1,409.40000000000003,Inactive Customers,1,226,23,1,409.40000000000003,17.8
15226.0,310,1,154.41,Inactive Customers,1,71,8,1,154.41,19.30125
15227.0,36,9,2488.4900000000002,Occasional Customers,0,1217,86,9,2488.4900000000002,20.737416666666668
15228.0,65,6,5580.2699999999995,Occasional Customers,0,3375,184,6,5580.2699999999995,23.84730769230769
15229.0,585,1,160.5,Inactive Customers,1,114,9,1,160.5,17.833333333333332
15230.0,238,2,429.6,Inactive Customers,1,351,23,2,429.6,18.678260869565218
15231.0,620,1,250.26,Inactive Customers,1,190,14,1,250.26,17.875714285714285
15232.0,112,2,612.06,Inactive Customers,0,686,26,2,612.06,19.743870967741934
15233.0,400,1,59.400000000000006,Inactive Customers,1,12,1,1,59.400000000000006,59.400000000000006
15234.0,276,1,197.0,Inactive Customers,1,196,14,1,197.0,14.071428571428571
15235.0,217,16,2772.76,Occasional Customers,1,1676,161,16,2772.76,15.577303370786518
15236.0,298,1,321.05,Inactive Customers,1,269,15,1,321.05,21.403333333333332
15237.0,1,4,1412.32,Recent Low-Value Customers,0,1071,94,4,1412.32,14.265858585858584
15238.0,28,3,1071.99,Recent Low-Value Customers,0,692,49,3,1071.99,21.4398
15239.0,9,2,780.59,Recent Low-Value Customers,0,594,48,2,780.59,15.930408163265307
15240.0,44,12,4459.98,High-Value Loyal Customers,0,3214,134,12,4459.98,19.910625
15241.0,66,11,3050.16,Occasional Customers,0,3328,120,11,3050.16,16.57695652173913
15242.0,421,1,302.04,Inactive Customers,1,196,4,1,302.04,75.51
15243.0,73,2,927.2800000000001,Recent Low-Value Customers,0,543,56,2,927.2800000000001,15.201311475409838
15244.0,64,3,912.08,Recent Low-Value Customers,0,472,44,3,912.08,19.00166666666667
15245.0,133,8,4610.84,Occasional Customers,0,3021,72,8,4610.84,31.154324324324325
15246.0,237,3,780.4,Occasional Customers,1,359,45,3,780.4,15.301960784313724
15247.0,121,3,976.06,Occasional Customers,0,514,13,3,976.06,57.41529411764706
15248.0,410,3,1893.93,Occasional Customers,1,1065,103,3,1893.93,17.867264150943395
15249.0,31,18,9266.0,High-Value Loyal Customers,0,4980,304,18,9266.0,18.45816733067729
15250.0,640,1,60.0,Inactive Customers,1,48,3,1,60.0,20.0
15251.0,8,21,20324.54,High-Value Loyal Customers,0,12108,183,21,20324.54,88.3675652173913
15252.0,35,5,2103.41,Occasional Customers,0,1430,106,5,2103.41,17.82550847457627
15253.0,15,8,2055.09,High-Value Loyal Customers,0,1588,102,8,2055.09,17.716293103448276
15254.0,126,3,1088.35,Occasional Customers,0,711,64,3,1088.35,16.244029850746266
15255.0,66,9,3706.02,Occasional Customers,0,2214,137,9,3706.02,19.71287234042553
15256.0,148,2,170.4,Inactive Customers,0,92,6,2,170.4,17.04
15257.0,282,2,685.9,Inactive Customers,1,71,11,2,685.9,57.15833333333333
15258.0,168,2,623.16,Inactive Customers,0,142,32,2,623.16,18.328235294117647
15259.0,512,4,1182.3799999999999,Occasional Customers,1,631,50,4,1182.3799999999999,20.74350877192982
15260.0,99,25,8767.73,High-Value Loyal Customers,0,4468,186,25,8767.73,23.01241469816273
15261.0,134,4,1508.0,Occasional Customers,0,806,87,4,1508.0,16.391304347826086
15262.0,323,3,418.82,Inactive Customers,1,218,22,3,418.82,16.108461538461537
15263.0,106,1,156.51,Inactive Customers,0,89,12,1,156.51,13.042499999999999
15264.0,63,2,848.4,Recent Low-Value Customers,0,443,52,2,848.4,15.425454545454546
15265.0,150,4,3345.64,Occasional Customers,0,1570,179,4,3345.64,17.334922279792746
15266.0,337,5,852.21,Occasional Customers,1,236,38,5,852.21,18.938000000000002
15267.0,21,5,1717.36,Recent Low-Value Customers,0,944,8,5,1717.36,156.12363636363636
15268.0,478,3,961.9000000000001,Occasional Customers,1,428,21,3,961.9000000000001,43.722727272727276
15269.0,23,3,1225.3600000000001,Recent Low-Value Customers,0,372,33,3,1225.3600000000001,35.010285714285715
15270.0,15,21,8524.86,High-Value Loyal Customers,0,4010,66,21,8524.86,50.74321428571429
15271.0,6,24,4528.54,High-Value Loyal Customers,0,2412,369,24,4528.54,7.94480701754386
15272.0,56,6,2030.95,Occasional Customers,0,665,257,6,2030.95,7.101223776223776
15273.0,599,1,228.96,Inactive Customers,1,216,1,1,228.96,228.96
15274.0,3,2,716.57,Recent Low-Value Customers,0,619,44,2,716.57,15.246170212765959
15275.0,37,1,615.14,Recent Low-Value Customers,0,498,41,1,615.14,15.003414634146342
15276.0,65,4,619.8,Recent Low-Value Customers,0,317,160,4,619.8,3.482022471910112
15277.0,46,2,476.34,Recent Low-Value Customers,0,373,23,2,476.34,18.32076923076923
15278.0,561,4,496.15999999999997,Inactive Customers,1,458,29,4,496.15999999999997,17.10896551724138
15279.0,354,5,1580.54,Occasional Customers,1,802,74,5,1580.54,16.814255319148934
15280.0,171,3,397.52,Inactive Customers,0,507,48,3,397.52,6.625333333333333
15281.0,58,16,8543.57,High-Value Loyal Customers,0,5233,427,16,8543.57,16.36699233716475
15282.0,569,1,348.59,Inactive Customers,1,395,27,1,348.59,12.91074074074074
15283.0,389,3,148.33,Inactive Customers,1,27,9,3,148.33,16.48111111111111
15284.0,499,1,24.75,Inactive Customers,1,5,1,1,24.75,24.75
15285.0,407,1,94.92,Inactive Customers,1,120,6,1,94.92,15.82
15286.0,49,1,240.55,Inactive Customers,0,55,3,1,240.55,80.18333333333334
15287.0,21,5,856.03,Recent Low-Value Customers,0,1010,23,5,856.03,23.77861111111111
15288.0,42,10,3715.38,High-Value Loyal Customers,0,1336,128,10,3715.38,24.283529411764707
15289.0,28,5,1593.09,Recent Low-Value Customers,0,1627,67,5,1593.09,16.42360824742268
15290.0,4,26,10496.28,High-Value Loyal Customers,0,6567,106,26,10496.28,35.946164383561644
15291.0,25,40,13517.76,High-Value Loyal Customers,0,4905,116,40,13517.76,55.400655737704916
15292.0,200,1,178.39,Inactive Customers,1,55,24,1,178.39,7.432916666666666
15293.0,665,1,247.5,Inactive Customers,1,178,19,1,247.5,13.026315789473685
15294.0,410,1,233.35,Inactive Customers,1,97,15,1,233.35,15.556666666666667
15295.0,653,1,207.04,Inactive Customers,1,139,50,1,207.04,3.9815384615384612
15296.0,50,12,10323.03,High-Value Loyal Customers,0,5452,342,12,10323.03,19.331516853932584
15297.0,9,3,641.94,Recent Low-Value Customers,0,292,30,3,641.94,16.46
15298.0,1,23,9061.77,High-Value Loyal Customers,0,6000,199,23,9061.77,21.321811764705885
15299.0,66,10,6156.53,High-Value Loyal Customers,0,3356,9,10,6156.53,615.653
15300.0,63,1,496.44,Recent Low-Value Customers,0,292,28,1,496.44,17.73
15301.0,50,17,6909.67,High-Value Loyal Customers,0,3763,231,17,6909.67,20.028028985507248
15302.0,729,1,308.0,Inactive Customers,1,102,15,1,308.0,20.533333333333335
15303.0,289,3,1224.18,Occasional Customers,1,514,63,3,1224.18,17.741739130434784
15304.0,60,9,796.4000000000001,Occasional Customers,0,112,8,9,796.4000000000001,33.18333333333334
15305.0,554,1,93.6,Inactive Customers,1,40,5,1,93.6,18.72
15306.0,63,9,3484.73,Occasional Customers,0,3074,123,9,3484.73,21.51067901234568
15307.0,95,1,205.3,Inactive Customers,0,37,12,1,205.3,17.108333333333334
15308.0,273,1,310.47,Inactive Customers,1,175,19,1,310.47,16.340526315789475
15309.0,610,4,797.96,Occasional Customers,1,440,49,4,797.96,14.777037037037038
15310.0,478,1,1634.64,Inactive Customers,1,1476,45,1,1634.64,36.32533333333333
15311.0,0,208,114966.42,High-Value Loyal Customers,0,70149,864,208,114966.42,26.699122155132372
15312.0,74,12,2930.19,Occasional Customers,0,1693,118,12,2930.19,17.976625766871166
15313.0,109,1,52.0,Inactive Customers,0,25,1,1,52.0,52.0
15314.0,198,3,820.4499999999999,Occasional Customers,1,750,49,3,820.4499999999999,16.409
15315.0,63,2,570.5,Recent Low-Value Customers,0,862,35,2,570.5,15.41891891891892
15316.0,326,1,165.0,Inactive Customers,1,100,1,1,165.0,165.0
15317.0,676,1,129.75,Inactive Customers,1,45,5,1,129.75,25.95
15318.0,3,1,312.62,Recent Low-Value Customers,0,642,33,1,312.62,9.473333333333333
15319.0,283,1,204.5,Inactive Customers,1,175,16,1,204.5,12.78125
15320.0,43,1,267.13,Recent Low-Value Customers,0,326,36,1,267.13,7.420277777777778
15321.0,70,12,6709.7300000000005,High-Value Loyal Customers,0,3653,242,12,6709.7300000000005,21.714336569579288
15322.0,85,2,1390.86,Occasional Customers,0,971,76,2,1390.86,16.75734939759036
15323.0,562,3,434.6,Inactive Customers,1,188,29,3,434.6,14.986206896551725
15324.0,700,1,140.22000000000003,Inactive Customers,1,74,8,1,140.22000000000003,17.527500000000003
15325.0,103,8,1601.46,Occasional Customers,0,1382,164,8,1601.46,7.149375
15326.0,333,5,1700.52,Occasional Customers,1,1351,94,5,1700.52,13.182325581395348
15327.0,52,1,208.75,Inactive Customers,0,116,10,1,208.75,20.875
15328.0,407,1,107.24,Inactive Customers,1,88,8,1,107.24,13.405
15329.0,38,11,2958.83,High-Value Loyal Customers,0,1217,98,11,2958.83,19.213181818181816
15330.0,31,2,714.96,Recent Low-Value Customers,0,1312,10,2,714.96,54.99692307692308
15331.0,499,3,767.91,Inactive Customers,1,701,41,3,767.91,17.4525
15332.0,365,6,4892.68,Occasional Customers,1,2306,113,6,4892.68,31.770649350649354
15333.0,207,1,1028.56,Inactive Customers,1,344,16,1,1028.56,64.285
15334.0,156,3,350.82,Inactive Customers,0,273,67,3,350.82,3.579795918367347
15335.0,53,1,170.22,Inactive Customers,0,79,34,1,170.22,4.863428571428571
15336.0,401,1,240.5,Inactive Customers,1,84,15,1,240.5,16.033333333333335
15337.0,410,1,373.02,Inactive Customers,1,200,21,1,373.02,17.762857142857143
15338.0,676,1,277.93,Inactive Customers,1,148,56,1,277.93,4.791896551724138
15339.0,65,7,1821.02,Occasional Customers,0,1138,162,7,1821.02,8.277363636363637
15340.0,561,1,105.5,Inactive Customers,1,76,7,1,105.5,15.071428571428571
15341.0,80,2,2402.7200000000003,Occasional Customers,0,1008,22,2,2402.7200000000003,100.11333333333334
15342.0,129,1,406.09,Inactive Customers,0,283,24,1,406.09,16.920416666666664
15343.0,86,1,364.5,Inactive Customers,0,84,21,1,364.5,17.357142857142858
15344.0,0,3,563.94,Recent Low-Value Customers,0,116,21,3,563.94,21.69
15345.0,45,1,393.54,Recent Low-Value Customers,0,81,20,1,393.54,19.677
15346.0,332,3,596.12,Inactive Customers,1,260,36,3,596.12,16.111351351351352
15347.0,365,4,1162.0,Occasional Customers,1,542,29,4,1162.0,32.27777777777778
15348.0,71,1,158.04,Inactive Customers,0,84,9,1,158.04,17.56
15349.0,157,2,463.90999999999997,Inactive Customers,0,321,65,2,463.90999999999997,6.533943661971831
15350.0,372,2,547.6,Inactive Customers,1,272,26,2,547.6,18.253333333333334
15351.0,11,10,3430.22,High-Value Loyal Customers,0,1350,201,10,3430.22,10.924267515923566
15352.0,548,1,111.15,Inactive Customers,1,40,34,1,111.15,3.269117647058824
15353.0,254,7,2794.4700000000003,Occasional Customers,1,1391,274,7,2794.4700000000003,7.762416666666668
15354.0,602,3,284.4,Inactive Customers,1,3,1,3,284.4,94.8
15355.0,28,2,277.05,Recent Low-Value Customers,0,45,9,2,277.05,19.789285714285715
15356.0,30,13,3239.57,High-Value Loyal Customers,0,1892,290,13,3239.57,4.842406576980569
15358.0,4,42,16425.86,High-Value Loyal Customers,0,14902,359,42,16425.86,15.083434343434345
15359.0,662,8,181.35,Inactive Customers,1,145,10,8,181.35,11.334375
15360.0,39,1,427.93,Recent Low-Value Customers,0,223,13,1,427.93,32.917692307692306
15361.0,361,4,689.07,Occasional Customers,1,373,10,4,689.07,68.90700000000001
15362.0,448,2,613.08,Inactive Customers,1,368,38,2,613.08,15.327000000000002
15363.0,372,2,678.11,Inactive Customers,1,383,32,2,678.11,19.37457142857143
15364.0,95,2,913.19,Occasional Customers,0,493,29,2,913.19,31.489310344827587
15365.0,25,13,4557.13,High-Value Loyal Customers,0,2131,126,13,4557.13,20.904266055045873
15366.0,74,7,2389.08,Occasional Customers,0,2447,86,7,2389.08,17.312173913043477
15367.0,56,11,5081.33,High-Value Loyal Customers,0,2944,214,11,5081.33,18.212652329749105
15368.0,20,2,722.74,Recent Low-Value Customers,0,406,8,2,722.74,90.3425
15369.0,491,11,6251.26,Occasional Customers,1,3288,44,11,6251.26,105.9535593220339
15370.0,40,8,3739.01,Occasional Customers,0,1397,90,8,3739.01,25.965347222222224
15371.0,661,1,59.400000000000006,Inactive Customers,1,12,1,1,59.400000000000006,59.400000000000006
15372.0,136,8,6017.06,Occasional Customers,0,6410,45,8,6017.06,105.56245614035089
15373.0,7,17,3084.54,High-Value Loyal Customers,0,726,107,17,3084.54,16.32031746031746
15374.0,128,2,307.32,Inactive Customers,0,290,8,2,307.32,30.732
15375.0,689,1,60.959999999999994,Inactive Customers,1,84,6,1,60.959999999999994,10.159999999999998
15376.0,39,3,1221.56,Recent Low-Value Customers,0,615,100,3,1221.56,10.530689655172413
15377.0,382,4,1211.75,Occasional Customers,1,253,15,4,1211.75,57.70238095238095
15378.0,462,2,246.5,Inactive Customers,1,130,8,2,246.5,20.541666666666668
15379.0,168,8,4877.84,Occasional Customers,0,3000,177,8,4877.84,18.546920152091257
15380.0,8,11,3248.96,High-Value Loyal Customers,0,954,27,11,3248.96,62.480000000000004
15381.0,213,5,1890.5700000000002,Occasional Customers,1,802,20,5,1890.5700000000002,78.77375
15382.0,14,12,13733.550000000001,High-Value Loyal Customers,0,9178,315,12,13733.550000000001,21.730300632911394
15384.0,169,4,2027.79,Occasional Customers,0,1767,83,4,2027.79,17.184661016949153
15385.0,39,3,942.08,Recent Low-Value Customers,0,428,18,3,942.08,44.860952380952384
15386.0,185,1,394.14,Inactive Customers,1,446,31,1,394.14,12.714193548387096
15387.0,491,1,468.65,Inactive Customers,1,335,20,1,468.65,23.432499999999997
15388.0,269,1,140.54,Inactive Customers,1,88,10,1,140.54,14.053999999999998
15389.0,171,5,2733.8,Occasional Customers,0,3940,2,5,2733.8,455.6333333333334
15390.0,395,2,1216.66,Occasional Customers,1,894,77,2,1216.66,15.800779220779221
15391.0,583,1,289.87,Inactive Customers,1,109,12,1,289.87,24.155833333333334
15392.0,4,7,2911.62,High-Value Loyal Customers,0,2144,100,7,2911.62,20.219583333333333
15393.0,15,5,891.34,Recent Low-Value Customers,0,378,37,5,891.34,20.257727272727273
15394.0,9,11,5286.8,High-Value Loyal Customers,0,2372,129,11,5286.8,23.28986784140969
15395.0,325,1,107.45,Inactive Customers,1,17,7,1,107.45,15.35
15396.0,112,2,796.38,Occasional Customers,0,278,16,2,796.38,49.77375
15397.0,289,1,94.0,Inactive Customers,1,20,6,1,94.0,15.666666666666666
15398.0,15,2,1345.53,Recent Low-Value Customers,0,769,60,2,1345.53,18.43191780821918
15399.0,0,3,815.77,Recent Low-Value Customers,0,611,45,3,815.77,16.3154
15400.0,91,8,1302.3,Occasional Customers,0,662,16,8,1302.3,48.233333333333334
15401.0,451,2,216.95000000000002,Inactive Customers,1,93,14,2,216.95000000000002,15.496428571428572
15402.0,148,6,1830.54,Occasional Customers,0,2034,79,6,1830.54,13.973587786259541
15403.0,491,2,170.88,Inactive Customers,1,492,6,2,170.88,21.36
15404.0,375,1,257.06,Inactive Customers,1,334,16,1,257.06,16.06625
15405.0,188,2,659.84,Inactive Customers,1,348,29,2,659.84,21.994666666666667
15406.0,30,4,975.87,Recent Low-Value Customers,0,547,108,4,975.87,7.998934426229508
15407.0,33,4,1046.74,Recent Low-Value Customers,0,552,142,4,1046.74,7.072567567567567
15408.0,263,1,267.18,Inactive Customers,1,106,34,1,267.18,7.858235294117647
15409.0,720,1,131.25,Inactive Customers,1,59,9,1,131.25,14.583333333333334
15410.0,83,10,4685.72,Occasional Customers,0,1902,80,10,4685.72,28.9241975308642
15411.0,25,4,1348.93,Recent Low-Value Customers,0,529,86,4,1348.93,13.764591836734695
15412.0,170,1,190.53,Inactive Customers,0,108,10,1,190.53,19.053
15413.0,691,5,6798.72,Occasional Customers,1,2694,20,5,6798.72,271.9488
15414.0,9,3,774.9000000000001,Recent Low-Value Customers,0,443,37,3,774.9000000000001,19.86923076923077
15415.0,312,1,559.61,Inactive Customers,1,551,46,1,559.61,11.906595744680851
15416.0,64,7,4572.82,Occasional Customers,0,2420,189,7,4572.82,20.056228070175436
15417.0,84,1,508.8,Inactive Customers,0,284,28,1,508.8,18.17142857142857
15418.0,424,2,449.42,Inactive Customers,1,264,64,2,449.42,6.609117647058824
15419.0,24,1,135.86,Recent Low-Value Customers,0,230,8,1,135.86,16.9825
15420.0,433,6,743.0,Occasional Customers,1,844,52,6,743.0,13.267857142857142
15421.0,58,10,3805.34,Occasional Customers,0,1927,170,10,3805.34,12.042215189873419
15422.0,322,7,1619.97,Occasional Customers,1,710,80,7,1619.97,13.49975
15423.0,37,3,266.89,Recent Low-Value Customers,0,198,13,3,266.89,19.06357142857143
15424.0,253,3,597.78,Inactive Customers,1,873,33,3,597.78,18.114545454545453
15425.0,399,4,1941.1200000000001,Occasional Customers,1,1041,114,4,1941.1200000000001,13.574265734265735
15426.0,18,9,2156.35,High-Value Loyal Customers,0,1041,327,9,2156.35,5.026456876456876
15427.0,32,3,1430.54,Recent Low-Value Customers,0,967,233,3,1430.54,4.899109589041096
15428.0,14,4,762.75,Recent Low-Value Customers,0,347,39,4,762.75,17.335227272727273
15429.0,26,2,397.35,Recent Low-Value Customers,0,380,77,2,397.35,4.845731707317073
15430.0,467,2,954.75,Inactive Customers,1,309,36,2,954.75,26.520833333333332
15431.0,502,1,153.24,Inactive Customers,1,84,2,1,153.24,76.62
15432.0,22,2,320.76,Recent Low-Value Customers,0,92,16,2,320.76,20.0475
15433.0,213,2,533.3,Inactive Customers,1,534,40,2,533.3,13.00731707317073
15434.0,7,11,2567.06,High-Value Loyal Customers,0,1423,82,11,2567.06,19.157164179104477
15435.0,21,1,149.29,Recent Low-Value Customers,0,54,29,1,149.29,5.147931034482759
15436.0,11,3,1067.75,Recent Low-Value Customers,0,574,243,3,1067.75,3.6692439862542954
15437.0,261,2,393.45,Inactive Customers,1,177,56,2,393.45,6.902631578947368
15438.0,130,1,156.57999999999998,Inactive Customers,0,59,25,1,156.57999999999998,6.263199999999999
15439.0,404,4,1269.05,Occasional Customers,1,572,49,4,1269.05,22.264035087719297
15440.0,54,3,383.68,Recent Low-Value Customers,0,197,50,3,383.68,6.188387096774194
15441.0,395,3,1254.21,Occasional Customers,1,587,45,3,1254.21,22.003684210526316
15442.0,248,1,594.0,Inactive Customers,1,120,2,1,594.0,297.0
15443.0,1,14,5114.23,High-Value Loyal Customers,0,2699,408,14,5114.23,8.182768
15444.0,8,2,1411.21,Recent Low-Value Customers,0,759,191,2,1411.21,6.594439252336449
15445.0,263,2,284.5,Inactive Customers,1,118,12,2,284.5,20.321428571428573
15446.0,376,3,399.75,Inactive Customers,1,265,90,3,399.75,3.5691964285714284
15447.0,330,5,492.88,Occasional Customers,1,228,27,5,492.88,16.99586206896552
15448.0,312,2,788.81,Inactive Customers,1,487,49,2,788.81,16.09816326530612
15449.0,25,3,974.52,Recent Low-Value Customers,0,812,47,3,974.52,16.242
15450.0,29,1,429.84,Recent Low-Value Customers,0,376,30,1,429.84,14.328
15451.0,433,2,226.86,Inactive Customers,1,76,56,2,226.86,3.781
15452.0,29,6,1785.1100000000001,Occasional Customers,0,1087,158,6,1785.1100000000001,8.970402010050252
15453.0,1,7,1371.77,Recent Low-Value Customers,0,837,169,7,1371.77,4.91673835125448
15454.0,361,2,305.99,Inactive Customers,1,146,35,2,305.99,7.64975
15455.0,597,1,38.25,Inactive Customers,1,3,2,1,38.25,19.125
15456.0,282,10,2091.52,Occasional Customers,1,2727,128,10,2091.52,9.21374449339207
15457.0,261,1,237.07,Inactive Customers,1,132,56,1,237.07,4.087413793103448
15458.0,24,2,370.43999999999994,Recent Low-Value Customers,0,300,13,2,370.43999999999994,28.495384615384612
15459.0,416,2,202.82999999999998,Inactive Customers,1,121,6,2,202.82999999999998,28.975714285714282
15460.0,353,1,214.26,Inactive Customers,1,107,53,1,214.26,3.8260714285714283
15461.0,460,2,429.7,Inactive Customers,1,230,1,2,429.7,214.85
15462.0,93,4,737.05,Occasional Customers,0,495,32,4,737.05,17.976829268292683
15463.0,28,1,126.14,Recent Low-Value Customers,0,106,7,1,126.14,18.02
15464.0,337,1,1044.65,Inactive Customers,1,348,155,1,1044.65,6.739677419354839
15465.0,19,32,12100.4,High-Value Loyal Customers,0,2638,94,32,12100.4,47.452549019607844
15466.0,84,4,1560.46,Occasional Customers,0,941,211,4,1560.46,5.9559541984732824
15467.0,8,3,524.88,Recent Low-Value Customers,0,310,41,3,524.88,10.093846153846155
15468.0,50,3,1430.48,Recent Low-Value Customers,0,1400,80,3,1430.48,17.881
15469.0,49,3,874.25,Recent Low-Value Customers,0,287,38,3,874.25,20.33139534883721
15470.0,575,1,63.419999999999995,Inactive Customers,1,232,4,1,63.419999999999995,15.854999999999999
15471.0,1,3,1292.01,Recent Low-Value Customers,0,670,122,3,1292.01,8.335548387096773
15472.0,112,1,371.56,Inactive Customers,0,251,76,1,371.56,4.888947368421053
15473.0,13,8,2046.0,High-Value Loyal Customers,0,776,5,8,2046.0,146.14285714285714
15474.0,595,1,150.35,Inactive Customers,1,55,19,1,150.35,7.913157894736842
15475.0,76,1,454.10999999999996,Inactive Customers,0,319,29,1,454.10999999999996,15.658965517241377
15476.0,379,4,2209.98,Occasional Customers,1,1174,67,4,2209.98,27.974430379746835
15477.0,649,1,368.4,Inactive Customers,1,216,2,1,368.4,184.2
15478.0,39,3,1983.48,Recent Low-Value Customers,0,894,53,3,1983.48,28.74608695652174
15479.0,732,1,147.4,Inactive Customers,1,38,9,1,147.4,16.37777777777778
15480.0,115,5,6279.0,Occasional Customers,0,1852,199,5,6279.0,29.204651162790697
15481.0,400,1,1993.34,Inactive Customers,1,1450,38,1,1993.34,52.456315789473685
15482.0,15,19,14417.36,High-Value Loyal Customers,0,6516,74,19,14417.36,97.4145945945946
15483.0,160,10,817.8199999999999,Occasional Customers,0,905,216,10,817.8199999999999,3.0402230483271375
15484.0,0,6,4652.1,High-Value Loyal Customers,0,4074,180,6,4652.1,19.383750000000003
15485.0,29,7,4810.92,High-Value Loyal Customers,0,2153,80,7,4810.92,35.11620437956204
15486.0,526,1,102.0,Inactive Customers,1,40,1,1,102.0,102.0
15487.0,679,1,231.32,Inactive Customers,1,144,14,1,231.32,16.52285714285714
15488.0,92,5,431.92,Occasional Customers,0,251,10,5,431.92,39.265454545454546
15489.0,22,8,2419.61,High-Value Loyal Customers,0,1264,75,8,2419.61,21.22464912280702
15490.0,429,1,210.85,Inactive Customers,1,82,22,1,210.85,8.434
15491.0,94,6,3100.09,Occasional Customers,0,1646,108,6,3100.09,20.130454545454548
15492.0,27,2,659.4599999999999,Recent Low-Value Customers,0,483,32,2,659.4599999999999,18.841714285714282
15493.0,32,9,4121.68,High-Value Loyal Customers,0,1206,289,9,4121.68,6.734771241830066
15494.0,20,5,3702.6,Occasional Customers,0,3052,307,5,3702.6,10.061413043478261
15495.0,378,1,246.5,Inactive Customers,1,194,20,1,246.5,12.325
15496.0,630,1,146.14000000000001,Inactive Customers,1,98,22,1,146.14000000000001,6.6427272727272735
15497.0,17,9,8657.39,High-Value Loyal Customers,0,2937,66,9,8657.39,71.54867768595041
15498.0,2,44,24972.86,High-Value Loyal Customers,0,12134,597,44,24972.86,26.538639744952178
15499.0,723,1,158.65,Inactive Customers,1,59,40,1,158.65,3.8695121951219513
15500.0,7,4,1131.56,Recent Low-Value Customers,0,572,64,4,1131.56,16.640588235294118
15501.0,404,2,399.95,Inactive Customers,1,205,64,2,399.95,5.796376811594203
15502.0,15,14,13003.869999999999,High-Value Loyal Customers,0,5559,231,14,13003.869999999999,39.40566666666666
15503.0,362,2,257.3,Inactive Customers,1,130,112,2,257.3,2.1991452991452993
15504.0,80,4,402.7,Recent Low-Value Customers,0,141,42,4,402.7,6.2921875
15505.0,52,5,3610.96,Occasional Customers,0,2390,90,5,3610.96,37.22639175257732
15506.0,22,6,2030.33,Recent Low-Value Customers,0,1637,180,6,2030.33,7.437106227106227
15507.0,171,1,475.86,Inactive Customers,0,160,41,1,475.86,10.574666666666667
15508.0,188,6,1000.27,Occasional Customers,1,440,78,6,1000.27,10.8725
15509.0,379,1,152.41,Inactive Customers,1,58,26,1,152.41,5.861923076923077
15510.0,330,1,250.0,Inactive Customers,1,2,1,1,250.0,250.0
15511.0,11,5,900.53,Recent Low-Value Customers,0,269,117,5,900.53,5.699556962025317
15512.0,155,4,331.58,Inactive Customers,0,235,29,4,331.58,10.361875
15513.0,32,35,26437.05,High-Value Loyal Customers,0,10477,278,35,26437.05,48.330987202925044
15514.0,11,18,6392.06,High-Value Loyal Customers,0,4087,171,18,6392.06,20.16422712933754
15515.0,386,1,171.81,Inactive Customers,1,131,7,1,171.81,24.544285714285714
15516.0,44,3,62.43,Inactive Customers,0,27,15,3,62.43,4.162
15517.0,232,1,267.03,Inactive Customers,1,293,27,1,267.03,9.889999999999999
15518.0,63,15,4189.99,High-Value Loyal Customers,0,2810,250,15,4189.99,9.352656249999999
15519.0,382,2,344.61,Inactive Customers,1,116,34,2,344.61,9.313783783783784
15520.0,1,1,343.5,Recent Low-Value Customers,0,314,18,1,343.5,19.083333333333332
15521.0,39,16,7098.24,High-Value Loyal Customers,0,4507,186,16,7098.24,17.61349875930521
15522.0,32,2,397.99,Recent Low-Value Customers,0,572,47,2,397.99,7.106964285714286
15523.0,83,16,17259.19,High-Value Loyal Customers,0,15633,65,16,17259.19,81.41127358490566
15524.0,24,2,591.4,Recent Low-Value Customers,0,28,9,2,591.4,65.71111111111111
15525.0,1,4,890.22,Recent Low-Value Customers,0,527,152,4,890.22,4.945666666666667
15526.0,32,2,148.44,Recent Low-Value Customers,0,24,4,2,148.44,37.11
15527.0,18,23,5554.89,High-Value Loyal Customers,0,2211,226,23,5554.89,16.884164133738604
15528.0,253,1,229.33,Inactive Customers,1,123,26,1,229.33,8.820384615384615
15529.0,22,12,4783.66,High-Value Loyal Customers,0,4271,451,12,4783.66,6.093834394904459
15530.0,21,5,1808.68,Recent Low-Value Customers,0,1328,111,5,1808.68,12.737183098591549
15531.0,7,2,1972.39,Recent Low-Value Customers,0,1085,196,2,1972.39,9.00634703196347
15532.0,24,10,3738.85,High-Value Loyal Customers,0,1337,417,10,3738.85,6.059724473257698
15533.0,18,3,807.57,Recent Low-Value Customers,0,289,73,3,807.57,9.729759036144578
15534.0,725,1,162.25,Inactive Customers,1,63,8,1,162.25,20.28125
15535.0,172,6,1044.3700000000001,Occasional Customers,0,314,88,6,1044.3700000000001,8.033615384615386
15536.0,408,1,259.09,Inactive Customers,1,242,16,1,259.09,16.193125
15537.0,162,1,110.92,Inactive Customers,0,29,24,1,110.92,4.621666666666667
15538.0,537,6,3358.3999999999996,Occasional Customers,1,1016,3,6,3358.3999999999996,239.88571428571427
15539.0,6,1,538.46,Recent Low-Value Customers,0,410,41,1,538.46,13.133170731707319
15540.0,10,2,460.68,Recent Low-Value Customers,0,444,31,2,460.68,14.860645161290323
15541.0,113,1,85.13000000000001,Inactive Customers,0,49,29,1,85.13000000000001,2.9355172413793107
15542.0,511,3,855.71,Occasional Customers,1,418,212,3,855.71,3.7863274336283186
15543.0,287,2,242.26,Inactive Customers,1,167,50,2,242.26,4.326071428571429
15544.0,8,20,7807.89,High-Value Loyal Customers,0,6745,175,20,7807.89,14.704124293785311
15545.0,53,2,288.96999999999997,Recent Low-Value Customers,0,162,78,2,288.96999999999997,3.612125
15546.0,606,2,1079.1000000000001,Inactive Customers,1,198,6,2,1079.1000000000001,89.92500000000001
15547.0,6,26,10057.05,High-Value Loyal Customers,0,7278,652,26,10057.05,7.550337837837837
15548.0,595,1,158.09,Inactive Customers,1,64,23,1,158.09,6.8734782608695655
15549.0,76,8,2334.16,Occasional Customers,0,936,139,8,2334.16,14.497888198757764
15550.0,3,12,2211.05,High-Value Loyal Customers,0,1139,166,12,2211.05,9.40872340425532
15551.0,36,7,1679.81,Occasional Customers,0,796,117,7,1679.81,11.746923076923077
15552.0,216,2,252.52,Inactive Customers,1,166,29,2,252.52,8.417333333333334
15553.0,59,1,428.93,Recent Low-Value Customers,0,449,51,1,428.93,7.798727272727273
15554.0,277,1,217.2,Inactive Customers,1,74,14,1,217.2,15.514285714285714
15555.0,11,36,11243.91,High-Value Loyal Customers,0,8511,667,36,11243.91,7.067196731615336
15556.0,23,1,279.77,Recent Low-Value Customers,0,236,31,1,279.77,9.024838709677418
15557.0,28,1,468.91,Recent Low-Value Customers,0,213,16,1,468.91,24.679473684210528
15558.0,638,1,202.68,Inactive Customers,1,73,23,1,202.68,8.812173913043479
15559.0,567,1,1109.4,Inactive Customers,1,526,62,1,1109.4,17.893548387096775
15560.0,397,2,153.52,Inactive Customers,1,72,10,2,153.52,15.352
15561.0,11,8,1934.3899999999999,High-Value Loyal Customers,0,1334,65,8,1934.3899999999999,21.025978260869564
15562.0,351,3,671.4300000000001,Inactive Customers,1,560,32,3,671.4300000000001,20.346363636363638
15563.0,21,7,2859.46,High-Value Loyal Customers,0,3005,179,7,2859.46,11.126303501945525
15564.0,462,2,70.74000000000001,Inactive Customers,1,42,4,2,70.74000000000001,17.685000000000002
15565.0,49,2,173.16,Recent Low-Value Customers,0,60,8,2,173.16,21.645
15566.0,392,2,227.87,Inactive Customers,1,153,9,2,227.87,18.989166666666666
15567.0,18,1,186.01,Recent Low-Value Customers,0,223,7,1,186.01,26.572857142857142
15568.0,2,3,758.29,Recent Low-Value Customers,0,461,27,3,758.29,14.307358490566036
15569.0,103,10,3583.45,Occasional Customers,0,1734,123,10,3583.45,25.596071428571427
15570.0,6,25,8736.49,High-Value Loyal Customers,0,4079,442,25,8736.49,11.967794520547946
15571.0,11,14,3892.35,High-Value Loyal Customers,0,2411,442,14,3892.35,6.4872499999999995
15572.0,4,10,3965.2,High-Value Loyal Customers,0,2089,259,10,3965.2,11.560349854227404
15573.0,31,5,1188.42,Recent Low-Value Customers,0,770,181,5,1188.42,5.632322274881517
15574.0,177,6,1101.44,Occasional Customers,0,750,191,6,1101.44,4.788869565217391
15575.0,619,1,30.1,Inactive Customers,1,6,3,1,30.1,10.033333333333333
15576.0,37,1,921.37,Recent Low-Value Customers,0,394,43,1,921.37,21.427209302325583
15577.0,150,5,396.03000000000003,Occasional Customers,0,120,58,5,396.03000000000003,6.7123728813559325
15578.0,161,1,127.1,Inactive Customers,0,52,13,1,127.1,9.776923076923076
15579.0,68,5,1250.63,Occasional Customers,0,713,140,5,1250.63,7.767888198757765
15580.0,376,8,1375.39,Occasional Customers,1,955,150,8,1375.39,6.112844444444445
15581.0,120,38,7480.4,High-Value Loyal Customers,0,3028,542,38,7480.4,10.93625730994152
15582.0,24,3,682.9100000000001,Recent Low-Value Customers,0,453,39,3,682.9100000000001,15.52068181818182
15583.0,375,1,95.96,Inactive Customers,1,56,37,1,95.96,2.4605128205128204
15584.0,23,6,1268.2,Recent Low-Value Customers,0,483,174,6,1268.2,5.764545454545455
15585.0,176,1,455.3,Inactive Customers,0,320,31,1,455.3,14.687096774193549
15586.0,592,3,1139.1,Occasional Customers,1,1338,30,3,1139.1,29.97631578947368
15587.0,49,7,1522.0800000000002,Occasional Customers,0,528,3,7,1522.0800000000002,108.72000000000001
15588.0,677,1,579.6,Inactive Customers,1,96,4,1,579.6,144.9
15589.0,255,3,478.53000000000003,Inactive Customers,1,243,28,3,478.53000000000003,16.501034482758623
15590.0,381,5,1496.6,Occasional Customers,1,832,75,5,1496.6,17.20229885057471
15591.0,582,3,217.9,Inactive Customers,1,58,6,3,217.9,31.12857142857143
15592.0,46,1,388.58,Recent Low-Value Customers,0,354,24,1,388.58,16.190833333333334
15593.0,70,1,199.8,Inactive Customers,0,60,5,1,199.8,39.96
15594.0,15,5,1771.78,Recent Low-Value Customers,0,983,85,5,1771.78,17.201747572815535
15595.0,487,1,357.6,Inactive Customers,1,144,4,1,357.6,89.4
15596.0,100,9,2727.72,Occasional Customers,0,1208,82,9,2727.72,17.598193548387094
15597.0,34,2,563.37,Recent Low-Value Customers,0,393,35,2,563.37,15.226216216216216
15598.0,52,2,548.02,Recent Low-Value Customers,0,404,32,2,548.02,15.222777777777777
15599.0,26,3,1250.06,Recent Low-Value Customers,0,1098,77,3,1250.06,15.060963855421686
15600.0,427,4,1199.31,Occasional Customers,1,657,55,4,1199.31,16.89169014084507
15601.0,10,30,14191.74,High-Value Loyal Customers,0,10395,310,30,14191.74,17.222985436893204
15602.0,7,16,3137.96,High-Value Loyal Customers,0,2292,62,16,3137.96,25.10368
15603.0,78,2,88.48,Inactive Customers,0,128,4,2,88.48,22.12
15604.0,51,1,216.39,Inactive Customers,0,159,17,1,216.39,12.728823529411764
15605.0,35,9,1741.95,Occasional Customers,0,641,80,9,1741.95,17.595454545454547
15606.0,60,17,5230.99,High-Value Loyal Customers,0,1615,84,17,5230.99,36.07579310344828
15607.0,336,9,1708.97,Occasional Customers,1,1470,95,9,1708.97,15.67862385321101
15608.0,27,5,1785.98,Recent Low-Value Customers,0,1262,93,5,1785.98,17.009333333333334
15609.0,183,1,298.48,Inactive Customers,1,148,16,1,298.48,18.655
15610.0,51,1,112.46000000000001,Inactive Customers,0,66,6,1,112.46000000000001,18.743333333333336
15611.0,9,26,2997.28,High-Value Loyal Customers,0,747,43,26,2997.28,31.88595744680851
15612.0,35,2,195.15,Recent Low-Value Customers,0,52,4,2,195.15,32.525
15613.0,609,1,433.71999999999997,Inactive Customers,1,700,27,1,433.71999999999997,16.063703703703702
15614.0,437,4,3147.36,Occasional Customers,1,1632,73,4,3147.36,38.8562962962963
15615.0,9,47,21373.97,High-Value Loyal Customers,0,12090,292,47,21373.97,23.72249722530522
15616.0,437,1,317.11,Inactive Customers,1,137,13,1,317.11,24.393076923076926
15617.0,395,3,828.5500000000001,Occasional Customers,1,485,41,3,828.5500000000001,19.727380952380955
15618.0,32,4,776.851,Recent Low-Value Customers,0,454,39,4,776.851,17.263355555555556
15619.0,10,1,336.40000000000003,Recent Low-Value Customers,0,136,3,1,336.40000000000003,112.13333333333334
15620.0,56,4,1942.36,Occasional Customers,0,1249,114,4,1942.36,15.05705426356589
15621.0,3,4,1293.03,Recent Low-Value Customers,0,501,11,4,1293.03,80.814375
15622.0,42,17,7852.61,High-Value Loyal Customers,0,4091,331,17,7852.61,18.433356807511736
15623.0,140,8,2437.05,Occasional Customers,0,1087,91,8,2437.05,22.56527777777778
15624.0,116,4,588.13,Occasional Customers,0,357,26,4,588.13,17.297941176470587
15625.0,103,9,3236.4,Occasional Customers,0,3020,106,9,3236.4,18.926315789473684
15626.0,74,3,1067.52,Occasional Customers,0,1138,73,3,1067.52,13.344
15627.0,456,2,566.9,Inactive Customers,1,344,23,2,566.9,23.620833333333334
15628.0,4,17,5333.08,High-Value Loyal Customers,0,3569,136,17,5333.08,17.83638795986622
15629.0,449,4,2240.9,Occasional Customers,1,1518,39,4,2240.9,29.102597402597404
15630.0,44,3,1481.4,Recent Low-Value Customers,0,987,76,3,1481.4,18.517500000000002
15631.0,641,1,596.67,Inactive Customers,1,525,39,1,596.67,15.299230769230768
15632.0,15,8,3285.31,High-Value Loyal Customers,0,2109,107,8,3285.31,19.67251497005988
15633.0,508,13,4335.96,Occasional Customers,1,2048,77,13,4335.96,24.636136363636364
15634.0,16,2,554.65,Recent Low-Value Customers,0,227,34,2,554.65,16.313235294117646
15635.0,395,1,100.35,Inactive Customers,1,5,2,1,100.35,50.175
15636.0,89,4,1444.58,Occasional Customers,0,560,39,4,1444.58,25.343508771929823
15637.0,52,5,797.59,Occasional Customers,0,651,37,5,797.59,19.45341463414634
15638.0,378,6,2265.2,Occasional Customers,1,1134,20,6,2265.2,90.60799999999999
15639.0,133,3,1065.08,Occasional Customers,0,849,61,3,1065.08,15.435942028985506
15640.0,3,29,23494.31,High-Value Loyal Customers,0,12140,303,29,23494.31,31.409505347593583
15641.0,104,12,5345.55,Occasional Customers,0,4422,249,12,5345.55,17.188263665594857
15642.0,729,1,105.78000000000002,Inactive Customers,1,270,6,1,105.78000000000002,17.630000000000003
15643.0,191,3,664.0,Occasional Customers,1,246,31,3,664.0,20.12121212121212
15644.0,165,4,803.54,Occasional Customers,0,550,166,4,803.54,3.4635344827586207
15645.0,18,3,1055.17,Recent Low-Value Customers,0,396,59,3,1055.17,15.517205882352942
15646.0,157,5,784.8100000000001,Occasional Customers,0,821,65,5,784.8100000000001,11.541323529411766
15647.0,414,1,169.0,Inactive Customers,1,124,11,1,169.0,15.363636363636363
15648.0,203,2,639.5,Inactive Customers,1,218,23,2,639.5,26.645833333333332
15649.0,335,4,1660.35,Occasional Customers,1,365,8,4,1660.35,150.9409090909091
15650.0,521,2,553.88,Inactive Customers,1,210,33,2,553.88,15.385555555555555
15651.0,36,5,1259.06,Recent Low-Value Customers,0,871,52,5,1259.06,20.984333333333332
15652.0,90,5,1405.94,Occasional Customers,0,657,93,5,1405.94,13.78372549019608
15653.0,92,2,877.4399999999999,Recent Low-Value Customers,0,1200,4,2,877.4399999999999,146.23999999999998
15654.0,8,2,922.53,Recent Low-Value Customers,0,475,15,2,922.53,43.93
15655.0,242,1,560.67,Inactive Customers,1,324,34,1,560.67,16.490294117647057
15656.0,44,4,748.5,Recent Low-Value Customers,0,343,46,4,748.5,15.925531914893616
15657.0,22,1,30.0,Inactive Customers,0,24,1,1,30.0,30.0
15658.0,189,8,2117.27,Occasional Customers,1,627,79,8,2117.27,20.757549019607843
15659.0,43,3,532.49,Recent Low-Value Customers,0,161,14,3,532.49,25.356666666666666
15660.0,24,15,2603.69,High-Value Loyal Customers,0,1783,73,15,2603.69,17.24298013245033
15661.0,316,8,1215.95,Occasional Customers,1,779,27,8,1215.95,27.635227272727274
15662.0,660,2,283.73,Inactive Customers,1,145,12,2,283.73,23.644166666666667
15663.0,105,1,138.14,Inactive Customers,0,106,9,1,138.14,15.348888888888887
15664.0,50,4,1254.03,Occasional Customers,0,530,54,4,1254.03,17.914714285714286
15665.0,167,5,3987.07,Occasional Customers,0,2777,163,5,3987.07,13.940804195804196
15666.0,471,2,632.9399999999999,Inactive Customers,1,469,62,2,632.9399999999999,9.44686567164179
15667.0,39,1,301.32,Recent Low-Value Customers,0,240,13,1,301.32,23.178461538461537
15668.0,217,1,76.32000000000001,Inactive Customers,1,72,1,1,76.32000000000001,76.32000000000001
15669.0,39,4,684.34,Recent Low-Value Customers,0,342,31,4,684.34,20.737575757575758
15670.0,296,2,325.2,Inactive Customers,1,132,19,2,325.2,17.11578947368421
15671.0,18,7,2657.13,High-Value Loyal Customers,0,1699,52,7,2657.13,34.065769230769234
15672.0,724,1,45.300000000000004,Inactive Customers,1,10,3,1,45.300000000000004,15.100000000000001
15673.0,87,9,6204.32,Occasional Customers,0,3274,177,9,6204.32,23.15044776119403
15674.0,72,13,6948.2300000000005,High-Value Loyal Customers,0,3648,262,13,6948.2300000000005,19.795527065527068
15675.0,80,4,542.04,Occasional Customers,0,624,32,4,542.04,15.486857142857142
15676.0,18,3,3435.76,Recent Low-Value Customers,0,2252,191,3,3435.76,17.00871287128713
15677.0,48,3,1305.63,Recent Low-Value Customers,0,675,63,3,1305.63,18.133750000000003
15678.0,52,3,1825.94,Occasional Customers,0,1022,77,3,1825.94,19.84717391304348
15679.0,23,4,781.28,Recent Low-Value Customers,0,1170,98,4,781.28,7.102545454545455
15680.0,8,10,4028.69,High-Value Loyal Customers,0,2743,155,10,4028.69,17.07072033898305
15681.0,24,14,2989.7,High-Value Loyal Customers,0,1392,48,14,2989.7,33.97386363636363
15682.0,598,2,318.24,Inactive Customers,1,222,25,2,318.24,12.7296
15683.0,116,2,524.54,Inactive Customers,0,332,25,2,524.54,20.174615384615382
15684.0,546,3,173.95,Inactive Customers,1,77,9,3,173.95,15.813636363636363
15685.0,449,1,55.980000000000004,Inactive Customers,1,36,17,1,55.980000000000004,3.2929411764705883
15686.0,419,1,90.0,Inactive Customers,1,72,1,1,90.0,90.0
15687.0,8,9,2993.1,High-Value Loyal Customers,0,1310,119,9,2993.1,18.030722891566263
15688.0,418,1,190.57,Inactive Customers,1,95,26,1,190.57,7.058148148148148
15689.0,119,3,521.03,Occasional Customers,0,207,20,3,521.03,21.70958333333333
15690.0,3,2,239.76,Recent Low-Value Customers,0,408,19,2,239.76,12.618947368421052
15691.0,251,4,571.3,Occasional Customers,1,212,12,4,571.3,40.80714285714286
15692.0,27,1,191.04,Recent Low-Value Customers,0,138,12,1,191.04,15.92
15693.0,658,1,37.5,Inactive Customers,1,30,1,1,37.5,37.5
15694.0,0,24,9978.48,High-Value Loyal Customers,0,2467,55,24,9978.48,69.77958041958041
15695.0,266,4,1131.04,Occasional Customers,1,484,55,4,1131.04,19.170169491525424
15696.0,32,13,3881.2200000000003,High-Value Loyal Customers,0,1386,163,13,3881.2200000000003,17.562081447963802
15697.0,689,1,246.75,Inactive Customers,1,127,14,1,246.75,17.625
15698.0,623,1,46.2,Inactive Customers,1,60,2,1,46.2,23.1
15699.0,17,1,309.65,Recent Low-Value Customers,0,113,18,1,309.65,17.202777777777776
15700.0,171,2,696.68,Inactive Customers,0,357,85,2,696.68,8.10093023255814
15701.0,1,4,1529.0,Recent Low-Value Customers,0,912,193,4,1529.0,6.647826086956521
15702.0,475,2,140.39000000000001,Inactive Customers,1,103,30,2,140.39000000000001,4.679666666666667
15703.0,264,1,211.5,Inactive Customers,1,66,5,1,211.5,42.3
15704.0,139,6,3734.6600000000003,Occasional Customers,0,1709,129,6,3734.6600000000003,18.3071568627451
15705.0,200,1,143.1,Inactive Customers,1,62,6,1,143.1,23.849999999999998
15706.0,63,4,1060.56,Occasional Customers,0,321,50,4,1060.56,19.28290909090909
15707.0,34,4,916.98,Recent Low-Value Customers,0,594,126,4,916.98,4.473073170731707
15708.0,40,9,3887.15,High-Value Loyal Customers,0,1465,135,9,3887.15,11.534569732937685
15709.0,283,2,327.85,Inactive Customers,1,169,26,2,327.85,12.142592592592594
15710.0,416,1,898.87,Inactive Customers,1,641,110,1,898.87,8.171545454545454
15711.0,556,2,420.25,Inactive Customers,1,199,25,2,420.25,16.81
15712.0,8,12,3472.4100000000003,High-Value Loyal Customers,0,1277,86,12,3472.4100000000003,20.918132530120484
15713.0,142,4,839.64,Occasional Customers,0,451,48,4,839.64,16.146923076923077
15714.0,11,5,783.96,Recent Low-Value Customers,0,361,45,5,783.96,16.3325
15715.0,555,5,658.02,Occasional Customers,1,246,33,5,658.02,17.316315789473684
15716.0,145,11,2485.26,Occasional Customers,0,1379,188,11,2485.26,8.68972027972028
15717.0,233,5,607.0,Occasional Customers,1,224,17,5,607.0,25.291666666666668
15718.0,539,1,293.79,Inactive Customers,1,95,18,1,293.79,16.32166666666667
15719.0,32,31,10195.97,High-Value Loyal Customers,0,5356,449,31,10195.97,5.760435028248587
15720.0,23,2,739.22,Recent Low-Value Customers,0,327,152,2,739.22,4.831503267973856
15721.0,11,1,471.40000000000003,Recent Low-Value Customers,0,388,80,1,471.40000000000003,5.611904761904762
15722.0,35,11,5234.0,High-Value Loyal Customers,0,2279,91,11,5234.0,29.40449438202247
15723.0,364,4,930.7,Occasional Customers,1,427,108,4,930.7,7.566666666666667
15724.0,200,3,310.85,Inactive Customers,1,117,17,3,310.85,18.28529411764706
15725.0,14,1,415.25,Recent Low-Value Customers,0,221,32,1,415.25,12.9765625
15726.0,389,1,321.91,Inactive Customers,1,123,23,1,321.91,13.99608695652174
15727.0,16,15,9371.71,High-Value Loyal Customers,0,5908,426,15,9371.71,13.681328467153284
15728.0,379,2,544.6,Inactive Customers,1,132,10,2,544.6,45.38333333333333
15729.0,212,3,192.55,Inactive Customers,1,47,10,3,192.55,17.504545454545454
15730.0,65,5,1726.58,Occasional Customers,0,1061,102,5,1726.58,15.554774774774774
15731.0,553,1,125.3,Inactive Customers,1,122,8,1,125.3,15.6625
15732.0,211,10,1543.97,Occasional Customers,1,1264,53,10,1543.97,15.595656565656565
15733.0,282,1,162.3,Inactive Customers,1,62,10,1,162.3,16.23
15734.0,114,4,2263.3,Occasional Customers,0,516,36,4,2263.3,52.63488372093024
15735.0,420,1,327.68,Inactive Customers,1,206,19,1,327.68,17.246315789473684
15736.0,434,2,1767.12,Occasional Customers,1,1208,95,2,1767.12,17.6712
15737.0,14,8,1188.1200000000001,Recent Low-Value Customers,0,597,60,8,1188.1200000000001,16.734084507042255
15738.0,18,41,13043.32,High-Value Loyal Customers,0,9030,70,41,13043.32,27.06082987551867
15739.0,65,1,449.12,Inactive Customers,0,472,8,1,449.12,56.14
15740.0,48,1,154.88,Inactive Customers,0,152,9,1,154.88,17.20888888888889
15741.0,457,2,208.62,Inactive Customers,1,70,11,2,208.62,17.385
15742.0,618,1,156.87,Inactive Customers,1,51,41,1,156.87,3.82609756097561
15743.0,15,4,775.96,Recent Low-Value Customers,0,214,59,4,775.96,9.022790697674418
15744.0,77,1,34.8,Inactive Customers,0,120,3,1,34.8,11.6
15745.0,18,4,1094.59,Recent Low-Value Customers,0,421,57,4,1094.59,17.654677419354837
15746.0,133,1,196.88,Inactive Customers,0,178,28,1,196.88,7.031428571428571
15747.0,12,9,2499.81,High-Value Loyal Customers,0,1344,116,9,2499.81,11.573194444444445
15748.0,39,3,609.8100000000001,Recent Low-Value Customers,0,261,34,3,609.8100000000001,16.93916666666667
15749.0,234,3,44534.3,Occasional Customers,1,18028,5,3,44534.3,4453.43
15750.0,2,18,6452.991,High-Value Loyal Customers,0,4281,389,18,6452.991,10.275463375796178
15751.0,460,11,1380.44,Occasional Customers,1,443,90,11,1380.44,10.618769230769232
15752.0,39,9,3924.91,High-Value Loyal Customers,0,2792,359,9,3924.91,6.697798634812287
15753.0,304,1,79.2,Inactive Customers,1,144,1,1,79.2,79.2
15754.0,50,9,3037.61,Occasional Customers,0,1762,114,9,3037.61,23.187862595419848
15755.0,9,17,5993.12,High-Value Loyal Customers,0,4034,281,17,5993.12,16.153962264150945
15756.0,60,4,528.01,Recent Low-Value Customers,0,241,160,4,528.01,2.764450261780105
15757.0,65,6,2940.36,Occasional Customers,0,1757,162,6,2940.36,15.235025906735752
15758.0,24,1,205.25,Recent Low-Value Customers,0,47,9,1,205.25,22.805555555555557
15759.0,217,7,830.9300000000001,Occasional Customers,1,523,10,7,830.9300000000001,48.87823529411765
15760.0,630,2,13916.34,Occasional Customers,1,2,1,2,13916.34,6958.17
15761.0,442,1,143.05,Inactive Customers,1,31,5,1,143.05,28.610000000000003
15762.0,64,2,583.75,Recent Low-Value Customers,0,251,37,2,583.75,15.777027027027026
15763.0,31,2,1086.92,Recent Low-Value Customers,0,271,58,2,1086.92,17.818360655737706
15764.0,87,8,4503.08,Occasional Customers,0,2945,187,8,4503.08,18.08465863453815
15765.0,666,1,370.63,Inactive Customers,1,335,25,1,370.63,14.8252
15766.0,63,3,831.06,Recent Low-Value Customers,0,334,21,3,831.06,31.963846153846152
15768.0,115,34,15308.89,High-Value Loyal Customers,0,4215,437,34,15308.89,12.672922185430464
15769.0,6,46,88612.52,High-Value Loyal Customers,0,49068,26,46,88612.52,397.3655605381166
15770.0,612,1,321.45,Inactive Customers,1,67,18,1,321.45,17.858333333333334
15771.0,603,3,1006.54,Occasional Customers,1,512,26,3,1006.54,35.94785714285714
15772.0,417,1,280.88,Inactive Customers,1,110,16,1,280.88,17.555
15773.0,5,2,774.52,Recent Low-Value Customers,0,410,46,2,774.52,16.479148936170212
15774.0,68,6,1288.34,Occasional Customers,0,465,88,6,1288.34,11.712181818181817
15775.0,244,2,150.5,Inactive Customers,1,260,9,2,150.5,16.72222222222222
15776.0,132,1,241.62,Inactive Customers,0,138,18,1,241.62,13.423333333333334
15777.0,240,7,1762.61,Occasional Customers,1,599,29,7,1762.61,45.1951282051282
15778.0,430,1,307.95,Inactive Customers,1,101,17,1,307.95,18.11470588235294
15779.0,462,2,124.08000000000001,Inactive Customers,1,20,8,2,124.08000000000001,15.510000000000002
15780.0,183,3,475.28000000000003,Inactive Customers,1,220,26,3,475.28000000000003,16.38896551724138
15781.0,24,3,345.46,Recent Low-Value Customers,0,180,20,3,345.46,17.273
15782.0,9,4,4014.1,Recent Low-Value Customers,0,1844,51,4,4014.1,65.80491803278689
15783.0,10,1,246.3,Recent Low-Value Customers,0,212,14,1,246.3,17.592857142857145
15784.0,467,2,848.3299999999999,Inactive Customers,1,381,33,2,848.3299999999999,19.72860465116279
15785.0,32,16,5969.93,High-Value Loyal Customers,0,4479,102,16,5969.93,26.533022222222222
15786.0,45,5,8501.62,Occasional Customers,0,5957,358,5,8501.62,18.28305376344086
15787.0,25,3,933.26,Recent Low-Value Customers,0,534,156,3,933.26,4.6663
15788.0,508,1,221.82999999999998,Inactive Customers,1,115,14,1,221.82999999999998,15.844999999999999
15789.0,357,6,1962.01,Occasional Customers,1,2499,110,6,1962.01,14.217463768115943
15790.0,9,1,218.75,Recent Low-Value Customers,0,113,34,1,218.75,6.4338235294117645
15791.0,43,5,3608.34,Occasional Customers,0,1970,121,5,3608.34,21.60682634730539
15792.0,399,2,933.84,Inactive Customers,1,606,57,2,933.84,16.383157894736843
15793.0,14,8,2399.57,High-Value Loyal Customers,0,1685,12,8,2399.57,79.98566666666667
15794.0,735,2,777.0,Inactive Customers,1,288,15,2,777.0,51.8
15795.0,149,8,1979.8700000000001,Occasional Customers,0,1411,111,8,1979.8700000000001,15.11351145038168
15796.0,0,17,5171.63,High-Value Loyal Customers,0,1733,138,17,5171.63,17.65061433447099
15797.0,112,6,2821.08,Occasional Customers,0,1281,12,6,2821.08,235.09
15798.0,492,3,1535.37,Occasional Customers,1,915,73,3,1535.37,18.49843373493976
15799.0,75,4,1421.34,Occasional Customers,0,1341,143,4,1421.34,9.22948051948052
15800.0,106,7,1227.07,Occasional Customers,0,575,198,7,1227.07,5.289094827586206
15801.0,45,3,1063.95,Recent Low-Value Customers,0,570,61,3,1063.95,16.62421875
15802.0,142,1,451.42,Inactive Customers,0,1,1,1,451.42,451.42
15803.0,50,4,1929.66,Occasional Customers,0,1030,48,4,1929.66,37.836470588235294
15804.0,0,13,4206.39,High-Value Loyal Customers,0,2565,170,13,4206.39,16.05492366412214
15805.0,22,30,10148.93,High-Value Loyal Customers,0,6205,337,30,10148.93,19.185122873345936
15806.0,45,3,784.58,Recent Low-Value Customers,0,602,24,3,784.58,25.309032258064516
15807.0,49,5,1817.52,Occasional Customers,0,1532,85,5,1817.52,20.653636363636362
15808.0,305,21,17180.25,High-Value Loyal Customers,1,6753,348,21,17180.25,22.254209844559586
15809.0,35,7,1274.44,Occasional Customers,0,700,51,7,1274.44,21.973103448275864
15810.0,78,8,2999.04,Occasional Customers,0,1653,89,8,2999.04,18.066506024096384
15811.0,21,7,3486.15,High-Value Loyal Customers,0,1781,205,7,3486.15,12.76978021978022
15812.0,106,12,5201.47,Occasional Customers,0,3450,87,12,5201.47,41.611760000000004
15813.0,207,2,1303.9099999999999,Occasional Customers,1,603,40,2,1303.9099999999999,32.59775
15814.0,16,6,2634.44,High-Value Loyal Customers,0,1728,83,6,2634.44,26.88204081632653
15815.0,63,5,2100.6,Occasional Customers,0,1856,33,5,2100.6,42.86938775510204
15816.0,541,2,144.14999999999998,Inactive Customers,1,54,11,2,144.14999999999998,13.104545454545452
15817.0,420,3,2766.4,Occasional Customers,1,1596,133,3,2766.4,18.2
15818.0,587,1,340.5,Inactive Customers,1,284,11,1,340.5,30.954545454545453
15819.0,48,10,3934.79,High-Value Loyal Customers,0,2928,182,10,3934.79,15.133807692307693
15820.0,319,1,206.98,Inactive Customers,1,128,17,1,206.98,12.175294117647057
15821.0,43,2,570.96,Recent Low-Value Customers,0,202,57,2,570.96,9.209032258064516
15822.0,2,6,1840.06,Recent Low-Value Customers,0,950,46,6,1840.06,28.308615384615383
15823.0,371,3,3882.17,Occasional Customers,1,1774,155,3,3882.17,25.04625806451613
15824.0,452,2,890.94,Inactive Customers,1,478,24,2,890.94,34.26692307692308
15825.0,171,1,532.94,Inactive Customers,0,220,20,1,532.94,26.647000000000002
15826.0,55,4,2598.28,Occasional Customers,0,1824,100,4,2598.28,21.834285714285716
15827.0,72,28,3603.14,High-Value Loyal Customers,0,1715,124,28,3603.14,16.604331797235023
15828.0,374,1,1108.82,Inactive Customers,1,367,74,1,1108.82,14.984054054054052
15829.0,98,2,636.14,Inactive Customers,0,996,44,2,636.14,12.473333333333333
15830.0,37,1,576.0,Recent Low-Value Customers,0,415,39,1,576.0,14.76923076923077
15831.0,57,3,794.64,Recent Low-Value Customers,0,1092,63,3,794.64,12.04
15832.0,253,1,836.79,Inactive Customers,1,465,54,1,836.79,15.49611111111111
15833.0,737,1,80.4,Inactive Customers,1,24,5,1,80.4,16.080000000000002
15834.0,69,7,3764.39,Occasional Customers,0,1815,333,7,3764.39,10.065213903743315
15835.0,43,4,954.09,Recent Low-Value Customers,0,439,47,4,954.09,19.0818
15836.0,49,1,137.37,Inactive Customers,0,26,10,1,137.37,13.737
15837.0,64,2,777.01,Recent Low-Value Customers,0,405,52,2,777.01,14.942499999999999
15838.0,10,34,73205.5,High-Value Loyal Customers,0,64114,61,34,73205.5,355.36650485436894
15839.0,32,3,1048.49,Recent Low-Value Customers,0,675,56,3,1048.49,16.911129032258064
15840.0,58,2,355.56,Recent Low-Value Customers,0,396,26,2,355.56,13.168888888888889
15841.0,72,9,2742.41,Occasional Customers,0,2391,60,9,2742.41,29.808804347826086
15842.0,392,2,548.8,Inactive Customers,1,296,24,2,548.8,21.951999999999998
15843.0,303,1,118.95000000000002,Inactive Customers,1,27,8,1,118.95000000000002,14.868750000000002
15844.0,45,1,130.73999999999998,Inactive Customers,0,134,11,1,130.73999999999998,11.885454545454543
15845.0,17,11,4426.28,High-Value Loyal Customers,0,2128,129,11,4426.28,25.4383908045977
15846.0,384,1,107.01,Inactive Customers,1,79,27,1,107.01,3.6900000000000004
15847.0,37,5,822.57,Recent Low-Value Customers,0,643,39,5,822.57,17.136875
15848.0,621,1,137.99,Inactive Customers,1,45,34,1,137.99,4.058529411764706
15850.0,18,6,1006.75,Recent Low-Value Customers,0,1334,269,6,1006.75,3.237138263665595
15851.0,526,1,109.73,Inactive Customers,1,67,8,1,109.73,13.71625
15852.0,186,3,257.26,Inactive Customers,1,60,31,3,257.26,7.795757575757576
15853.0,51,1,110.8,Inactive Customers,0,135,29,1,110.8,3.6933333333333334
15854.0,3,21,5578.28,High-Value Loyal Customers,0,1691,168,21,5578.28,21.79015625
15855.0,136,6,1052.72,Occasional Customers,0,712,72,6,1052.72,11.081263157894737
15856.0,3,52,32275.95,High-Value Loyal Customers,0,19550,384,52,32275.95,29.288520871143376
15857.0,18,2,570.48,Recent Low-Value Customers,0,584,21,2,570.48,23.77
15858.0,15,13,3552.41,High-Value Loyal Customers,0,2715,273,13,3552.41,8.166459770114942
15859.0,431,1,438.46,Inactive Customers,1,174,22,1,438.46,19.93
15860.0,40,17,2361.3,High-Value Loyal Customers,0,1259,249,17,2361.3,6.884256559766764
15861.0,11,12,4369.2,High-Value Loyal Customers,0,3837,452,12,4369.2,5.544670050761421
15862.0,7,13,2512.29,High-Value Loyal Customers,0,1520,417,13,2512.29,5.044759036144578
15863.0,25,5,355.1,Recent Low-Value Customers,0,162,74,5,355.1,4.611688311688312
15864.0,21,7,2180.76,High-Value Loyal Customers,0,1486,18,7,2180.76,94.81565217391305
15865.0,40,5,2241.42,Occasional Customers,0,1141,119,5,2241.42,17.78904761904762
15866.0,100,1,211.89,Inactive Customers,0,124,43,1,211.89,4.927674418604651
15867.0,4,31,8923.3,High-Value Loyal Customers,0,5067,547,31,8923.3,8.748333333333333
15868.0,582,1,94.53,Inactive Customers,1,57,4,1,94.53,23.6325
15869.0,276,3,321.11,Inactive Customers,1,273,29,3,321.11,9.444411764705883
15870.0,32,4,857.46,Recent Low-Value Customers,0,504,127,4,857.46,5.9962237762237764
15871.0,436,1,33.099999999999994,Inactive Customers,1,5,5,1,33.099999999999994,6.619999999999999
15872.0,14,4,729.25,Recent Low-Value Customers,0,467,164,4,729.25,3.8789893617021276
15873.0,499,4,313.91999999999996,Inactive Customers,1,1152,3,4,313.91999999999996,52.31999999999999
15874.0,63,21,11284.76,High-Value Loyal Customers,0,5102,262,21,11284.76,32.99637426900585
15875.0,645,1,108.52,Inactive Customers,1,74,18,1,108.52,4.718260869565217
15876.0,408,2,1449.1399999999999,Occasional Customers,1,886,11,2,1449.1399999999999,131.73999999999998
15877.0,1,2,490.33,Recent Low-Value Customers,0,368,122,2,490.33,3.8915079365079364
15878.0,561,2,330.77,Inactive Customers,1,243,47,2,330.77,6.485686274509804
15879.0,403,4,1137.8,Occasional Customers,1,639,171,4,1137.8,6.356424581005586
15880.0,368,1,329.03000000000003,Inactive Customers,1,202,95,1,329.03000000000003,3.4273958333333336
15881.0,311,5,501.39000000000004,Occasional Customers,1,260,26,5,501.39000000000004,17.289310344827587
15882.0,198,8,1124.66,Occasional Customers,1,650,49,8,1124.66,19.062033898305085
15883.0,1,2,396.48,Recent Low-Value Customers,0,223,42,2,396.48,8.091428571428573
15884.0,431,2,244.60000000000002,Inactive Customers,1,152,14,2,244.60000000000002,17.47142857142857
15885.0,92,15,1951.82,Occasional Customers,0,622,83,15,1951.82,16.972347826086956
15886.0,59,4,1052.8700000000001,Occasional Customers,0,667,58,4,1052.8700000000001,16.98177419354839
15887.0,406,3,1027.15,Occasional Customers,1,605,27,3,1027.15,27.760810810810813
15888.0,80,3,429.16,Recent Low-Value Customers,0,139,33,3,429.16,11.004102564102565
15889.0,156,8,1427.6,Occasional Customers,0,800,256,8,1427.6,4.742857142857143
15890.0,394,5,535.65,Occasional Customers,1,119,10,5,535.65,53.565
15891.0,226,1,511.68,Inactive Customers,1,418,60,1,511.68,8.528
15892.0,668,1,128.2,Inactive Customers,1,46,38,1,128.2,3.3736842105263154
15893.0,481,1,305.28000000000003,Inactive Customers,1,288,1,1,305.28000000000003,305.28000000000003
15894.0,252,2,258.25,Inactive Customers,1,164,35,2,258.25,6.97972972972973
15895.0,149,1,179.17,Inactive Customers,0,94,11,1,179.17,16.288181818181815
15897.0,193,2,208.59,Inactive Customers,1,223,17,2,208.59,9.481363636363637
15898.0,0,25,4996.45,High-Value Loyal Customers,0,2160,281,25,4996.45,8.071809369951534
15899.0,368,1,56.25,Inactive Customers,1,39,4,1,56.25,14.0625
15900.0,23,4,886.5699999999999,Recent Low-Value Customers,0,656,100,4,886.5699999999999,7.03626984126984
15901.0,16,7,687.72,Recent Low-Value Customers,0,695,145,7,687.72,4.193414634146341
15902.0,379,1,145.01,Inactive Customers,1,124,18,1,145.01,8.056111111111111
15903.0,9,12,8939.84,High-Value Loyal Customers,0,3926,58,12,8939.84,77.06758620689655
15904.0,7,1,164.68,Recent Low-Value Customers,0,84,30,1,164.68,5.489333333333334
15905.0,542,1,114.69,Inactive Customers,1,82,22,1,114.69,5.213181818181818
15906.0,19,10,2530.19,High-Value Loyal Customers,0,749,143,10,2530.19,12.588009950248756
15907.0,3,3,882.72,Recent Low-Value Customers,0,478,175,3,882.72,3.905840707964602
15908.0,490,2,758.62,Inactive Customers,1,173,37,2,758.62,18.9655
15909.0,173,1,191.94,Inactive Customers,0,98,7,1,191.94,27.419999999999998
15910.0,0,15,2661.17,High-Value Loyal Customers,0,2158,394,15,2661.17,4.292209677419355
15911.0,623,8,1700.24,Occasional Customers,1,810,162,8,1700.24,6.590077519379845
15912.0,177,9,1074.7,Occasional Customers,0,759,83,9,1074.7,11.31263157894737
15913.0,533,1,6.300000000000001,Inactive Customers,1,3,1,1,6.300000000000001,6.300000000000001
15914.0,377,2,205.99,Inactive Customers,1,149,13,2,205.99,15.845384615384615
15915.0,401,1,364.45,Inactive Customers,1,414,105,1,364.45,3.225221238938053
15916.0,15,13,3145.2400000000002,High-Value Loyal Customers,0,1618,227,13,3145.2400000000002,10.278562091503268
15917.0,247,5,530.17,Occasional Customers,1,248,127,5,530.17,3.7335915492957743
15918.0,190,3,582.88,Occasional Customers,1,240,49,3,582.88,9.555409836065573
15919.0,19,2,525.69,Recent Low-Value Customers,0,385,103,2,525.69,4.308934426229508
15920.0,153,9,569.14,Occasional Customers,0,238,93,9,569.14,5.319065420560747
15921.0,172,4,775.26,Occasional Customers,0,335,69,4,775.26,9.813417721518988
15922.0,372,1,369.5,Inactive Customers,1,138,11,1,369.5,33.59090909090909
15923.0,372,1,127.08,Inactive Customers,1,122,21,1,127.08,6.051428571428572
15924.0,730,1,102.82,Inactive Customers,1,103,14,1,102.82,6.854666666666666
15925.0,193,1,207.15,Inactive Customers,1,93,12,1,207.15,17.2625
15926.0,541,1,134.44,Inactive Customers,1,155,7,1,134.44,19.205714285714286
15927.0,646,1,106.54,Inactive Customers,1,66,13,1,106.54,7.102666666666667
15928.0,655,1,293.53,Inactive Customers,1,164,11,1,293.53,26.684545454545454
15929.0,643,1,594.0,Inactive Customers,1,120,1,1,594.0,594.0
15930.0,66,1,426.63,Inactive Customers,0,139,21,1,426.63,20.315714285714286
15931.0,427,1,239.9,Inactive Customers,1,118,14,1,239.9,17.135714285714286
15932.0,3,8,2495.87,High-Value Loyal Customers,0,2325,93,8,2495.87,21.703217391304346
15933.0,20,3,1107.46,Recent Low-Value Customers,0,885,63,3,1107.46,14.965675675675676
15934.0,417,2,2190.66,Occasional Customers,1,2166,29,2,2190.66,75.53999999999999
15935.0,238,2,416.86,Inactive Customers,1,115,12,2,416.86,34.73833333333334
15936.0,378,2,282.79,Inactive Customers,1,211,16,2,282.79,14.883684210526317
15937.0,63,1,145.35,Inactive Customers,0,73,7,1,145.35,20.764285714285712
15938.0,111,9,734.81,Occasional Customers,0,449,27,9,734.81,18.84128205128205
15939.0,89,16,9060.39,High-Value Loyal Customers,0,6260,52,16,9060.39,56.27571428571428
15940.0,310,1,35.8,Inactive Customers,1,4,1,1,35.8,35.8
15941.0,636,1,405.0,Inactive Customers,1,60,6,1,405.0,67.5
15942.0,133,1,337.44,Inactive Customers,0,232,14,1,337.44,24.102857142857143
15943.0,649,2,271.28999999999996,Inactive Customers,1,183,12,2,271.28999999999996,22.607499999999998
15944.0,276,4,2164.24,Occasional Customers,1,859,25,4,2164.24,56.95368421052631
15945.0,364,4,646.27,Occasional Customers,1,345,24,4,646.27,23.081071428571427
15946.0,502,3,2304.18,Occasional Customers,1,1614,25,3,2304.18,88.62230769230769
15947.0,82,1,1708.24,Recent Low-Value Customers,0,898,29,1,1708.24,58.9048275862069
15948.0,7,3,1509.0900000000001,Recent Low-Value Customers,0,852,63,3,1509.0900000000001,15.885157894736844
15949.0,16,2,364.72,Recent Low-Value Customers,0,284,12,2,364.72,19.19578947368421
15950.0,31,10,7120.91,High-Value Loyal Customers,0,3354,225,10,7120.91,18.119363867684477
15951.0,8,3,1013.17,Recent Low-Value Customers,0,420,44,3,1013.17,17.17237288135593
15952.0,33,4,781.91,Recent Low-Value Customers,0,391,65,4,781.91,9.30845238095238
15953.0,14,18,3440.3399999999997,High-Value Loyal Customers,0,1741,102,18,3440.3399999999997,20.60083832335329
15954.0,588,1,190.75,Inactive Customers,1,119,20,1,190.75,9.5375
15955.0,23,22,8085.9800000000005,High-Value Loyal Customers,0,3967,222,22,8085.9800000000005,23.643216374269006
15956.0,550,2,617.6,Inactive Customers,1,278,18,2,617.6,34.31111111111111
15957.0,31,3,921.25,Recent Low-Value Customers,0,453,121,3,921.25,6.309931506849315
15958.0,73,4,462.12,Recent Low-Value Customers,0,154,50,4,462.12,7.109538461538461
15959.0,681,3,542.89,Inactive Customers,1,269,58,3,542.89,7.646338028169014
15960.0,373,4,410.95,Inactive Customers,1,258,24,4,410.95,15.805769230769231
15961.0,378,1,451.28999999999996,Inactive Customers,1,154,42,1,451.28999999999996,10.745
15962.0,448,1,289.48,Inactive Customers,1,228,43,1,289.48,5.263272727272728
15963.0,19,2,470.76,Recent Low-Value Customers,0,298,26,2,470.76,16.812857142857144
15964.0,662,1,269.21000000000004,Inactive Customers,1,93,20,1,269.21000000000004,13.460500000000001
15965.0,16,13,2771.94,High-Value Loyal Customers,0,1313,202,13,2771.94,8.34921686746988
15966.0,450,1,426.53000000000003,Inactive Customers,1,275,27,1,426.53000000000003,15.797407407407409
15967.0,22,12,2966.0,High-Value Loyal Customers,0,1183,316,12,2966.0,6.179166666666666
15968.0,387,1,404.55,Inactive Customers,1,247,70,1,404.55,5.056875
15969.0,2,5,1127.05,Recent Low-Value Customers,0,223,31,5,1127.05,32.20142857142857
15970.0,303,2,1017.32,Inactive Customers,1,498,19,2,1017.32,42.388333333333335
15971.0,17,18,5902.83,High-Value Loyal Customers,0,2251,12,18,5902.83,140.54357142857143
15972.0,455,5,1769.33,Occasional Customers,1,468,104,5,1769.33,12.728992805755395
15973.0,366,3,680.62,Inactive Customers,1,195,8,3,680.62,61.874545454545455
15974.0,38,7,3442.15,Occasional Customers,0,2262,141,7,3442.15,19.557670454545455
15975.0,83,1,371.01,Inactive Customers,0,243,24,1,371.01,15.45875
15976.0,164,6,1694.41,Occasional Customers,0,1053,265,6,1694.41,4.482566137566137
15977.0,16,2,1054.73,Recent Low-Value Customers,0,1016,48,2,1054.73,16.226615384615386
15978.0,76,3,3279.42,Occasional Customers,0,2444,107,3,3279.42,25.42186046511628
15979.0,602,1,329.22,Inactive Customers,1,450,22,1,329.22,14.964545454545457
15980.0,88,7,6543.68,Occasional Customers,0,4822,101,7,6543.68,56.90156521739131
15981.0,24,21,9362.77,High-Value Loyal Customers,0,4827,151,21,9362.77,32.509618055555556
15982.0,604,1,324.51,Inactive Customers,1,131,45,1,324.51,7.211333333333333
15983.0,21,8,3110.37,High-Value Loyal Customers,0,1872,137,8,3110.37,12.055697674418605
15984.0,2,30,8393.02,High-Value Loyal Customers,0,5730,458,30,8393.02,11.990028571428573
15985.0,122,7,2715.28,Occasional Customers,0,2750,50,7,2715.28,26.10846153846154
15986.0,29,2,354.42,Recent Low-Value Customers,0,368,25,2,354.42,14.1768
15987.0,11,8,1535.99,High-Value Loyal Customers,0,1599,143,8,1535.99,9.08869822485207
15988.0,18,3,738.89,Recent Low-Value Customers,0,476,114,3,738.89,6.157416666666666
15989.0,375,2,368.31,Inactive Customers,1,169,81,2,368.31,4.2826744186046515
15990.0,43,7,1997.75,Occasional Customers,0,1086,117,7,1997.75,11.286723163841808
15991.0,533,1,150.55,Inactive Customers,1,41,6,1,150.55,25.09166666666667
15992.0,3,3,896.6,Recent Low-Value Customers,0,514,53,3,896.6,16.603703703703705
15993.0,8,7,2777.67,High-Value Loyal Customers,0,2037,335,7,2777.67,5.115414364640884
15994.0,54,3,1175.68,Recent Low-Value Customers,0,462,93,3,1175.68,10.885925925925926
15995.0,413,1,694.54,Inactive Customers,1,352,108,1,694.54,6.314
15996.0,87,7,1386.4,Occasional Customers,0,643,140,7,1386.4,8.013872832369943
15998.0,36,16,8274.14,High-Value Loyal Customers,0,5350,682,16,8274.14,5.806414035087719
15999.0,735,1,20.4,Inactive Customers,1,24,1,1,20.4,20.4
16000.0,2,3,12393.7,High-Value Loyal Customers,0,5110,9,3,12393.7,1377.0777777777778
16001.0,380,1,583.39,Inactive Customers,1,337,29,1,583.39,20.11689655172414
16002.0,624,1,169.21,Inactive Customers,1,70,42,1,169.21,4.028809523809524
16003.0,29,10,5613.83,High-Value Loyal Customers,0,2210,146,10,5613.83,27.65433497536946
16004.0,474,5,2146.39,Occasional Customers,1,1076,63,5,2146.39,23.848777777777777
16005.0,11,10,2365.4900000000002,High-Value Loyal Customers,0,1269,315,10,2365.4900000000002,4.887376033057851
16006.0,210,2,332.82,Inactive Customers,1,205,75,2,332.82,4.266923076923077
16007.0,47,7,3053.06,Occasional Customers,0,2631,337,7,3053.06,4.646971080669711
16008.0,23,15,5339.13,High-Value Loyal Customers,0,3237,63,15,5339.13,21.103280632411067
16009.0,21,4,972.11,Recent Low-Value Customers,0,366,68,4,972.11,11.855
16010.0,245,11,1694.86,Occasional Customers,1,919,122,11,1694.86,5.864567474048442
16011.0,7,29,5601.01,High-Value Loyal Customers,0,3323,181,29,5601.01,13.17884705882353
16012.0,34,5,2978.59,Occasional Customers,0,1760,207,5,2978.59,12.462719665271967
16013.0,3,84,56078.44,High-Value Loyal Customers,0,25520,54,84,56078.44,259.6224074074074
16014.0,37,5,1100.28,Recent Low-Value Customers,0,462,219,5,1100.28,4.001018181818182
16015.0,3,3,704.55,Recent Low-Value Customers,0,907,146,3,704.55,3.892541436464088
16016.0,2,11,2083.4,High-Value Loyal Customers,0,881,181,11,2083.4,7.014814814814815
16017.0,46,5,1545.58,Occasional Customers,0,635,99,5,1545.58,11.889076923076923
16018.0,38,4,698.13,Recent Low-Value Customers,0,503,48,4,698.13,12.466607142857143
16019.0,46,27,17329.16,High-Value Loyal Customers,0,6959,256,27,17329.16,43.00039702233251
16020.0,16,3,851.01,Recent Low-Value Customers,0,487,42,3,851.01,18.500217391304346
16021.0,394,2,487.03,Inactive Customers,1,276,117,2,487.03,3.8653174603174603
16022.0,259,1,602.63,Inactive Customers,1,255,68,1,602.63,8.48774647887324
16023.0,45,3,719.81,Recent Low-Value Customers,0,358,90,3,719.81,7.126831683168317
16024.0,11,3,483.99,Recent Low-Value Customers,0,504,78,3,483.99,5.694
16025.0,29,1,439.65999999999997,Recent Low-Value Customers,0,338,28,1,439.65999999999997,15.702142857142857
16026.0,42,1,236.09,Recent Low-Value Customers,0,243,30,1,236.09,7.3778125
16027.0,91,15,2048.36,Occasional Customers,0,2099,20,15,2048.36,58.524571428571434
16028.0,595,1,82.2,Inactive Customers,1,18,5,1,82.2,16.44
16029.0,38,107,117763.62,High-Value Loyal Customers,0,54450,57,107,117763.62,318.28005405405406
16030.0,309,1,331.24,Inactive Customers,1,283,28,1,331.24,11.422068965517242
16031.0,91,2,547.9,Inactive Customers,0,421,91,2,547.9,5.590816326530612
16032.0,455,6,1965.72,Occasional Customers,1,1467,130,6,1965.72,9.36057142857143
16033.0,5,27,10608.81,High-Value Loyal Customers,0,4200,605,27,10608.81,7.806335540838852
16034.0,195,6,911.3199999999999,Occasional Customers,1,585,43,6,911.3199999999999,16.273571428571426
16035.0,559,1,217.73,Inactive Customers,1,33,21,1,217.73,10.368095238095238
16036.0,86,4,2556.84,Occasional Customers,0,1369,120,4,2556.84,18.263142857142856
16037.0,269,5,1509.34,Occasional Customers,1,766,62,5,1509.34,21.258309859154927
16038.0,7,3,471.78000000000003,Recent Low-Value Customers,0,244,24,3,471.78000000000003,18.145384615384618
16039.0,423,2,456.4,Inactive Customers,1,409,27,2,456.4,14.2625
16040.0,64,7,2416.9,Occasional Customers,0,1185,95,7,2416.9,19.3352
16041.0,30,3,3166.4,Recent Low-Value Customers,0,1584,6,3,3166.4,527.7333333333333
16042.0,21,8,2245.32,High-Value Loyal Customers,0,1430,88,8,2245.32,17.40558139534884
16043.0,37,8,1856.5900000000001,Occasional Customers,0,1011,56,8,1856.5900000000001,25.4327397260274
16044.0,434,1,340.84000000000003,Inactive Customers,1,170,19,1,340.84000000000003,17.938947368421054
16045.0,119,8,3434.9300000000003,Occasional Customers,0,2108,111,8,3434.9300000000003,23.208986486486488
16046.0,561,1,235.78,Inactive Customers,1,248,22,1,235.78,10.717272727272727
16047.0,681,1,107.14,Inactive Customers,1,1,1,1,107.14,107.14
16048.0,372,4,818.7900000000001,Occasional Customers,1,425,30,4,818.7900000000001,22.74416666666667
16049.0,39,6,1852.15,Occasional Customers,0,1132,383,6,1852.15,3.8188659793814437
16050.0,173,3,300.7,Inactive Customers,0,388,19,3,300.7,14.319047619047618
16051.0,681,1,188.44,Inactive Customers,1,80,12,1,188.44,15.703333333333333
16052.0,53,1,362.06,Recent Low-Value Customers,0,282,34,1,362.06,10.648823529411764
16053.0,32,6,3634.84,Occasional Customers,0,3067,169,6,3634.84,18.736288659793814
16054.0,144,4,2111.88,Occasional Customers,0,791,109,4,2111.88,17.31049180327869
16055.0,220,1,134.8,Inactive Customers,1,22,8,1,134.8,16.85
16056.0,44,1,650.75,Recent Low-Value Customers,0,345,66,1,650.75,9.859848484848484
16057.0,15,10,3854.85,High-Value Loyal Customers,0,1691,175,10,3854.85,17.682798165137616
16058.0,405,1,62.7,Inactive Customers,1,18,2,1,62.7,31.35
16059.0,65,12,3053.57,Occasional Customers,0,1431,233,12,3053.57,7.809641943734015
16060.0,400,3,541.95,Inactive Customers,1,243,22,3,541.95,22.58125
16061.0,430,1,89.65,Inactive Customers,1,19,3,1,89.65,29.883333333333336
16062.0,9,8,2863.45,High-Value Loyal Customers,0,2035,134,8,2863.45,15.478108108108108
16063.0,259,1,335.32,Inactive Customers,1,262,23,1,335.32,14.57913043478261
16064.0,724,1,109.31,Inactive Customers,1,55,17,1,109.31,6.43
16065.0,364,8,1992.13,Occasional Customers,1,1207,214,8,1992.13,5.643427762039661
16066.0,16,5,1521.04,Recent Low-Value Customers,0,935,77,5,1521.04,15.059801980198019
16067.0,562,3,3269.11,Occasional Customers,1,1236,60,3,3269.11,48.07514705882353
16068.0,593,1,115.73,Inactive Customers,1,48,34,1,115.73,3.3065714285714285
16069.0,417,1,457.7,Inactive Customers,1,138,25,1,457.7,18.308
16070.0,21,2,852.15,Recent Low-Value Customers,0,457,32,2,852.15,25.82272727272727
16071.0,44,4,1076.8,Recent Low-Value Customers,0,697,62,4,1076.8,14.750684931506848
16072.0,287,4,4180.09,Occasional Customers,1,1580,414,4,4180.09,7.87210922787194
16073.0,296,1,122.39999999999999,Inactive Customers,1,48,1,1,122.39999999999999,122.39999999999999
16074.0,389,1,252.5,Inactive Customers,1,38,23,1,252.5,10.1
16075.0,502,2,736.9300000000001,Inactive Customers,1,271,41,2,736.9300000000001,17.973902439024393
16076.0,2,10,2234.73,High-Value Loyal Customers,0,1435,71,10,2234.73,17.323488372093024
16077.0,625,1,2300.4,Inactive Customers,1,840,8,1,2300.4,287.55
16078.0,283,2,362.99,Inactive Customers,1,200,39,2,362.99,9.307435897435898
16079.0,16,3,1352.0,Recent Low-Value Customers,0,864,18,3,1352.0,64.38095238095238
16080.0,81,4,602.5600000000001,Occasional Customers,0,298,29,4,602.5600000000001,20.085333333333335
16081.0,55,8,4278.96,Occasional Customers,0,2177,235,8,4278.96,11.627608695652174
16082.0,669,1,106.75,Inactive Customers,1,39,16,1,106.75,6.671875
16083.0,100,4,2351.42,Occasional Customers,0,1514,61,4,2351.42,33.11859154929578
16084.0,298,1,436.18,Inactive Customers,1,216,38,1,436.18,11.47842105263158
16085.0,22,12,2341.03,High-Value Loyal Customers,0,1382,259,12,2341.03,6.242746666666667
16086.0,58,10,2687.73,Occasional Customers,0,1450,66,10,2687.73,20.83511627906977
16087.0,388,5,1739.92,Occasional Customers,1,664,6,5,1739.92,173.99200000000002
16088.0,575,2,1437.43,Occasional Customers,1,373,3,2,1437.43,239.5716666666667
16089.0,385,2,263.49,Inactive Customers,1,119,42,2,263.49,5.606170212765957
16090.0,623,1,180.56,Inactive Customers,1,58,18,1,180.56,10.03111111111111
16091.0,154,2,315.06,Inactive Customers,0,154,16,2,315.06,17.503333333333334
16092.0,114,6,1587.94,Occasional Customers,0,1188,60,6,1587.94,17.64377777777778
16093.0,106,1,17.0,Inactive Customers,0,20,1,1,17.0,17.0
16094.0,11,11,3695.56,High-Value Loyal Customers,0,2020,101,11,3695.56,18.854897959183674
16095.0,455,1,447.05,Inactive Customers,1,265,30,1,447.05,14.901666666666667
16096.0,263,4,1584.97,Occasional Customers,1,700,58,4,1584.97,24.01469696969697
16097.0,239,1,185.04999999999998,Inactive Customers,1,87,10,1,185.04999999999998,18.505
16098.0,87,14,4010.7,High-Value Loyal Customers,0,2008,83,14,4010.7,26.738
16099.0,49,7,1573.2,Occasional Customers,0,960,44,7,1573.2,22.8
16100.0,462,1,582.64,Inactive Customers,1,438,37,1,582.64,15.747027027027027
16101.0,70,4,3229.16,Occasional Customers,0,1844,153,4,3229.16,16.818541666666665
16102.0,41,3,1842.14,Recent Low-Value Customers,0,942,41,3,1842.14,32.31824561403509
16103.0,6,22,6191.71,High-Value Loyal Customers,0,2639,111,22,6191.71,30.95855
16104.0,61,9,2774.46,Occasional Customers,0,1047,187,9,2774.46,11.958879310344829
16105.0,248,5,2386.19,Occasional Customers,1,2125,92,5,2386.19,21.692636363636364
16106.0,65,1,108.38,Inactive Customers,0,74,6,1,108.38,18.063333333333333
16107.0,17,7,3204.1600000000003,High-Value Loyal Customers,0,1176,16,7,3204.1600000000003,103.36000000000001
16108.0,84,4,2235.92,Occasional Customers,0,1473,124,4,2235.92,16.56237037037037
16109.0,218,3,939.48,Occasional Customers,1,1092,30,3,939.48,30.305806451612902
16110.0,44,4,1781.59,Occasional Customers,0,880,343,4,1781.59,4.143232558139535
16111.0,427,1,549.33,Inactive Customers,1,233,72,1,549.33,7.525068493150686
16112.0,142,4,195.73999999999998,Inactive Customers,0,574,15,4,195.73999999999998,12.233749999999999
16113.0,182,1,161.38,Inactive Customers,1,176,30,1,161.38,5.379333333333333
16114.0,170,1,135.75000000000003,Inactive Customers,0,43,8,1,135.75000000000003,16.968750000000004
16115.0,9,12,2553.8,High-Value Loyal Customers,0,1589,230,12,2553.8,6.094988066825776
16116.0,211,1,612.78,Inactive Customers,1,248,34,1,612.78,18.02294117647059
16117.0,189,3,654.4,Occasional Customers,1,321,64,3,654.4,7.352808988764044
16118.0,652,1,4376.25,Occasional Customers,1,2851,41,1,4376.25,106.73780487804878
16119.0,7,8,1720.81,High-Value Loyal Customers,0,811,37,8,1720.81,31.86685185185185
16120.0,58,6,2967.51,Occasional Customers,0,2161,84,6,2967.51,32.25554347826087
16121.0,56,5,1450.04,Occasional Customers,0,879,256,5,1450.04,4.215232558139535
16122.0,72,6,895.62,Occasional Customers,0,1280,28,6,895.62,16.585555555555555
16123.0,51,1,307.78,Recent Low-Value Customers,0,170,16,1,307.78,19.23625
16124.0,316,4,1772.49,Occasional Customers,1,797,63,4,1772.49,21.615731707317074
16125.0,366,14,4292.35,Occasional Customers,1,1819,168,14,4292.35,14.955923344947736
16126.0,28,15,14644.6,High-Value Loyal Customers,0,6140,144,15,14644.6,38.43727034120735
16127.0,38,2,801.31,Recent Low-Value Customers,0,391,75,2,801.31,10.684133333333333
16128.0,17,11,3801.05,High-Value Loyal Customers,0,2445,155,11,3801.05,20.88489010989011
16129.0,406,3,1396.05,Occasional Customers,1,1261,91,3,1396.05,14.542187499999999
16130.0,421,4,987.48,Occasional Customers,1,296,53,4,987.48,17.95418181818182
16131.0,51,12,9957.42,High-Value Loyal Customers,0,4768,131,12,9957.42,45.46767123287671
16132.0,543,2,664.1999999999999,Inactive Customers,1,280,14,2,664.1999999999999,39.07058823529411
16133.0,3,56,22992.260000000002,High-Value Loyal Customers,0,13653,303,56,22992.260000000002,42.26518382352941
16134.0,21,5,2145.34,Recent Low-Value Customers,0,1637,85,5,2145.34,18.49431034482759
16135.0,262,2,819.45,Inactive Customers,1,395,35,2,819.45,21.011538461538464
16136.0,59,4,946.8,Occasional Customers,0,674,44,4,946.8,20.582608695652173
16137.0,679,1,422.7,Inactive Customers,1,210,28,1,422.7,15.096428571428572
16138.0,378,3,910.35,Occasional Customers,1,774,35,3,910.35,24.604054054054053
16139.0,18,5,1111.15,Recent Low-Value Customers,0,602,47,5,1111.15,19.493859649122808
16140.0,65,3,1433.46,Occasional Customers,0,1272,50,3,1433.46,22.3978125
16141.0,87,2,955.94,Recent Low-Value Customers,0,410,47,2,955.94,19.1188
16142.0,249,1,535.34,Inactive Customers,1,422,37,1,535.34,14.46864864864865
16143.0,2,12,4555.08,High-Value Loyal Customers,0,1866,107,12,4555.08,20.426367713004485
16144.0,246,1,175.2,Inactive Customers,1,16,1,1,175.2,175.2
16145.0,8,19,6805.4400000000005,High-Value Loyal Customers,0,5270,217,19,6805.4400000000005,17.185454545454547
16146.0,156,4,946.38,Occasional Customers,0,544,34,4,946.38,23.082439024390244
16147.0,133,5,2398.91,Occasional Customers,0,1395,113,5,2398.91,17.639044117647057
16148.0,295,2,386.62,Inactive Customers,1,250,9,2,386.62,42.95777777777778
16149.0,4,3,422.22,Recent Low-Value Customers,0,598,30,3,422.22,14.074000000000002
16150.0,42,10,4002.17,High-Value Loyal Customers,0,1990,143,10,4002.17,18.528564814814814
16152.0,268,1,1829.04,Occasional Customers,1,642,29,1,1829.04,63.070344827586204
16153.0,49,11,5133.49,High-Value Loyal Customers,0,3693,161,11,5133.49,22.714557522123894
16155.0,381,5,796.9,Occasional Customers,1,495,45,5,796.9,16.602083333333333
16156.0,8,20,6188.18,High-Value Loyal Customers,0,3205,199,20,6188.18,23.709501915708813
16157.0,15,3,656.69,Recent Low-Value Customers,0,347,12,3,656.69,36.482777777777784
16158.0,521,9,628.32,Occasional Customers,1,182,29,9,628.32,17.952
16159.0,281,4,1232.79,Occasional Customers,1,635,31,4,1232.79,23.7075
16160.0,64,2,1025.44,Recent Low-Value Customers,0,1162,20,2,1025.44,51.272000000000006
16161.0,1,43,12580.06,High-Value Loyal Customers,0,6255,458,43,12580.06,11.093527336860669
16162.0,251,1,37.4,Inactive Customers,1,4,2,1,37.4,18.7
16163.0,231,6,2407.98,Occasional Customers,1,676,59,6,2407.98,35.4114705882353
16164.0,16,3,822.48,Recent Low-Value Customers,0,433,27,3,822.48,24.19058823529412
16165.0,504,1,79.9,Inactive Customers,1,2,1,1,79.9,79.9
16166.0,427,2,435.83,Inactive Customers,1,173,18,2,435.83,19.810454545454544
16167.0,413,5,1386.1200000000001,Occasional Customers,1,1494,51,5,1386.1200000000001,22.001904761904765
16168.0,10,66,10360.67,High-Value Loyal Customers,0,4975,131,66,10360.67,33.85839869281046
16169.0,7,4,1822.97,Recent Low-Value Customers,0,1325,71,4,1822.97,21.44670588235294
16170.0,50,20,6869.0,High-Value Loyal Customers,0,6056,254,20,6869.0,15.611363636363636
16171.0,58,1,73.2,Inactive Customers,0,24,3,1,73.2,24.400000000000002
16172.0,94,8,1884.55,Occasional Customers,0,1419,81,8,1884.55,16.677433628318585
16173.0,15,6,1418.32,Recent Low-Value Customers,0,575,70,6,1418.32,16.884761904761906
16174.0,125,7,2246.75,Occasional Customers,0,1431,28,7,2246.75,34.565384615384616
16175.0,93,7,1836.44,Occasional Customers,0,932,59,7,1836.44,18.739183673469388
16176.0,420,4,2052.69,Occasional Customers,1,952,53,4,2052.69,28.509583333333335
16177.0,49,8,2247.31,Occasional Customers,0,1021,79,8,2247.31,19.044999999999998
16178.0,137,2,612.6,Inactive Customers,0,304,24,2,612.6,24.504
16179.0,60,1,215.83,Inactive Customers,0,99,11,1,215.83,19.62090909090909
16180.0,99,13,16249.87,High-Value Loyal Customers,0,9813,171,13,16249.87,49.693792048929666
16181.0,72,1,305.54,Inactive Customers,0,152,11,1,305.54,27.776363636363637
16182.0,71,9,9971.65,High-Value Loyal Customers,0,5887,20,9,9971.65,195.52254901960782
16183.0,66,4,1077.81,Occasional Customers,0,351,32,4,1077.81,26.288048780487802
16184.0,63,6,1158.79,Occasional Customers,0,561,26,6,1158.79,25.750888888888888
16185.0,16,3,644.72,Recent Low-Value Customers,0,321,39,3,644.72,16.118000000000002
16186.0,22,26,8718.43,High-Value Loyal Customers,0,6594,172,26,8718.43,17.26421782178218
16187.0,31,15,6911.4400000000005,High-Value Loyal Customers,0,5048,160,15,6911.4400000000005,23.428610169491527
16188.0,44,5,1087.66,Occasional Customers,0,838,72,5,1087.66,14.698108108108109
16189.0,15,2,215.48,Recent Low-Value Customers,0,134,9,2,215.48,19.58909090909091
16190.0,39,8,2723.55,Occasional Customers,0,1231,89,8,2723.55,22.886974789915968
16191.0,2,24,15677.82,High-Value Loyal Customers,0,9348,113,24,15677.82,67.57681034482758
16192.0,735,1,351.3,Inactive Customers,1,208,11,1,351.3,31.936363636363637
16193.0,236,2,630.43,Inactive Customers,1,379,38,2,630.43,16.590263157894736
16194.0,374,1,308.59999999999997,Inactive Customers,1,140,8,1,308.59999999999997,38.574999999999996
16195.0,722,1,323.25,Inactive Customers,1,123,16,1,323.25,20.203125
16196.0,488,1,93.3,Inactive Customers,1,26,4,1,93.3,23.325
16197.0,468,9,2016.71,Occasional Customers,1,1420,52,9,2016.71,21.68505376344086
16198.0,74,2,1030.0410000000002,Recent Low-Value Customers,0,384,31,2,1030.0410000000002,31.213363636363642
16199.0,391,7,942.75,Occasional Customers,1,321,2,7,942.75,94.275
16200.0,3,12,5608.1,High-Value Loyal Customers,0,3068,361,12,5608.1,9.148613376835238
16201.0,2,5,2112.12,Recent Low-Value Customers,0,1421,86,5,2112.12,17.03322580645161
16202.0,360,9,2501.9900000000002,Occasional Customers,1,1307,105,9,2501.9900000000002,20.17733870967742
16203.0,58,6,943.84,Occasional Customers,0,537,56,6,943.84,14.30060606060606
16204.0,22,3,918.71,Recent Low-Value Customers,0,671,86,3,918.71,9.096138613861386
16205.0,30,7,1820.1100000000001,Occasional Customers,0,1452,147,7,1820.1100000000001,9.239137055837563
16206.0,54,13,2589.87,High-Value Loyal Customers,0,1379,187,13,2589.87,10.791125
16207.0,24,1,394.38,Recent Low-Value Customers,0,140,19,1,394.38,20.756842105263157
16208.0,44,10,3440.45,High-Value Loyal Customers,0,1541,180,10,3440.45,13.598616600790512
16209.0,88,9,4146.78,Occasional Customers,0,1895,51,9,4146.78,61.892238805970145
16210.0,1,35,33750.97,High-Value Loyal Customers,0,12397,145,35,33750.97,131.8397265625
16211.0,88,3,1090.59,Occasional Customers,0,519,35,3,1090.59,30.294166666666666
16212.0,18,4,1293.71,Recent Low-Value Customers,0,571,71,4,1293.71,16.586025641025643
16213.0,78,1,159.0,Inactive Customers,0,48,6,1,159.0,26.5
16214.0,170,4,2038.25,Occasional Customers,0,1308,84,4,2038.25,20.7984693877551
16215.0,80,1,242.35,Inactive Customers,0,104,14,1,242.35,17.310714285714287
16216.0,266,1,914.9300000000001,Inactive Customers,1,254,37,1,914.9300000000001,24.72783783783784
16217.0,234,2,304.25,Inactive Customers,1,91,13,2,304.25,20.283333333333335
16218.0,29,13,3968.67,High-Value Loyal Customers,0,2799,82,13,3968.67,29.18139705882353
16219.0,500,1,40.8,Inactive Customers,1,48,1,1,40.8,40.8
16221.0,36,9,2019.92,Occasional Customers,0,1449,177,9,2019.92,8.451548117154813
16222.0,317,2,1272.05,Occasional Customers,1,463,133,2,1272.05,8.772758620689656
16223.0,374,2,1087.05,Inactive Customers,1,643,101,2,1087.05,8.83780487804878
16224.0,56,5,1616.54,Occasional Customers,0,1555,107,5,1616.54,13.935689655172414
16225.0,44,15,2859.31,High-Value Loyal Customers,0,1281,189,15,2859.31,9.531033333333333
16226.0,202,5,672.1700000000001,Occasional Customers,1,521,23,5,672.1700000000001,21.682903225806452
16227.0,224,3,1027.22,Occasional Customers,1,436,28,3,1027.22,30.212352941176473
16228.0,384,3,885.71,Occasional Customers,1,555,45,3,885.71,16.402037037037037
16229.0,86,6,2867.86,Occasional Customers,0,1292,144,6,2867.86,16.294659090909093
16230.0,189,2,542.03,Inactive Customers,1,365,32,2,542.03,15.486571428571429
16231.0,378,4,1074.47,Occasional Customers,1,563,69,4,1074.47,10.7447
16232.0,43,7,2712.97,Occasional Customers,0,1849,60,7,2712.97,25.837809523809522
16233.0,70,9,1818.31,Occasional Customers,0,677,49,9,1818.31,24.908356164383562
16234.0,475,3,333.18,Inactive Customers,1,170,13,3,333.18,22.212
16235.0,40,9,2053.71,Occasional Customers,0,788,80,9,2053.71,17.858347826086955
16236.0,77,1,432.2,Inactive Customers,0,184,20,1,432.2,21.61
16237.0,436,1,136.65,Inactive Customers,1,57,7,1,136.65,19.521428571428572
16238.0,422,1,63.66,Inactive Customers,1,85,6,1,63.66,10.61
16239.0,56,6,1492.2,Occasional Customers,0,692,24,6,1492.2,42.63428571428572
16240.0,23,2,3718.8,Recent Low-Value Customers,0,1641,126,2,3718.8,27.546666666666667
16241.0,9,16,3992.86,High-Value Loyal Customers,0,2258,500,16,3992.86,4.15058212058212
16242.0,7,14,7404.65,High-Value Loyal Customers,0,3921,348,14,7404.65,11.018824404761904
16243.0,33,2,409.1,Recent Low-Value Customers,0,110,49,2,409.1,8.02156862745098
16244.0,211,2,1522.75,Occasional Customers,1,855,88,2,1522.75,16.733516483516482
16245.0,23,3,1413.66,Recent Low-Value Customers,0,1014,80,3,1413.66,15.707333333333334
16246.0,459,2,821.35,Inactive Customers,1,336,79,2,821.35,9.333522727272728
16247.0,169,1,114.56,Inactive Customers,0,182,16,1,114.56,7.16
16248.0,61,1,152.94,Inactive Customers,0,78,7,1,152.94,21.84857142857143
16249.0,52,5,1800.07,Occasional Customers,0,950,67,5,1800.07,26.08797101449275
16250.0,260,3,565.24,Inactive Customers,1,268,29,3,565.24,16.149714285714285
16251.0,511,1,128.31,Inactive Customers,1,44,20,1,128.31,6.4155
16252.0,382,1,295.09000000000003,Inactive Customers,1,158,21,1,295.09000000000003,14.051904761904764
16253.0,66,7,7272.2,Occasional Customers,0,6030,218,7,7272.2,24.485521885521884
16254.0,377,3,967.44,Occasional Customers,1,543,65,3,967.44,13.073513513513515
16255.0,16,15,4530.0,High-Value Loyal Customers,0,2876,231,15,4530.0,8.917322834645669
16256.0,266,3,1629.37,Occasional Customers,1,1590,27,3,1629.37,56.1851724137931
16257.0,176,1,46.95,Inactive Customers,0,2,2,1,46.95,23.475
16258.0,44,15,11942.52,High-Value Loyal Customers,0,7200,253,15,11942.52,34.71662790697675
16259.0,409,3,340.94,Inactive Customers,1,143,75,3,340.94,4.011058823529412
16260.0,50,1,1035.45,Recent Low-Value Customers,0,311,18,1,1035.45,57.525000000000006
16261.0,16,6,1041.16,Recent Low-Value Customers,0,454,118,6,1041.16,6.3874846625766875
16262.0,377,1,755.15,Inactive Customers,1,446,46,1,755.15,16.416304347826088
16263.0,422,1,348.16,Inactive Customers,1,197,19,1,348.16,16.57904761904762
16264.0,437,2,823.53,Inactive Customers,1,616,62,2,823.53,13.071904761904761
16265.0,8,12,6935.17,High-Value Loyal Customers,0,3214,192,12,6935.17,20.57913946587537
16266.0,73,14,1757.95,Occasional Customers,0,791,73,14,1757.95,16.127981651376146
16267.0,590,1,186.66,Inactive Customers,1,198,7,1,186.66,26.665714285714284
16268.0,70,2,667.65,Recent Low-Value Customers,0,533,45,2,667.65,14.836666666666666
16269.0,437,1,717.57,Inactive Customers,1,579,53,1,717.57,13.539056603773586
16270.0,352,1,1141.24,Inactive Customers,1,688,54,1,1141.24,21.134074074074075
16271.0,2,10,3397.82,High-Value Loyal Customers,0,2359,176,10,3397.82,11.363946488294316
16272.0,116,1,411.7,Inactive Customers,0,224,25,1,411.7,16.468
16273.0,647,2,318.34000000000003,Inactive Customers,1,40,15,2,318.34000000000003,21.22266666666667
16274.0,372,1,351.75,Inactive Customers,1,153,64,1,351.75,5.411538461538462
16275.0,196,3,2151.11,Occasional Customers,1,1268,105,3,2151.11,19.37936936936937
16276.0,176,3,2629.3900000000003,Occasional Customers,0,1467,20,3,2629.3900000000003,101.13038461538463
16277.0,733,1,188.69,Inactive Customers,1,33,23,1,188.69,8.203913043478261
16278.0,99,3,1117.84,Occasional Customers,0,342,50,3,1117.84,20.324363636363636
16279.0,20,9,5698.28,High-Value Loyal Customers,0,3683,243,9,5698.28,16.374367816091954
16280.0,724,1,238.05,Inactive Customers,1,101,16,1,238.05,14.878125
16281.0,71,3,3424.02,Occasional Customers,0,1570,27,3,3424.02,87.79538461538462
16282.0,339,3,1307.58,Occasional Customers,1,790,31,3,1307.58,39.623636363636365
16283.0,5,8,4350.32,High-Value Loyal Customers,0,2867,385,8,4350.32,7.474776632302405
16284.0,30,3,1018.48,Recent Low-Value Customers,0,674,108,3,1018.48,7.657744360902256
16285.0,645,1,176.9,Inactive Customers,1,60,31,1,176.9,5.706451612903226
16286.0,476,2,328.95,Inactive Customers,1,101,17,2,328.95,19.349999999999998
16287.0,169,5,1006.98,Occasional Customers,0,1426,18,5,1006.98,23.975714285714286
16288.0,469,1,129.85,Inactive Customers,1,19,7,1,129.85,18.55
16289.0,461,1,136.31,Inactive Customers,1,97,21,1,136.31,6.490952380952381
16290.0,464,4,1957.7,Occasional Customers,1,957,85,4,1957.7,15.787903225806453
16291.0,681,1,117.72,Inactive Customers,1,1,1,1,117.72,117.72
16292.0,121,5,1253.76,Occasional Customers,0,688,51,5,1253.76,20.22193548387097
16293.0,21,15,4279.2,High-Value Loyal Customers,0,1833,168,15,4279.2,19.018666666666665
16294.0,476,1,126.05000000000001,Inactive Customers,1,54,8,1,126.05000000000001,15.756250000000001
16295.0,9,4,1328.55,Recent Low-Value Customers,0,841,70,4,1328.55,16.817088607594936
16296.0,625,4,1313.67,Occasional Customers,1,645,56,4,1313.67,17.752297297297297
16297.0,268,1,301.9,Inactive Customers,1,206,20,1,301.9,15.094999999999999
16298.0,22,7,1085.7,Recent Low-Value Customers,0,308,32,7,1085.7,23.1
16299.0,476,1,193.65,Inactive Customers,1,107,12,1,193.65,16.1375
16300.0,429,3,1367.32,Occasional Customers,1,643,190,3,1367.32,5.745042016806722
16301.0,736,1,107.33,Inactive Customers,1,41,6,1,107.33,17.888333333333332
16302.0,126,1,233.22,Inactive Customers,0,158,11,1,233.22,21.201818181818183
16303.0,25,7,7928.27,High-Value Loyal Customers,0,3859,156,7,7928.27,27.721223776223777
16304.0,694,1,381.66,Inactive Customers,1,228,25,1,381.66,15.2664
16305.0,138,1,361.21999999999997,Inactive Customers,0,256,22,1,361.21999999999997,16.419090909090908
16306.0,213,7,1124.72,Occasional Customers,1,712,55,7,1124.72,16.78686567164179
16307.0,428,3,1194.92,Occasional Customers,1,1123,69,3,1194.92,15.932266666666667
16308.0,37,7,5120.0,High-Value Loyal Customers,0,16000,1,7,5120.0,731.4285714285714
16309.0,105,2,706.57,Inactive Customers,0,467,39,2,706.57,16.823095238095238
16310.0,413,2,460.08,Inactive Customers,1,270,26,2,460.08,16.431428571428572
16311.0,17,2,616.26,Recent Low-Value Customers,0,394,35,2,616.26,16.655675675675674
16312.0,431,1,171.15,Inactive Customers,1,53,10,1,171.15,17.115000000000002
16313.0,2,2,274.15000000000003,Recent Low-Value Customers,0,165,16,2,274.15000000000003,17.134375000000002
16314.0,389,3,1491.4,Occasional Customers,1,636,58,3,1491.4,24.05483870967742
16315.0,330,2,402.71,Inactive Customers,1,143,21,2,402.71,17.50913043478261
16316.0,63,13,5744.91,High-Value Loyal Customers,0,3057,193,13,5744.91,19.343131313131313
16317.0,119,5,2192.51,Occasional Customers,0,1236,103,5,2192.51,18.73940170940171
16318.0,34,1,328.15,Recent Low-Value Customers,0,199,19,1,328.15,17.271052631578947
16319.0,217,1,404.40000000000003,Inactive Customers,1,72,3,1,404.40000000000003,134.8
16320.0,171,6,5628.99,Occasional Customers,0,3319,193,6,5628.99,23.356804979253113
16321.0,71,7,604.5500000000001,Occasional Customers,0,259,15,7,604.5500000000001,26.284782608695654
16322.0,0,2,326.75,Recent Low-Value Customers,0,231,28,2,326.75,8.83108108108108
16323.0,195,2,353.66,Inactive Customers,1,146,4,2,353.66,88.415
16324.0,127,3,408.59000000000003,Inactive Customers,0,270,100,3,408.59000000000003,3.6809909909909915
16325.0,46,12,3597.5,High-Value Loyal Customers,0,2464,104,12,3597.5,26.068840579710145
16326.0,5,24,4721.25,High-Value Loyal Customers,0,1083,243,24,4721.25,10.109743040685224
16327.0,13,16,10159.64,High-Value Loyal Customers,0,8124,289,16,10159.64,11.584538198403648
16328.0,562,1,310.83,Inactive Customers,1,141,16,1,310.83,19.426875
16329.0,427,4,1664.92,Occasional Customers,1,797,83,4,1664.92,16.008846153846154
16330.0,17,7,625.38,Recent Low-Value Customers,0,326,105,7,625.38,5.345128205128205
16331.0,431,6,2037.7,Occasional Customers,1,756,33,6,2037.7,59.932352941176475
16332.0,27,11,2000.01,High-Value Loyal Customers,0,1128,158,11,2000.01,10.15233502538071
16333.0,7,22,26626.8,High-Value Loyal Customers,0,32184,9,22,26626.8,591.7066666666667
16334.0,491,1,263.73,Inactive Customers,1,206,54,1,263.73,4.883888888888889
16335.0,551,7,2753.52,Occasional Customers,1,1004,193,7,2753.52,7.6274792243767315
16336.0,420,4,3517.69,Occasional Customers,1,1473,64,4,3517.69,51.73073529411765
16337.0,36,1,151.05,Recent Low-Value Customers,0,87,10,1,151.05,15.105
16338.0,156,1,214.79999999999998,Inactive Customers,0,94,11,1,214.79999999999998,19.527272727272727
16339.0,283,1,94.05,Inactive Customers,1,21,17,1,94.05,5.225
16340.0,106,3,1496.24,Occasional Customers,0,1319,277,3,1496.24,4.191148459383753
16341.0,24,7,3850.79,High-Value Loyal Customers,0,3022,103,7,3850.79,24.372088607594936
16342.0,74,4,322.41,Recent Low-Value Customers,0,157,10,4,322.41,21.494000000000003
16343.0,15,3,614.12,Recent Low-Value Customers,0,345,54,3,614.12,7.873333333333333
16344.0,157,4,842.42,Occasional Customers,0,706,43,4,842.42,18.313478260869566
16345.0,43,2,1178.79,Recent Low-Value Customers,0,611,95,2,1178.79,10.914722222222222
16346.0,384,1,224.51,Inactive Customers,1,289,15,1,224.51,14.967333333333332
16347.0,10,11,3442.96,High-Value Loyal Customers,0,1715,209,11,3442.96,10.067134502923977
16348.0,31,8,1744.42,Occasional Customers,0,1164,180,8,1744.42,6.894940711462451
16349.0,290,1,53.5,Inactive Customers,1,9,9,1,53.5,5.944444444444445
16350.0,20,9,2253.89,High-Value Loyal Customers,0,1077,72,9,2253.89,18.47450819672131
16351.0,332,13,3330.0299999999997,Occasional Customers,1,2165,124,13,3330.0299999999997,17.807647058823527
16352.0,17,2,494.44,Recent Low-Value Customers,0,300,28,2,494.44,17.658571428571427
16353.0,3,38,9795.460000000001,High-Value Loyal Customers,0,3483,76,38,9795.460000000001,56.62115606936417
16354.0,62,5,1119.46,Occasional Customers,0,592,116,5,1119.46,7.996142857142857
16355.0,374,1,416.35,Inactive Customers,1,179,47,1,416.35,8.673958333333333
16356.0,197,6,415.87,Occasional Customers,1,190,27,6,415.87,7.0486440677966105
16357.0,32,4,868.37,Recent Low-Value Customers,0,389,43,4,868.37,18.47595744680851
16358.0,0,5,2919.65,High-Value Loyal Customers,0,2065,118,5,2919.65,18.958766233766234
16359.0,6,16,2697.75,High-Value Loyal Customers,0,1764,78,16,2697.75,21.582
16360.0,4,6,3450.41,High-Value Loyal Customers,0,2110,365,6,3450.41,5.425172955974842
16361.0,9,4,891.21,Recent Low-Value Customers,0,418,87,4,891.21,8.569326923076924
16362.0,31,6,922.16,Recent Low-Value Customers,0,467,67,6,922.16,10.246222222222222
16363.0,52,1,109.36000000000001,Inactive Customers,0,52,5,1,109.36000000000001,21.872000000000003
16364.0,11,2,705.79,Recent Low-Value Customers,0,279,48,2,705.79,13.572884615384615
16365.0,17,15,3167.34,High-Value Loyal Customers,0,1034,97,15,3167.34,25.543064516129032
16366.0,18,4,1548.1299999999999,Recent Low-Value Customers,0,882,74,4,1548.1299999999999,19.847820512820512
16367.0,36,3,1350.48,Recent Low-Value Customers,0,1103,196,3,1350.48,6.055964125560538
16368.0,1,3,621.44,Recent Low-Value Customers,0,307,74,3,621.44,6.904888888888889
16369.0,17,7,2656.56,High-Value Loyal Customers,0,1589,115,7,2656.56,15.719289940828402
16370.0,81,4,1301.91,Occasional Customers,0,640,143,4,1301.91,5.890995475113122
16371.0,448,1,157.2,Inactive Customers,1,108,11,1,157.2,14.29090909090909
16372.0,32,5,1290.31,Recent Low-Value Customers,0,722,271,5,1290.31,4.096222222222222
16373.0,381,2,309.49,Inactive Customers,1,119,25,2,309.49,10.672068965517242
16374.0,65,5,1723.4,Occasional Customers,0,771,276,5,1723.4,4.98092485549133
16375.0,469,2,104.0,Inactive Customers,1,74,11,2,104.0,8.0
16376.0,8,2,974.96,Recent Low-Value Customers,0,691,104,2,974.96,7.991475409836066
16377.0,266,2,1308.48,Occasional Customers,1,2928,6,2,1308.48,130.848
16378.0,246,3,362.95,Inactive Customers,1,267,22,3,362.95,15.780434782608696
16379.0,3,4,2157.4,Recent Low-Value Customers,0,1410,87,4,2157.4,19.975925925925928
16380.0,60,1,1743.1499999999999,Recent Low-Value Customers,0,1428,28,1,1743.1499999999999,56.23064516129032
16381.0,395,2,247.85,Inactive Customers,1,108,60,2,247.85,4.06311475409836
16382.0,407,2,353.1,Inactive Customers,1,167,42,2,353.1,8.025
16383.0,74,7,2896.69,Occasional Customers,0,1596,239,7,2896.69,7.241725
16384.0,89,4,1358.95,Occasional Customers,0,861,80,4,1358.95,16.77716049382716
16385.0,59,5,881.35,Occasional Customers,0,476,94,5,881.35,7.731140350877193
16386.0,28,3,1068.16,Recent Low-Value Customers,0,700,127,3,1068.16,7.684604316546763
16387.0,322,5,882.46,Occasional Customers,1,448,68,5,882.46,10.143218390804599
16388.0,653,1,186.05,Inactive Customers,1,83,13,1,186.05,14.311538461538463
16389.0,52,4,1382.07,Occasional Customers,0,1242,33,4,1382.07,40.64911764705882
16390.0,536,3,467.5,Inactive Customers,1,122,16,3,467.5,22.261904761904763
16391.0,400,4,1052.26,Occasional Customers,1,715,261,4,1052.26,3.4613815789473685
16392.0,269,3,756.7,Occasional Customers,1,604,125,3,756.7,5.254861111111111
16393.0,1,23,5297.77,High-Value Loyal Customers,0,3001,313,23,5297.77,7.092061579651942
16394.0,56,5,1555.34,Occasional Customers,0,2604,61,5,1555.34,18.73903614457831
16395.0,60,14,3518.41,High-Value Loyal Customers,0,2901,416,14,3518.41,5.549542586750788
16396.0,475,1,137.8,Inactive Customers,1,80,8,1,137.8,17.225
16397.0,627,1,123.13,Inactive Customers,1,43,9,1,123.13,13.681111111111111
16398.0,153,2,1705.8,Occasional Customers,0,758,75,2,1705.8,20.802439024390242
16399.0,18,3,630.22,Recent Low-Value Customers,0,452,97,3,630.22,5.729272727272727
16400.0,94,9,3059.85,Occasional Customers,0,2066,214,9,3059.85,11.460112359550562
16401.0,0,23,6849.15,High-Value Loyal Customers,0,6035,110,23,6849.15,18.868181818181817
16402.0,264,2,293.45,Inactive Customers,1,146,55,2,293.45,5.148245614035088
16403.0,311,1,177.5,Inactive Customers,1,114,10,1,177.5,17.75
16404.0,69,1,443.05,Inactive Customers,0,157,23,1,443.05,19.26304347826087
16405.0,301,2,167.25,Inactive Customers,1,187,3,2,167.25,33.45
16406.0,18,3,528.36,Recent Low-Value Customers,0,257,135,3,528.36,3.5700000000000003
16407.0,12,14,2761.65,High-Value Loyal Customers,0,1448,120,14,2761.65,12.274000000000001
16408.0,590,1,231.93,Inactive Customers,1,227,45,1,231.93,5.154
16409.0,35,12,5652.74,High-Value Loyal Customers,0,3664,335,12,5652.74,7.293858064516129
16410.0,733,1,130.32,Inactive Customers,1,348,5,1,130.32,26.064
16411.0,18,4,756.39,Recent Low-Value Customers,0,461,139,4,756.39,4.178950276243094
16412.0,53,5,593.19,Recent Low-Value Customers,0,288,84,5,593.19,4.862213114754099
16413.0,56,2,522.03,Recent Low-Value Customers,0,283,55,2,522.03,7.676911764705882
16414.0,21,5,551.21,Recent Low-Value Customers,0,201,58,5,551.21,8.74936507936508
16415.0,43,3,696.76,Recent Low-Value Customers,0,508,120,3,696.76,4.805241379310345
16416.0,26,9,2957.88,High-Value Loyal Customers,0,2198,146,9,2957.88,15.90258064516129
16417.0,492,1,35.7,Inactive Customers,1,6,1,1,35.7,35.7
16418.0,44,5,1028.74,Occasional Customers,0,564,121,5,1028.74,6.59448717948718
16419.0,112,8,1463.7,Occasional Customers,0,701,62,8,1463.7,16.263333333333335
16420.0,395,1,75.0,Inactive Customers,1,120,2,1,75.0,37.5
16421.0,375,3,526.27,Inactive Customers,1,123,35,3,526.27,13.849210526315789
16422.0,16,109,61920.87,High-Value Loyal Customers,0,64225,111,109,61920.87,88.71184813753582
16423.0,24,1,346.12,Recent Low-Value Customers,0,230,18,1,346.12,19.22888888888889
16424.0,190,2,443.06,Inactive Customers,1,212,10,2,443.06,34.081538461538464
16425.0,301,1,302.7,Inactive Customers,1,199,21,1,302.7,14.414285714285715
16426.0,1,10,1863.76,High-Value Loyal Customers,0,1215,211,10,1863.76,5.279773371104816
16427.0,262,2,241.06,Inactive Customers,1,156,8,2,241.06,26.784444444444446
16428.0,413,3,638.49,Inactive Customers,1,575,121,3,638.49,5.02748031496063
16429.0,105,1,284.55,Inactive Customers,0,9,2,1,284.55,142.275
16430.0,56,7,1117.94,Occasional Customers,0,307,19,7,1117.94,39.92642857142857
16431.0,212,3,623.28,Occasional Customers,1,442,51,3,623.28,8.201052631578946
16432.0,63,1,287.4,Inactive Customers,0,276,8,1,287.4,35.925
16433.0,27,2,384.52,Recent Low-Value Customers,0,214,33,2,384.52,11.309411764705882
16434.0,28,12,2673.69,High-Value Loyal Customers,0,1310,126,12,2673.69,14.853833333333334
16435.0,511,3,1003.0699999999999,Occasional Customers,1,608,119,3,1003.0699999999999,8.02456
16436.0,667,3,319.14,Inactive Customers,1,227,37,3,319.14,7.9784999999999995
16437.0,380,2,301.25,Inactive Customers,1,197,17,2,301.25,14.345238095238095
16438.0,5,5,798.35,Recent Low-Value Customers,0,463,74,5,798.35,6.04810606060606
16439.0,721,1,310.70000000000005,Inactive Customers,1,74,9,1,310.70000000000005,34.522222222222226
16440.0,7,6,3856.9700000000003,High-Value Loyal Customers,0,2108,202,6,3856.9700000000003,12.56342019543974
16441.0,66,5,1019.13,Occasional Customers,0,478,67,5,1019.13,11.989764705882353
16442.0,1,5,891.98,Recent Low-Value Customers,0,580,226,5,891.98,3.611255060728745
16443.0,520,1,162.24,Inactive Customers,1,96,1,1,162.24,162.24
16444.0,45,17,3625.88,High-Value Loyal Customers,0,1945,217,17,3625.88,9.773261455525606
16445.0,33,4,583.16,Recent Low-Value Customers,0,287,143,4,583.16,3.2397777777777774
16446.0,0,2,168472.5,High-Value Loyal Customers,0,80997,3,2,168472.5,56157.5
16447.0,135,3,727.1,Occasional Customers,0,315,59,3,727.1,10.69264705882353
16448.0,197,2,361.12,Inactive Customers,1,176,45,2,361.12,7.2224
16449.0,197,2,707.69,Inactive Customers,1,367,40,2,707.69,17.69225
16450.0,149,3,1505.73,Occasional Customers,0,681,36,3,1505.73,35.016976744186046
16451.0,87,3,1013.15,Occasional Customers,0,524,61,3,1013.15,15.586923076923076
16452.0,630,2,332.17,Inactive Customers,1,199,14,2,332.17,18.45388888888889
16453.0,530,2,251.71,Inactive Customers,1,139,15,2,251.71,16.78066666666667
16454.0,44,4,30.950000000000003,Inactive Customers,0,9,4,4,30.950000000000003,7.737500000000001
16455.0,63,11,3995.57,High-Value Loyal Customers,0,2851,111,11,3995.57,19.490585365853658
16456.0,98,13,6000.94,High-Value Loyal Customers,0,3296,226,13,6000.94,15.347672634271099
16457.0,217,1,208.36,Inactive Customers,1,140,9,1,208.36,23.151111111111113
16458.0,2,30,5690.89,High-Value Loyal Customers,0,3395,91,30,5690.89,14.936719160104987
16459.0,729,1,71.78999999999999,Inactive Customers,1,59,5,1,71.78999999999999,14.357999999999999
16460.0,27,3,811.23,Recent Low-Value Customers,0,876,128,3,811.23,6.145681818181818
16461.0,177,3,1545.83,Occasional Customers,0,933,223,3,1545.83,6.134246031746032
16462.0,73,3,136.0,Inactive Customers,0,16,1,3,136.0,45.333333333333336
16463.0,20,4,1422.4,Recent Low-Value Customers,0,1163,74,4,1422.4,17.346341463414635
16464.0,19,3,1298.66,Recent Low-Value Customers,0,952,152,3,1298.66,5.646347826086957
16465.0,420,2,746.24,Inactive Customers,1,504,45,2,746.24,15.546666666666667
16466.0,33,15,3767.09,High-Value Loyal Customers,0,1777,207,15,3767.09,11.21157738095238
16467.0,508,7,2869.16,Occasional Customers,1,7384,14,7,2869.16,119.54833333333333
16468.0,73,3,787.52,Recent Low-Value Customers,0,371,38,3,787.52,17.500444444444444
16469.0,23,5,803.9,Recent Low-Value Customers,0,332,167,5,803.9,4.14381443298969
16470.0,51,11,2416.85,Occasional Customers,0,1335,286,11,2416.85,5.164209401709401
16471.0,274,4,1189.98,Occasional Customers,1,670,48,4,1189.98,19.193225806451615
16472.0,433,2,789.6,Inactive Customers,1,252,39,2,789.6,20.246153846153845
16473.0,164,4,470.83,Occasional Customers,0,296,26,4,470.83,16.815357142857142
16474.0,6,7,1810.65,High-Value Loyal Customers,0,909,237,7,1810.65,5.372848664688427
16475.0,87,4,544.3,Occasional Customers,0,319,23,4,544.3,19.439285714285713
16476.0,431,1,350.35,Inactive Customers,1,187,24,1,350.35,14.597916666666668
16477.0,63,11,4094.37,High-Value Loyal Customers,0,2507,177,11,4094.37,16.64378048780488
16478.0,24,3,331.0,Recent Low-Value Customers,0,224,15,3,331.0,19.470588235294116
16479.0,9,2,300.83,Recent Low-Value Customers,0,102,35,2,300.83,8.595142857142857
16480.0,75,1,769.29,Recent Low-Value Customers,0,455,51,1,769.29,14.514905660377357
16481.0,681,1,453.38,Inactive Customers,1,201,16,1,453.38,28.33625
16482.0,15,1,220.62,Recent Low-Value Customers,0,346,18,1,220.62,12.256666666666668
16483.0,191,1,139.35,Inactive Customers,1,44,19,1,139.35,7.334210526315789
16484.0,173,2,404.3,Inactive Customers,0,200,25,2,404.3,16.172
16485.0,76,5,2287.19,Occasional Customers,0,1153,126,5,2287.19,15.883263888888889
16486.0,537,1,134.36,Inactive Customers,1,24,7,1,134.36,19.194285714285716
16487.0,576,2,209.4,Inactive Customers,1,163,28,2,209.4,5.982857142857143
16488.0,32,3,498.8,Recent Low-Value Customers,0,728,28,3,498.8,17.2
16489.0,379,2,303.7,Inactive Customers,1,38,4,2,303.7,50.61666666666667
16490.0,435,1,205.41000000000003,Inactive Customers,1,113,13,1,205.41000000000003,15.800769230769232
16491.0,46,2,1533.16,Recent Low-Value Customers,0,1060,86,2,1533.16,17.622528735632184
16492.0,540,1,385.56,Inactive Customers,1,235,23,1,385.56,16.763478260869565
16493.0,79,7,2132.09,Occasional Customers,0,1988,77,7,2132.09,19.20801801801802
16494.0,296,1,826.53,Inactive Customers,1,675,47,1,826.53,16.5306
16495.0,2,3,648.26,Recent Low-Value Customers,0,328,78,3,648.26,7.366590909090909
16496.0,8,6,2330.77,Recent Low-Value Customers,0,1764,120,6,2330.77,16.88963768115942
16497.0,49,23,6695.28,High-Value Loyal Customers,0,3050,239,23,6695.28,19.867299703264095
16498.0,160,2,100.97,Inactive Customers,0,45,15,2,100.97,6.731333333333334
16499.0,359,8,2578.34,Occasional Customers,1,1364,104,8,2578.34,17.90513888888889
16500.0,4,9,843.9100000000001,Recent Low-Value Customers,0,386,24,9,843.9100000000001,24.82088235294118
16501.0,382,1,1191.23,Inactive Customers,1,628,181,1,1191.23,5.98608040201005
16502.0,619,2,258.55,Inactive Customers,1,220,41,2,258.55,6.30609756097561
16503.0,106,11,3614.34,Occasional Customers,0,1535,161,11,3614.34,16.9687323943662
16504.0,24,1,465.88,Recent Low-Value Customers,0,510,76,1,465.88,5.613012048192771
16505.0,31,1,777.6,Recent Low-Value Customers,0,576,4,1,777.6,194.4
16506.0,19,2,90.30000000000001,Recent Low-Value Customers,0,42,3,2,90.30000000000001,30.100000000000005
16507.0,571,1,142.71,Inactive Customers,1,111,37,1,142.71,3.755526315789474
16508.0,629,1,240.95,Inactive Customers,1,103,42,1,240.95,5.603488372093023
16509.0,296,1,363.7,Inactive Customers,1,64,13,1,363.7,27.976923076923075
16510.0,371,6,1777.5,Occasional Customers,1,930,94,6,1777.5,15.870535714285714
16511.0,21,6,1760.49,Recent Low-Value Customers,0,769,235,6,1760.49,5.79108552631579
16513.0,4,4,874.59,Recent Low-Value Customers,0,407,33,4,874.59,24.988285714285716
16515.0,51,10,3179.06,Occasional Customers,0,1573,184,10,3179.06,13.470593220338984
16516.0,29,1,101.69999999999999,Recent Low-Value Customers,0,58,6,1,101.69999999999999,16.95
16517.0,276,1,162.7,Inactive Customers,1,96,17,1,162.7,9.570588235294117
16518.0,60,4,959.37,Occasional Customers,0,524,61,4,959.37,14.108382352941177
16519.0,24,4,439.06,Recent Low-Value Customers,0,150,32,4,439.06,12.196111111111112
16520.0,185,6,2148.38,Occasional Customers,1,1045,251,6,2148.38,6.103352272727273
16521.0,414,3,1140.11,Occasional Customers,1,1014,212,3,1140.11,4.810590717299577
16522.0,435,2,433.36,Inactive Customers,1,212,16,2,433.36,24.075555555555557
16523.0,1,28,11916.33,High-Value Loyal Customers,0,4979,180,28,11916.33,32.11948787061995
16524.0,445,2,306.19,Inactive Customers,1,259,50,2,306.19,5.777169811320754
16525.0,1,48,24151.3,High-Value Loyal Customers,0,14430,115,48,24151.3,68.41728045325779
16526.0,171,2,717.21,Inactive Customers,0,279,30,2,717.21,20.491714285714288
16527.0,80,2,1232.94,Occasional Customers,0,708,66,2,1232.94,16.889589041095892
16528.0,3,1,244.41,Recent Low-Value Customers,0,171,17,1,244.41,14.377058823529412
16529.0,189,4,1986.8,Occasional Customers,1,739,87,4,1986.8,15.521875
16530.0,667,1,48.349999999999994,Inactive Customers,1,17,3,1,48.349999999999994,16.116666666666664
16531.0,21,11,2298.33,High-Value Loyal Customers,0,1863,109,11,2298.33,16.654565217391305
16532.0,17,5,8756.64,High-Value Loyal Customers,0,2544,2,5,8756.64,1459.4399999999998
16533.0,18,3,1082.81,Recent Low-Value Customers,0,611,112,3,1082.81,6.1523295454545455
16534.0,641,1,635.9,Inactive Customers,1,168,36,1,635.9,17.663888888888888
16535.0,4,3,972.04,Recent Low-Value Customers,0,664,67,3,972.04,13.690704225352112
16536.0,109,1,548.12,Inactive Customers,0,250,49,1,548.12,10.15037037037037
16537.0,640,1,23.35,Inactive Customers,1,59,3,1,23.35,5.8375
16538.0,540,3,395.07,Inactive Customers,1,254,35,3,395.07,9.635853658536584
16539.0,2,10,3289.66,High-Value Loyal Customers,0,1014,83,10,3289.66,25.111908396946564
16540.0,413,1,205.75,Inactive Customers,1,105,25,1,205.75,7.094827586206897
16541.0,734,1,424.03,Inactive Customers,1,173,38,1,424.03,11.158684210526316
16542.0,53,2,257.32,Recent Low-Value Customers,0,142,13,2,257.32,18.38
16543.0,591,1,292.21,Inactive Customers,1,317,18,1,292.21,16.233888888888888
16544.0,519,4,376.70000000000005,Inactive Customers,1,150,8,4,376.70000000000005,34.24545454545455
16545.0,164,2,689.82,Inactive Customers,0,322,6,2,689.82,86.2275
16546.0,290,5,5307.07,Occasional Customers,1,4211,75,5,5307.07,60.307613636363634
16547.0,545,1,104.25999999999999,Inactive Customers,1,108,25,1,104.25999999999999,4.1704
16548.0,598,1,30.15,Inactive Customers,1,6,6,1,30.15,5.0249999999999995
16549.0,9,34,12781.8,High-Value Loyal Customers,0,7087,836,34,12781.8,4.1324927255092145
16550.0,108,18,8813.58,High-Value Loyal Customers,0,5405,274,18,8813.58,11.673615894039735
16551.0,95,7,2237.12,Occasional Customers,0,2076,67,7,2237.12,25.421818181818182
16552.0,242,2,379.73,Inactive Customers,1,219,17,2,379.73,22.337058823529414
16553.0,162,33,16584.01,High-Value Loyal Customers,0,16427,195,33,16584.01,56.79455479452054
16554.0,41,8,2841.72,Occasional Customers,0,1346,108,8,2841.72,17.0162874251497
16555.0,34,6,1915.68,Occasional Customers,0,1816,59,6,1915.68,29.025454545454547
16556.0,66,17,8012.58,High-Value Loyal Customers,0,4353,280,17,8012.58,16.623609958506226
16557.0,23,2,281.85,Recent Low-Value Customers,0,111,11,2,281.85,25.622727272727275
16558.0,0,38,13304.11,High-Value Loyal Customers,0,7813,383,38,13304.11,17.668140770252325
16559.0,396,1,175.0,Inactive Customers,1,61,17,1,175.0,10.294117647058824
16560.0,26,8,3048.38,High-Value Loyal Customers,0,1603,140,8,3048.38,15.395858585858587
16561.0,5,2,511.12,Recent Low-Value Customers,0,244,29,2,511.12,16.48774193548387
16562.0,476,1,223.85999999999999,Inactive Customers,1,264,34,1,223.85999999999999,6.584117647058823
16563.0,53,6,4412.56,Occasional Customers,0,2584,55,6,4412.56,49.57932584269663
16564.0,568,1,87.8,Inactive Customers,1,40,5,1,87.8,17.56
16565.0,363,4,773.05,Occasional Customers,1,211,7,4,773.05,70.27727272727272
16566.0,14,5,614.66,Recent Low-Value Customers,0,362,14,5,614.66,34.147777777777776
16567.0,193,2,865.6,Inactive Customers,1,996,34,2,865.6,24.731428571428573
16568.0,427,2,1020.9000000000001,Inactive Customers,1,366,5,2,1020.9000000000001,204.18
16569.0,2,5,1455.23,Recent Low-Value Customers,0,988,27,5,1455.23,41.578
16570.0,14,20,7434.31,High-Value Loyal Customers,0,4292,114,20,7434.31,30.847759336099585
16571.0,26,10,4248.74,High-Value Loyal Customers,0,3703,151,10,4248.74,16.661725490196076
16572.0,126,3,1009.6,Occasional Customers,0,532,40,3,1009.6,17.712280701754388
16573.0,84,2,663.61,Recent Low-Value Customers,0,360,40,2,663.61,15.800238095238095
16574.0,70,3,1301.78,Occasional Customers,0,1002,86,3,1301.78,15.136976744186047
16576.0,419,2,540.87,Inactive Customers,1,323,32,2,540.87,16.39
16577.0,666,1,380.0,Inactive Customers,1,142,23,1,380.0,16.52173913043478
16578.0,625,1,156.6,Inactive Customers,1,108,9,1,156.6,17.4
16579.0,425,1,295.05,Inactive Customers,1,119,14,1,295.05,21.075
16581.0,182,1,105.84,Inactive Customers,1,134,9,1,105.84,11.76
16582.0,112,1,313.62,Inactive Customers,0,164,6,1,313.62,52.27
16583.0,373,2,297.95,Inactive Customers,1,153,18,2,297.95,16.552777777777777
16584.0,79,5,3156.17,Occasional Customers,0,1913,61,5,3156.17,38.48987804878049
16585.0,593,2,341.59,Inactive Customers,1,151,16,2,341.59,18.97722222222222
16586.0,248,3,1462.78,Occasional Customers,1,348,27,3,1462.78,52.24214285714286
16587.0,231,1,225.15,Inactive Customers,1,71,13,1,225.15,17.31923076923077
16588.0,385,4,1361.28,Occasional Customers,1,882,64,4,1361.28,19.172957746478872
16589.0,70,4,612.36,Recent Low-Value Customers,0,536,39,4,612.36,13.917272727272728
16590.0,400,2,605.9,Inactive Customers,1,240,26,2,605.9,20.893103448275863
16591.0,68,1,213.5,Inactive Customers,0,41,10,1,213.5,21.35
16592.0,3,28,7807.91,High-Value Loyal Customers,0,5504,221,28,7807.91,18.242780373831774
16593.0,50,8,1071.1399999999999,Occasional Customers,0,377,57,8,1071.1399999999999,13.732564102564101
16594.0,74,1,181.09,Inactive Customers,0,64,53,1,181.09,3.416792452830189
16595.0,60,5,1757.75,Occasional Customers,0,1331,337,5,1757.75,3.8888274336283186
16596.0,15,4,458.98,Recent Low-Value Customers,0,180,23,4,458.98,19.124166666666667
16597.0,3,1,90.04,Recent Low-Value Customers,0,184,7,1,90.04,12.862857142857143
16598.0,285,1,145.04999999999998,Inactive Customers,1,73,10,1,145.04999999999998,14.504999999999999
16599.0,385,1,172.8,Inactive Customers,1,159,12,1,172.8,14.4
16600.0,3,13,2153.41,High-Value Loyal Customers,0,2420,106,13,2153.41,15.058811188811188
16601.0,40,3,677.0,Recent Low-Value Customers,0,391,60,3,677.0,9.81159420289855
16602.0,35,2,763.33,Recent Low-Value Customers,0,429,37,2,763.33,19.08325
16603.0,74,2,482.47,Recent Low-Value Customers,0,480,34,2,482.47,14.19029411764706
16604.0,562,2,432.45,Inactive Customers,1,175,10,2,432.45,36.0375
16605.0,723,1,60.48,Inactive Customers,1,144,1,1,60.48,60.48
16606.0,403,2,357.66,Inactive Customers,1,148,16,2,357.66,16.257272727272728
16607.0,17,25,5706.87,High-Value Loyal Customers,0,4436,212,25,5706.87,19.15057046979866
16608.0,453,2,1286.6200000000001,Occasional Customers,1,612,94,2,1286.6200000000001,10.633223140495868
16609.0,14,7,5493.46,High-Value Loyal Customers,0,2420,155,7,5493.46,19.903840579710145
16610.0,218,1,75.66,Inactive Customers,1,66,6,1,75.66,12.61
16611.0,185,6,1785.13,Occasional Customers,1,874,86,6,1785.13,16.228454545454547
16612.0,32,9,3245.43,High-Value Loyal Customers,0,1419,105,9,3245.43,19.433712574850297
16613.0,69,1,618.59,Recent Low-Value Customers,0,293,30,1,618.59,20.619666666666667
16614.0,182,3,1179.79,Occasional Customers,1,349,37,3,1179.79,24.07734693877551
16615.0,625,1,291.5,Inactive Customers,1,211,19,1,291.5,15.342105263157896
16616.0,14,2,500.42,Recent Low-Value Customers,0,370,31,2,500.42,15.164242424242424
16617.0,235,1,151.85,Inactive Customers,1,91,5,1,151.85,30.369999999999997
16618.0,30,5,2647.59,Occasional Customers,0,1363,79,5,2647.59,27.579062500000003
16619.0,263,4,1938.33,Occasional Customers,1,1055,103,4,1938.33,16.709741379310344
16620.0,3,6,1758.93,Recent Low-Value Customers,0,1146,78,6,1758.93,18.712021276595745
16621.0,51,4,813.48,Recent Low-Value Customers,0,302,22,4,813.48,28.05103448275862
16622.0,543,1,225.4,Inactive Customers,1,44,12,1,225.4,18.783333333333335
16623.0,245,4,1015.24,Occasional Customers,1,442,44,4,1015.24,19.906666666666666
16624.0,80,2,810.5699999999999,Recent Low-Value Customers,0,488,44,2,810.5699999999999,16.886875
16625.0,274,5,1654.03,Occasional Customers,1,1057,82,5,1654.03,16.707373737373736
16626.0,0,17,4413.1,High-Value Loyal Customers,0,2690,86,17,4413.1,24.65418994413408
16627.0,78,1,322.8,Inactive Customers,0,162,20,1,322.8,16.14
16628.0,29,7,2318.1,Occasional Customers,0,1260,84,7,2318.1,18.5448
16629.0,73,2,408.63,Recent Low-Value Customers,0,489,58,2,408.63,6.8105
16630.0,406,1,106.80000000000001,Inactive Customers,1,72,4,1,106.80000000000001,26.700000000000003
16631.0,481,7,1892.52,Occasional Customers,1,775,46,7,1892.52,23.6565
16632.0,485,2,406.4,Inactive Customers,1,256,22,2,406.4,15.05185185185185
16633.0,16,6,2883.1,High-Value Loyal Customers,0,1138,115,6,2883.1,18.967763157894737
16634.0,222,6,1649.81,Occasional Customers,1,1257,72,6,1649.81,19.87722891566265
16635.0,406,1,473.0,Inactive Customers,1,277,25,1,473.0,18.92
16636.0,437,4,3802.04,Occasional Customers,1,2186,62,4,3802.04,52.0827397260274
16637.0,31,4,1154.47,Recent Low-Value Customers,0,927,66,4,1154.47,16.73144927536232
16638.0,22,15,2380.13,High-Value Loyal Customers,0,1627,130,15,2380.13,17.247318840579712
16639.0,30,4,1747.98,Recent Low-Value Customers,0,751,76,4,1747.98,21.580000000000002
16640.0,397,1,179.4,Inactive Customers,1,146,13,1,179.4,13.8
16641.0,105,2,554.5,Inactive Customers,0,454,36,2,554.5,15.402777777777779
16642.0,4,3,1077.45,Recent Low-Value Customers,0,775,50,3,1077.45,19.95277777777778
16643.0,245,2,923.11,Inactive Customers,1,553,48,2,923.11,16.783818181818184
16644.0,177,2,833.78,Inactive Customers,0,826,62,2,833.78,13.448064516129032
16645.0,735,1,160.39,Inactive Customers,1,117,14,1,160.39,11.456428571428571
16646.0,448,1,678.8,Inactive Customers,1,1072,29,1,678.8,23.406896551724138
16647.0,169,4,541.9,Occasional Customers,0,396,28,4,541.9,16.421212121212122
16648.0,42,3,672.8,Recent Low-Value Customers,0,503,37,3,672.8,18.18378378378378
16649.0,519,1,306.58000000000004,Inactive Customers,1,82,20,1,306.58000000000004,15.329000000000002
16650.0,71,7,1916.11,Occasional Customers,0,1511,71,7,1916.11,19.552142857142854
16651.0,586,1,136.2,Inactive Customers,1,60,6,1,136.2,22.7
16652.0,58,16,17550.39,High-Value Loyal Customers,0,7477,124,16,17550.39,63.8196
16653.0,15,2,1212.66,Recent Low-Value Customers,0,733,67,2,1212.66,17.574782608695653
16654.0,140,8,1484.07,Occasional Customers,0,640,64,8,1484.07,20.055
16655.0,17,13,6423.26,High-Value Loyal Customers,0,3938,408,13,6423.26,10.886881355932204
16656.0,21,30,16833.170000000002,High-Value Loyal Customers,0,15433,22,30,16833.170000000002,119.38418439716314
16657.0,9,4,874.43,Recent Low-Value Customers,0,1130,158,4,874.43,4.554322916666666
16658.0,367,6,690.83,Occasional Customers,1,277,49,6,690.83,10.79421875
16659.0,188,1,39.12,Inactive Customers,1,72,2,1,39.12,19.56
16660.0,15,7,1879.55,Recent Low-Value Customers,0,991,20,7,1879.55,78.31458333333333
16661.0,539,4,932.76,Occasional Customers,1,364,50,4,932.76,15.044516129032258
16662.0,393,1,151.05,Inactive Customers,1,35,28,1,151.05,5.394642857142857
16663.0,728,1,165.0,Inactive Customers,1,100,1,1,165.0,165.0
16664.0,568,1,109.2,Inactive Customers,1,24,8,1,109.2,13.65
16665.0,361,1,135.39999999999998,Inactive Customers,1,59,9,1,135.39999999999998,15.044444444444443
16666.0,18,2,217.71,Recent Low-Value Customers,0,354,42,2,217.71,4.5356250000000005
16667.0,67,2,567.1800000000001,Recent Low-Value Customers,0,236,52,2,567.1800000000001,10.907307692307693
16668.0,14,13,862.42,High-Value Loyal Customers,0,773,28,13,862.42,16.272075471698113
16669.0,23,3,1348.88,Recent Low-Value Customers,0,881,141,3,1348.88,8.646666666666667
16670.0,16,20,8030.150000000001,High-Value Loyal Customers,0,4534,258,20,8030.150000000001,16.55701030927835
16671.0,27,3,1692.27,Recent Low-Value Customers,0,875,3,3,1692.27,282.045
16672.0,1,20,8134.9400000000005,High-Value Loyal Customers,0,2832,22,20,8134.9400000000005,71.35912280701754
16673.0,678,1,171.13,Inactive Customers,1,95,19,1,171.13,9.006842105263157
16674.0,54,2,304.24,Recent Low-Value Customers,0,181,89,2,304.24,3.2713978494623657
16675.0,441,2,608.86,Inactive Customers,1,296,21,2,608.86,26.47217391304348
16676.0,33,6,2361.9,Occasional Customers,0,927,106,6,2361.9,17.758646616541355
16677.0,410,2,880.62,Inactive Customers,1,457,45,2,880.62,18.73659574468085
16678.0,2,12,3109.99,High-Value Loyal Customers,0,2397,92,12,3109.99,19.07969325153374
16679.0,365,3,663.31,Inactive Customers,1,247,15,3,663.31,36.85055555555555
16680.0,42,3,821.45,Recent Low-Value Customers,0,377,24,3,821.45,28.32586206896552
16681.0,72,7,1921.84,Occasional Customers,0,1492,22,7,1921.84,39.221224489795915
16682.0,4,5,1028.0,Recent Low-Value Customers,0,1040,15,5,1028.0,34.266666666666666
16683.0,533,1,320.25,Inactive Customers,1,190,18,1,320.25,17.791666666666668
16684.0,3,55,147142.77,High-Value Loyal Customers,0,104810,184,55,147142.77,204.93422005571028
16685.0,60,2,324.24,Recent Low-Value Customers,0,396,60,2,324.24,5.2296774193548385
16686.0,46,16,4881.07,High-Value Loyal Customers,0,3419,549,16,4881.07,4.748122568093385
16687.0,390,1,157.63,Inactive Customers,1,141,8,1,157.63,19.70375
16688.0,0,4,1260.86,Recent Low-Value Customers,0,804,52,4,1260.86,20.336451612903225
16689.0,75,2,422.59999999999997,Recent Low-Value Customers,0,330,12,2,422.59999999999997,32.5076923076923
16690.0,71,4,353.03,Recent Low-Value Customers,0,209,12,4,353.03,18.580526315789474
16691.0,417,2,178.83,Inactive Customers,1,92,11,2,178.83,16.257272727272728
16692.0,255,4,1914.6999999999998,Occasional Customers,1,878,3,4,1914.6999999999998,382.93999999999994
16693.0,68,5,1179.48,Occasional Customers,0,658,149,5,1179.48,7.020714285714286
16694.0,722,1,98.30000000000001,Inactive Customers,1,26,3,1,98.30000000000001,32.76666666666667
16695.0,561,2,191.9,Inactive Customers,1,184,30,2,191.9,5.482857142857143
16696.0,134,4,657.9000000000001,Occasional Customers,0,146,7,4,657.9000000000001,65.79
16697.0,240,1,112.75,Inactive Customers,1,27,20,1,112.75,5.369047619047619
16698.0,226,2,1998.0,Occasional Customers,1,840,4,2,1998.0,399.6
16699.0,379,7,994.6,Occasional Customers,1,640,51,7,994.6,16.04193548387097
16700.0,8,25,8830.77,High-Value Loyal Customers,0,6644,263,25,8830.77,17.147126213592234
16701.0,8,26,9916.73,High-Value Loyal Customers,0,11046,154,26,9916.73,36.06083636363636
16702.0,414,4,1110.83,Occasional Customers,1,692,84,4,1110.83,12.206923076923076
16704.0,617,2,664.16,Inactive Customers,1,433,50,2,664.16,12.299259259259259
16705.0,0,42,43515.051,High-Value Loyal Customers,0,22302,400,42,43515.051,62.97402460202605
16706.0,36,3,531.35,Recent Low-Value Customers,0,249,108,3,531.35,4.319918699186992
16707.0,399,4,533.41,Occasional Customers,1,396,64,4,533.41,8.206307692307691
16708.0,45,1,656.63,Recent Low-Value Customers,0,285,27,1,656.63,24.31962962962963
16709.0,84,14,9056.01,High-Value Loyal Customers,0,3261,220,14,9056.01,29.986788079470198
16710.0,18,22,5921.35,High-Value Loyal Customers,0,4174,541,22,5921.35,6.514136413641364
16711.0,2,9,2868.48,High-Value Loyal Customers,0,1212,26,9,2868.48,86.92363636363636
16712.0,8,13,4232.87,High-Value Loyal Customers,0,2074,301,13,4232.87,8.12451055662188
16713.0,18,32,14115.56,High-Value Loyal Customers,0,8482,541,32,14115.56,11.149731437598735
16714.0,218,4,1497.33,Occasional Customers,1,828,95,4,1497.33,13.612090909090908
16715.0,77,2,625.52,Recent Low-Value Customers,0,1174,27,2,625.52,22.34
16716.0,266,3,2149.6800000000003,Occasional Customers,1,912,7,3,2149.6800000000003,268.71000000000004
16717.0,23,14,6663.68,High-Value Loyal Customers,0,3145,274,14,6663.68,19.039085714285715
16718.0,368,5,3006.08,Occasional Customers,1,1924,123,5,3006.08,16.983502824858757
16719.0,14,14,3513.62,High-Value Loyal Customers,0,2356,204,14,3513.62,8.963316326530611
16720.0,25,3,758.74,Recent Low-Value Customers,0,460,130,3,758.74,5.4195714285714285
16721.0,261,1,292.47,Inactive Customers,1,172,37,1,292.47,7.904594594594595
16722.0,16,22,8189.56,High-Value Loyal Customers,0,7986,145,22,8189.56,21.665502645502645
16723.0,90,4,1231.36,Occasional Customers,0,958,108,4,1231.36,9.93032258064516
16724.0,404,1,147.35,Inactive Customers,1,69,17,1,147.35,8.66764705882353
16725.0,301,14,1688.26,Occasional Customers,1,700,242,14,1688.26,4.85132183908046
16726.0,25,7,2063.88,Occasional Customers,0,1323,150,7,2063.88,7.877404580152672
16727.0,363,4,1377.77,Occasional Customers,1,1066,158,4,1377.77,6.7208292682926825
16728.0,45,4,1048.28,Recent Low-Value Customers,0,671,218,4,1048.28,3.9858555133079845
16729.0,37,21,7205.33,High-Value Loyal Customers,0,5722,234,21,7205.33,10.983734756097562
16730.0,51,3,743.11,Recent Low-Value Customers,0,994,75,3,743.11,9.062317073170732
16731.0,647,1,170.3,Inactive Customers,1,124,40,1,170.3,4.0547619047619055
16732.0,31,4,4387.64,Occasional Customers,0,2414,199,4,4387.64,19.853574660633484
16733.0,529,1,259.68,Inactive Customers,1,112,12,1,259.68,21.64
16734.0,51,3,646.76,Recent Low-Value Customers,0,345,44,3,646.76,12.437692307692307
16735.0,78,14,6217.41,High-Value Loyal Customers,0,4240,178,14,6217.41,21.14765306122449
16736.0,505,5,2956.56,Occasional Customers,1,1050,116,5,2956.56,20.675244755244755
16737.0,52,2,835.1999999999999,Recent Low-Value Customers,0,576,1,2,835.1999999999999,417.59999999999997
16738.0,297,1,3.75,Inactive Customers,1,3,1,1,3.75,3.75
16739.0,176,2,786.43,Inactive Customers,0,391,33,2,786.43,20.695526315789472
16740.0,394,1,226.91,Inactive Customers,1,110,30,1,226.91,7.0909375
16741.0,624,1,173.06,Inactive Customers,1,81,11,1,173.06,15.732727272727272
16742.0,46,14,2799.87,High-Value Loyal Customers,0,2558,51,14,2799.87,26.92182692307692
16743.0,28,14,4212.15,High-Value Loyal Customers,0,3707,118,14,4212.15,11.353504043126684
16744.0,10,7,1291.91,Recent Low-Value Customers,0,798,198,7,1291.91,5.4741949152542375
16745.0,86,17,7180.7,High-Value Loyal Customers,0,6719,148,17,7180.7,20.227323943661972
16746.0,4,42,18046.75,High-Value Loyal Customers,0,11900,390,42,18046.75,18.3588504577823
16747.0,37,2,836.06,Recent Low-Value Customers,0,583,34,2,836.06,19.906190476190474
16748.0,17,14,3637.33,High-Value Loyal Customers,0,2127,55,14,3637.33,22.044424242424242
16749.0,590,2,4157.88,Occasional Customers,1,1910,53,2,4157.88,57.748333333333335
16750.0,44,5,623.93,Recent Low-Value Customers,0,214,74,5,623.93,6.567684210526315
16751.0,30,1,1764.72,Recent Low-Value Customers,0,1031,24,1,1764.72,70.5888
16752.0,372,1,207.5,Inactive Customers,1,54,9,1,207.5,23.055555555555557
16753.0,57,1,223.92000000000002,Inactive Customers,0,189,34,1,223.92000000000002,6.5858823529411765
16754.0,371,29,65500.07,High-Value Loyal Customers,1,63551,38,29,65500.07,467.8576428571429
16755.0,113,7,2864.68,Occasional Customers,0,1985,219,7,2864.68,8.980188087774295
16756.0,214,7,1312.3700000000001,Occasional Customers,1,707,64,7,1312.3700000000001,16.61227848101266
16757.0,318,2,270.48,Inactive Customers,1,180,13,2,270.48,18.032
16758.0,64,1,369.34000000000003,Inactive Customers,0,203,22,1,369.34000000000003,16.78818181818182
16759.0,7,3,789.79,Recent Low-Value Customers,0,609,40,3,789.79,18.804523809523808
16760.0,429,1,228.0,Inactive Customers,1,168,17,1,228.0,13.411764705882353
16761.0,96,1,316.62,Inactive Customers,0,341,13,1,316.62,24.355384615384615
16762.0,19,3,1207.24,Recent Low-Value Customers,0,480,51,3,1207.24,19.162539682539684
16763.0,198,2,964.6999999999999,Occasional Customers,1,492,44,2,964.6999999999999,21.924999999999997
16764.0,3,13,2790.9500000000003,High-Value Loyal Customers,0,1253,209,13,2790.9500000000003,3.987071428571429
16765.0,293,2,454.75,Inactive Customers,1,311,52,2,454.75,8.745192307692308
16766.0,272,2,1145.6,Occasional Customers,1,536,17,2,1145.6,33.69411764705882
16767.0,30,15,8056.76,High-Value Loyal Customers,0,7102,209,15,8056.76,25.09894080996885
16768.0,47,9,1698.57,Occasional Customers,0,774,108,9,1698.57,10.550124223602484
16769.0,259,4,1117.05,Occasional Customers,1,295,76,4,1117.05,11.515979381443298
16770.0,57,9,1778.93,Occasional Customers,0,1052,202,9,1778.93,5.247581120943953
16771.0,32,10,3949.6,High-Value Loyal Customers,0,2308,303,10,3949.6,9.680392156862744
16772.0,422,3,3698.0499999999997,Occasional Customers,1,687,54,3,3698.0499999999997,54.38308823529411
16773.0,56,3,421.24,Recent Low-Value Customers,0,252,53,3,421.24,6.480615384615385
16774.0,67,8,1567.48,Occasional Customers,0,774,89,8,1567.48,11.965496183206106
16775.0,9,16,2820.84,High-Value Loyal Customers,0,957,132,16,2820.84,10.891274131274132
16776.0,59,2,592.51,Recent Low-Value Customers,0,435,105,2,592.51,4.702460317460317
16777.0,79,5,1292.18,Occasional Customers,0,470,125,5,1292.18,9.099859154929577
16778.0,73,2,245.94,Inactive Customers,0,194,16,2,245.94,15.37125
16779.0,1,53,32809.03,High-Value Loyal Customers,0,19411,293,53,32809.03,31.54714423076923
16780.0,99,3,596.4,Occasional Customers,0,352,73,3,596.4,6.2124999999999995
16781.0,371,2,623.0,Inactive Customers,1,192,36,2,623.0,15.974358974358974
16782.0,9,38,9636.12,High-Value Loyal Customers,0,4027,575,38,9636.12,5.725561497326204
16783.0,436,1,391.95,Inactive Customers,1,163,25,1,391.95,15.677999999999999
16784.0,19,5,892.33,Recent Low-Value Customers,0,494,138,5,892.33,5.647658227848101
16785.0,409,1,533.78,Inactive Customers,1,313,35,1,533.78,15.250857142857143
16786.0,393,1,51.839999999999996,Inactive Customers,1,72,1,1,51.839999999999996,51.839999999999996
16787.0,397,4,1017.53,Occasional Customers,1,472,102,4,1017.53,9.085089285714286
16788.0,122,5,1928.93,Occasional Customers,0,965,348,5,1928.93,4.035418410041841
16789.0,7,1,80.8,Recent Low-Value Customers,0,32,5,1,80.8,16.16
16790.0,3,6,1545.6200000000001,Recent Low-Value Customers,0,898,88,6,1545.6200000000001,16.61956989247312
16791.0,28,15,3957.63,High-Value Loyal Customers,0,1854,393,15,3957.63,5.811497797356829
16792.0,281,5,623.46,Occasional Customers,1,324,90,5,623.46,6.1123529411764705
16793.0,56,1,243.84,Inactive Customers,0,146,16,1,243.84,15.24
16794.0,0,15,2052.7,High-Value Loyal Customers,0,1576,245,15,2052.7,4.089043824701195
16795.0,364,3,2062.41,Occasional Customers,1,1214,306,3,2062.41,6.138125
16796.0,88,1,305.62,Inactive Customers,0,186,18,1,305.62,16.97888888888889
16797.0,392,5,1802.02,Occasional Customers,1,898,289,5,1802.02,4.527688442211055
16798.0,553,3,841.16,Occasional Customers,1,205,141,3,841.16,4.977278106508876
16799.0,431,2,452.78000000000003,Inactive Customers,1,162,81,2,452.78000000000003,4.921521739130435
16800.0,10,1,1162.65,Recent Low-Value Customers,0,524,148,1,1162.65,7.452884615384616
16801.0,162,4,1594.23,Occasional Customers,0,493,72,4,1594.23,21.2564
16802.0,678,2,582.61,Inactive Customers,1,369,48,2,582.61,10.992641509433962
16803.0,64,1,332.3,Inactive Customers,0,245,24,1,332.3,13.845833333333333
16804.0,22,3,536.99,Recent Low-Value Customers,0,246,59,3,536.99,8.949833333333334
16805.0,173,5,1091.34,Occasional Customers,0,1120,213,5,1091.34,4.38289156626506
16806.0,102,4,762.16,Occasional Customers,0,356,68,4,762.16,8.195268817204301
16807.0,142,6,2123.88,Occasional Customers,0,1433,107,6,2123.88,14.956901408450705
16808.0,98,2,288.42,Inactive Customers,0,196,21,2,288.42,12.540000000000001
16809.0,22,9,1727.43,High-Value Loyal Customers,0,1093,113,9,1727.43,6.6696138996139
16810.0,191,2,842.0400000000001,Inactive Customers,1,372,34,2,842.0400000000001,24.76588235294118
16811.0,4,2,547.07,Recent Low-Value Customers,0,477,26,2,547.07,19.538214285714286
16812.0,360,4,2392.0,Occasional Customers,1,1116,98,4,2392.0,20.8
16813.0,7,10,1652.18,High-Value Loyal Customers,0,1501,248,10,1652.18,3.878356807511737
16814.0,13,36,11924.85,High-Value Loyal Customers,0,4844,247,36,11924.85,15.547392438070405
16815.0,453,2,406.02,Inactive Customers,1,237,66,2,406.02,5.561917808219178
16816.0,102,4,417.06,Occasional Customers,0,274,28,4,417.06,14.895
16817.0,2,13,2560.7,High-Value Loyal Customers,0,1401,107,13,2560.7,18.16099290780142
16818.0,10,11,3349.57,High-Value Loyal Customers,0,2164,172,11,3349.57,17.81686170212766
16819.0,464,2,182.59,Inactive Customers,1,253,17,2,182.59,10.740588235294117
16820.0,95,1,497.61,Inactive Customers,0,307,26,1,497.61,19.138846153846153
16821.0,381,1,113.35,Inactive Customers,1,13,7,1,113.35,16.192857142857143
16822.0,685,1,181.39,Inactive Customers,1,171,11,1,181.39,16.49
16823.0,226,7,2243.09,Occasional Customers,1,1166,149,7,2243.09,12.965838150289018
16824.0,15,3,686.24,Recent Low-Value Customers,0,390,34,3,686.24,17.595897435897434
16825.0,38,5,1826.89,Occasional Customers,0,1297,48,5,1826.89,28.54515625
16826.0,50,1,341.7,Recent Low-Value Customers,0,158,22,1,341.7,15.531818181818181
16827.0,392,5,392.13,Inactive Customers,1,125,10,5,392.13,32.6775
16828.0,92,2,128.5,Inactive Customers,0,59,8,2,128.5,16.0625
16829.0,156,2,513.32,Inactive Customers,0,215,25,2,513.32,19.011851851851855
16830.0,38,4,1207.5,Recent Low-Value Customers,0,699,65,4,1207.5,16.1
16831.0,564,1,91.8,Inactive Customers,1,48,6,1,91.8,15.299999999999999
16832.0,183,5,417.61,Occasional Customers,1,179,19,5,417.61,19.886190476190478
16833.0,0,6,2409.04,High-Value Loyal Customers,0,878,87,6,2409.04,26.18521739130435
16834.0,227,2,898.96,Inactive Customers,1,760,43,2,898.96,18.728333333333335
16835.0,127,6,1456.66,Occasional Customers,0,496,58,6,1456.66,17.764146341463416
16836.0,39,4,782.37,Recent Low-Value Customers,0,539,42,4,782.37,18.627857142857142
16837.0,30,11,3170.98,High-Value Loyal Customers,0,1563,123,11,3170.98,19.218060606060607
16838.0,196,4,1159.61,Occasional Customers,1,509,53,4,1159.61,19.654406779661016
16839.0,8,44,21758.25,High-Value Loyal Customers,0,11295,132,44,21758.25,62.16642857142857
16840.0,602,2,139.85,Inactive Customers,1,117,9,2,139.85,15.538888888888888
16841.0,36,12,4006.06,High-Value Loyal Customers,0,3478,187,12,4006.06,18.292511415525112
16842.0,100,3,1264.19,Occasional Customers,0,693,45,3,1264.19,20.066507936507936
16843.0,42,35,19571.43,High-Value Loyal Customers,0,18502,317,35,19571.43,32.83796979865772
16844.0,562,2,614.34,Inactive Customers,1,281,26,2,614.34,19.198125
16845.0,617,1,253.88,Inactive Customers,1,167,20,1,253.88,12.693999999999999
16846.0,49,3,842.41,Recent Low-Value Customers,0,517,47,3,842.41,17.923617021276595
16847.0,42,2,614.89,Recent Low-Value Customers,0,255,37,2,614.89,16.618648648648648
16848.0,52,4,1411.62,Occasional Customers,0,780,75,4,1411.62,16.607294117647058
16849.0,186,1,124.57,Inactive Customers,1,33,8,1,124.57,15.57125
16850.0,333,1,332.41,Inactive Customers,1,249,19,1,332.41,17.495263157894737
16851.0,3,3,342.45,Recent Low-Value Customers,0,271,17,3,342.45,17.1225
16852.0,9,2,144.91000000000003,Recent Low-Value Customers,0,56,9,2,144.91000000000003,16.101111111111113
16854.0,416,2,1408.96,Occasional Customers,1,997,72,2,1408.96,18.786133333333336
16855.0,23,2,328.4,Recent Low-Value Customers,0,164,19,2,328.4,17.28421052631579
16856.0,14,3,358.49,Recent Low-Value Customers,0,171,16,3,358.49,18.867894736842107
16857.0,442,1,352.8,Inactive Customers,1,168,11,1,352.8,32.07272727272727
16858.0,368,10,4292.59,Occasional Customers,1,1423,75,10,4292.59,34.068174603174604
16859.0,144,7,1932.41,Occasional Customers,0,1899,87,7,1932.41,17.567363636363638
16860.0,452,3,1610.62,Occasional Customers,1,625,35,3,1610.62,37.45627906976744
16861.0,59,5,946.59,Occasional Customers,0,616,39,5,946.59,19.318163265306122
16862.0,546,4,662.33,Occasional Customers,1,513,34,4,662.33,18.923714285714286
16863.0,30,3,834.27,Recent Low-Value Customers,0,640,43,3,834.27,17.750425531914892
16864.0,433,2,409.25,Inactive Customers,1,283,17,2,409.25,24.073529411764707
16865.0,401,1,130.95,Inactive Customers,1,157,15,1,130.95,8.184375
16866.0,140,3,207.73999999999998,Inactive Customers,0,60,10,3,207.73999999999998,18.885454545454543
16867.0,689,1,76.74000000000001,Inactive Customers,1,58,6,1,76.74000000000001,12.790000000000001
16868.0,393,3,384.56,Inactive Customers,1,112,47,3,384.56,7.6912
16869.0,22,4,817.12,Recent Low-Value Customers,0,583,113,4,817.12,6.434015748031496
16870.0,468,1,450.15999999999997,Inactive Customers,1,278,28,1,450.15999999999997,16.077142857142857
16871.0,21,6,2812.34,Occasional Customers,0,1253,131,6,2812.34,20.528029197080293
16872.0,76,6,1213.13,Occasional Customers,0,1079,12,6,1213.13,67.39611111111111
16873.0,4,12,14617.39,High-Value Loyal Customers,0,8601,252,12,14617.39,28.54958984375
16874.0,378,1,209.89000000000001,Inactive Customers,1,78,31,1,209.89000000000001,6.770645161290323
16875.0,66,11,4234.53,High-Value Loyal Customers,0,2099,161,11,4234.53,18.410999999999998
16876.0,403,1,136.01,Inactive Customers,1,181,32,1,136.01,4.2503125
16877.0,11,6,846.62,Recent Low-Value Customers,0,458,111,6,846.62,5.427051282051282
16878.0,83,1,13.3,Inactive Customers,0,12,3,1,13.3,4.433333333333334
16880.0,30,8,1813.21,Occasional Customers,0,904,130,8,1813.21,9.908251366120219
16881.0,66,1,432.0,Inactive Customers,0,600,1,1,432.0,432.0
16882.0,66,3,705.12,Recent Low-Value Customers,0,424,39,3,705.12,18.080000000000002
16883.0,186,19,2246.06,Occasional Customers,1,1016,159,19,2246.06,8.412209737827714
16884.0,37,4,1070.97,Recent Low-Value Customers,0,520,64,4,1070.97,14.472567567567568
16885.0,14,4,684.6,Recent Low-Value Customers,0,358,121,4,684.6,5.033823529411765
16886.0,455,1,134.0,Inactive Customers,1,48,8,1,134.0,16.75
16887.0,34,3,658.17,Recent Low-Value Customers,0,423,94,3,658.17,6.516534653465346
16888.0,400,3,434.2,Inactive Customers,1,145,44,3,434.2,8.35
16889.0,194,6,2526.65,Occasional Customers,1,1611,163,6,2526.65,11.643548387096775
16890.0,476,3,285.41,Inactive Customers,1,243,17,3,285.41,15.021578947368422
16891.0,1,11,1727.94,High-Value Loyal Customers,0,652,335,11,1727.94,4.133827751196172
16892.0,0,7,754.75,Recent Low-Value Customers,0,367,119,7,754.75,5.509124087591241
16893.0,366,2,249.89000000000001,Inactive Customers,1,117,80,2,249.89000000000001,2.8722988505747127
16894.0,501,3,1306.96,Occasional Customers,1,503,186,3,1306.96,6.989090909090909
16895.0,64,5,1102.9,Occasional Customers,0,421,135,5,1102.9,6.766257668711657
16896.0,554,1,103.95,Inactive Customers,1,18,18,1,103.95,5.775
16897.0,298,2,289.78,Inactive Customers,1,73,37,2,289.78,7.831891891891891
16898.0,25,5,885.21,Recent Low-Value Customers,0,695,223,5,885.21,3.526733067729084
16899.0,7,8,1695.77,High-Value Loyal Customers,0,811,101,8,1695.77,9.8021387283237
16900.0,16,3,887.11,Recent Low-Value Customers,0,833,78,3,887.11,11.229240506329115
16901.0,728,1,204.26,Inactive Customers,1,42,23,1,204.26,8.880869565217392
16902.0,115,1,1706.88,Occasional Customers,0,629,43,1,1706.88,38.79272727272728
16903.0,28,3,1041.75,Recent Low-Value Customers,0,717,148,3,1041.75,5.7239010989010985
16904.0,3,21,4675.36,High-Value Loyal Customers,0,2607,484,21,4675.36,5.212218506131549
16905.0,4,17,4706.77,High-Value Loyal Customers,0,1913,171,17,4706.77,14.70865625
16906.0,81,7,1410.92,Occasional Customers,0,590,180,7,1410.92,6.624037558685447
16907.0,28,9,1470.89,Occasional Customers,0,451,109,9,1470.89,7.037751196172249
16908.0,721,1,252.59,Inactive Customers,1,61,20,1,252.59,12.6295
16909.0,71,1,379.14,Inactive Customers,0,436,18,1,379.14,21.063333333333333
16910.0,3,8,1508.96,High-Value Loyal Customers,0,884,318,8,1508.96,2.7687339449541284
16911.0,635,2,255.25,Inactive Customers,1,161,30,2,255.25,7.292857142857143
16912.0,28,15,4460.51,High-Value Loyal Customers,0,1689,130,15,4460.51,25.933197674418604
16913.0,289,3,423.90999999999997,Inactive Customers,1,229,18,3,423.90999999999997,23.550555555555555
16914.0,35,1,183.76,Recent Low-Value Customers,0,112,25,1,183.76,6.125333333333333
16915.0,8,11,1543.18,High-Value Loyal Customers,0,190,54,11,1543.18,20.853783783783786
16916.0,23,4,902.02,Recent Low-Value Customers,0,649,180,4,902.02,4.40009756097561
16917.0,276,2,1851.88,Occasional Customers,1,792,45,2,1851.88,37.037600000000005
16918.0,49,16,3206.54,High-Value Loyal Customers,0,2066,280,16,3206.54,7.062863436123348
16919.0,155,24,4909.66,High-Value Loyal Customers,0,2333,230,24,4909.66,7.996188925081433
16920.0,410,1,355.45,Inactive Customers,1,81,23,1,355.45,15.454347826086956
16921.0,60,3,409.21,Recent Low-Value Customers,0,275,78,3,409.21,4.650113636363636
16922.0,572,1,611.08,Inactive Customers,1,281,122,1,611.08,5.008852459016394
16923.0,11,32,13157.130000000001,High-Value Loyal Customers,0,6190,431,32,13157.130000000001,12.148781163434904
16924.0,20,3,829.89,Recent Low-Value Customers,0,467,69,3,829.89,10.245555555555555
16925.0,539,1,125.65,Inactive Customers,1,123,18,1,125.65,6.980555555555556
16926.0,370,5,1169.6100000000001,Occasional Customers,1,197,63,5,1169.6100000000001,12.183437500000002
16927.0,115,3,543.05,Occasional Customers,0,993,5,3,543.05,90.50833333333333
16928.0,79,29,3897.5299999999997,High-Value Loyal Customers,0,2587,135,29,3897.5299999999997,12.21796238244514
16929.0,3,7,1295.39,Recent Low-Value Customers,0,929,51,7,1295.39,16.823246753246753
16930.0,25,3,378.89,Recent Low-Value Customers,0,339,47,3,378.89,7.148867924528302
16931.0,4,23,5032.22,High-Value Loyal Customers,0,3357,466,23,5032.22,5.30824894514768
16932.0,52,3,412.55,Recent Low-Value Customers,0,217,116,3,412.55,3.1018796992481206
16933.0,0,9,3099.3,High-Value Loyal Customers,0,1533,213,9,3099.3,10.990425531914894
16934.0,54,6,2083.14,Occasional Customers,0,936,128,6,2083.14,14.774042553191489
16935.0,381,3,530.86,Inactive Customers,1,273,55,3,530.86,7.693623188405797
16936.0,25,2,548.29,Recent Low-Value Customers,0,339,122,2,548.29,3.944532374100719
16937.0,498,1,196.25,Inactive Customers,1,123,49,1,196.25,4.005102040816326
16938.0,8,9,6995.360000000001,High-Value Loyal Customers,0,5041,547,9,6995.360000000001,8.489514563106797
16939.0,488,3,433.85,Inactive Customers,1,229,38,3,433.85,10.581707317073171
16940.0,51,8,6427.66,High-Value Loyal Customers,0,4503,360,8,6427.66,10.218855325914149
16941.0,611,1,33.0,Inactive Customers,1,12,2,1,33.0,16.5
16942.0,12,9,1904.99,High-Value Loyal Customers,0,805,159,9,1904.99,6.877220216606498
16943.0,211,5,1299.49,Occasional Customers,1,147,24,5,1299.49,37.12828571428572
16944.0,609,1,101.36,Inactive Customers,1,27,7,1,101.36,14.48
16945.0,21,33,8548.16,High-Value Loyal Customers,0,5889,231,33,8548.16,18.03409282700422
16946.0,382,5,1222.04,Occasional Customers,1,509,69,5,1222.04,16.293866666666666
16947.0,235,5,955.21,Occasional Customers,1,655,50,5,955.21,18.022830188679247
16948.0,138,7,868.77,Occasional Customers,0,2091,20,7,868.77,20.203953488372093
16949.0,3,6,1286.27,Recent Low-Value Customers,0,791,57,6,1286.27,21.437833333333334
16950.0,56,10,3541.77,Occasional Customers,0,2432,111,10,3541.77,24.595625
16951.0,134,3,1277.75,Occasional Customers,0,1318,73,3,1277.75,14.857558139534884
16952.0,108,5,795.83,Occasional Customers,0,343,76,5,795.83,9.147471264367816
16953.0,29,1,20.8,Inactive Customers,0,10,1,1,20.8,20.8
16954.0,0,20,6081.88,High-Value Loyal Customers,0,4086,83,20,6081.88,29.52368932038835
16955.0,184,6,1120.31,Occasional Customers,1,723,33,6,1120.31,22.4062
16956.0,17,1,308.74,Recent Low-Value Customers,0,114,16,1,308.74,19.29625
16957.0,238,2,416.64,Inactive Customers,1,172,15,2,416.64,26.04
16958.0,434,1,778.49,Inactive Customers,1,514,69,1,778.49,11.121285714285714
16959.0,86,1,117.35000000000001,Inactive Customers,0,49,7,1,117.35000000000001,16.764285714285716
16960.0,38,8,1990.88,Occasional Customers,0,1492,334,8,1990.88,4.434031180400891
16961.0,115,3,794.56,Occasional Customers,0,482,52,3,794.56,15.28
16962.0,409,1,251.04,Inactive Customers,1,158,15,1,251.04,16.736
16963.0,186,1,110.55000000000001,Inactive Customers,1,35,7,1,110.55000000000001,15.792857142857144
16964.0,732,2,207.85,Inactive Customers,1,49,6,2,207.85,34.641666666666666
16965.0,226,1,201.19,Inactive Customers,1,291,26,1,201.19,7.738076923076923
16966.0,7,7,2154.97,High-Value Loyal Customers,0,1981,8,7,2154.97,76.96321428571427
16967.0,188,1,319.02,Inactive Customers,1,333,21,1,319.02,15.19142857142857
16968.0,3,2,439.43,Recent Low-Value Customers,0,326,31,2,439.43,14.175161290322581
16969.0,38,3,650.41,Recent Low-Value Customers,0,816,42,3,650.41,15.48595238095238
16970.0,625,1,71.4,Inactive Customers,1,12,2,1,71.4,35.7
16971.0,37,1,357.21,Recent Low-Value Customers,0,72,40,1,357.21,8.712439024390243
16972.0,382,2,749.0,Inactive Customers,1,183,54,2,749.0,9.134146341463415
16973.0,385,1,127.0,Inactive Customers,1,60,6,1,127.0,21.166666666666668
16974.0,522,2,365.5,Inactive Customers,1,70,5,2,365.5,45.6875
16975.0,422,3,926.12,Occasional Customers,1,586,44,3,926.12,20.580444444444446
16976.0,266,1,251.51999999999998,Inactive Customers,1,88,2,1,251.51999999999998,125.75999999999999
16977.0,394,4,496.0,Inactive Customers,1,142,25,4,496.0,17.714285714285715
16978.0,77,3,768.88,Occasional Customers,0,285,65,3,768.88,11.475820895522387
16979.0,3,9,2859.74,High-Value Loyal Customers,0,1451,82,9,2859.74,22.168527131782945
16980.0,254,3,1422.8300000000002,Occasional Customers,1,990,91,3,1422.8300000000002,13.422924528301888
16982.0,60,1,384.06,Inactive Customers,0,182,22,1,384.06,17.457272727272727
16983.0,12,11,3490.5299999999997,High-Value Loyal Customers,0,2315,151,11,3490.5299999999997,15.11051948051948
16984.0,87,9,10350.53,High-Value Loyal Customers,0,5127,669,9,10350.53,9.655345149253732
16985.0,16,23,10923.16,High-Value Loyal Customers,0,3103,130,23,10923.16,44.95127572016461
16986.0,29,11,4888.75,High-Value Loyal Customers,0,2539,65,11,4888.75,28.096264367816094
16987.0,2,11,2521.4,High-Value Loyal Customers,0,671,155,11,2521.4,9.660536398467434
16988.0,4,2,382.67,Recent Low-Value Customers,0,158,20,2,382.67,19.1335
16989.0,6,6,1133.25,Recent Low-Value Customers,0,1233,7,6,1133.25,94.4375
16990.0,218,2,344.0,Inactive Customers,1,200,1,2,344.0,172.0
16991.0,420,1,1041.21,Inactive Customers,1,793,74,1,1041.21,14.070405405405406
16992.0,10,13,5476.5,High-Value Loyal Customers,0,2061,212,13,5476.5,19.21578947368421
16993.0,463,2,1950.9499999999998,Occasional Customers,1,285,19,2,1950.9499999999998,69.67678571428571
16996.0,29,9,2123.61,High-Value Loyal Customers,0,919,32,9,2123.61,28.3148
16997.0,287,3,702.0,Occasional Customers,1,360,7,3,702.0,58.5
16998.0,149,5,402.0,Occasional Customers,0,104,2,5,402.0,67.0
16999.0,22,2,484.82,Recent Low-Value Customers,0,294,21,2,484.82,21.07913043478261
17000.0,395,2,406.3,Inactive Customers,1,305,26,2,406.3,13.543333333333333
17001.0,0,19,6640.8,High-Value Loyal Customers,0,3782,108,19,6640.8,24.148363636363637
17002.0,85,7,2571.55,Occasional Customers,0,1265,64,7,2571.55,30.613690476190477
17003.0,401,4,828.21,Occasional Customers,1,494,90,4,828.21,7.461351351351352
17004.0,45,4,2324.36,Occasional Customers,0,1233,48,4,2324.36,33.68637681159421
17005.0,470,2,622.36,Inactive Customers,1,691,14,2,622.36,34.57555555555555
17006.0,4,8,1635.27,High-Value Loyal Customers,0,572,103,8,1635.27,12.676511627906976
17007.0,50,7,1120.1,Occasional Customers,0,717,63,7,1120.1,16.71791044776119
17008.0,428,1,81.36,Inactive Customers,1,24,1,1,81.36,81.36
17009.0,550,1,242.06,Inactive Customers,1,336,10,1,242.06,22.005454545454544
17010.0,17,1,195.36,Recent Low-Value Customers,0,118,11,1,195.36,17.76
17011.0,29,3,671.7,Recent Low-Value Customers,0,792,27,3,671.7,23.989285714285717
17012.0,724,1,360.61,Inactive Customers,1,251,34,1,360.61,10.016944444444444
17014.0,7,3,583.4300000000001,Recent Low-Value Customers,0,243,63,3,583.4300000000001,8.103194444444446
17015.0,28,3,1838.6100000000001,Recent Low-Value Customers,0,1978,182,3,1838.6100000000001,8.591635514018693
17016.0,576,1,552.4,Inactive Customers,1,309,41,1,552.4,13.473170731707317
17017.0,2,29,12576.99,High-Value Loyal Customers,0,9397,120,29,12576.99,33.272460317460315
17018.0,40,6,2287.7,Occasional Customers,0,456,26,6,2287.7,61.82972972972973
17019.0,10,11,3602.29,High-Value Loyal Customers,0,2396,344,11,3602.29,5.602317262830482
17020.0,541,2,935.62,Inactive Customers,1,860,64,2,935.62,13.559710144927536
17021.0,441,6,1182.22,Occasional Customers,1,992,35,6,1182.22,24.629583333333333
17022.0,30,2,260.0,Recent Low-Value Customers,0,180,16,2,260.0,16.25
17023.0,416,3,800.18,Occasional Customers,1,530,48,3,800.18,16.33020408163265
17024.0,44,3,95.85,Recent Low-Value Customers,0,69,2,3,95.85,31.95
17025.0,60,5,1349.67,Occasional Customers,0,885,31,5,1349.67,36.47756756756757
17026.0,184,3,175.82999999999998,Inactive Customers,1,107,4,3,175.82999999999998,35.166
17027.0,78,9,1310.63,Occasional Customers,0,645,126,9,1310.63,7.3630898876404505
17028.0,580,3,1593.83,Occasional Customers,1,856,85,3,1593.83,16.777157894736842
17029.0,110,7,2137.3,Occasional Customers,0,1265,19,7,2137.3,73.7
17030.0,63,1,146.87,Inactive Customers,0,146,11,1,146.87,13.351818181818182
17031.0,11,6,2773.85,High-Value Loyal Customers,0,1595,34,6,2773.85,55.477
17032.0,547,8,2984.32,Occasional Customers,1,1667,183,8,2984.32,12.592067510548524
17033.0,85,4,1332.79,Occasional Customers,0,871,33,4,1332.79,33.31975
17034.0,15,5,1276.42,Recent Low-Value Customers,0,694,49,5,1276.42,22.007241379310347
17035.0,245,4,613.59,Occasional Customers,1,327,29,4,613.59,18.593636363636364
17036.0,382,1,176.9,Inactive Customers,1,76,12,1,176.9,14.741666666666667
17037.0,87,1,1267.32,Recent Low-Value Customers,0,656,75,1,1267.32,16.8976
17038.0,29,2,743.17,Recent Low-Value Customers,0,535,61,2,743.17,11.796349206349205
17039.0,603,1,1954.99,Inactive Customers,1,689,44,1,1954.99,44.43159090909091
17040.0,137,2,463.25,Inactive Customers,0,189,15,2,463.25,28.953125
17041.0,26,6,1655.2,Recent Low-Value Customers,0,1303,93,6,1655.2,13.136507936507936
17042.0,2,5,1036.58,Recent Low-Value Customers,0,990,74,5,1036.58,10.686391752577318
17043.0,31,8,2593.65,Occasional Customers,0,1616,175,8,2593.65,13.033417085427136
17044.0,24,12,11962.3,High-Value Loyal Customers,0,5722,92,12,11962.3,80.28389261744967
17045.0,112,5,827.6800000000001,Occasional Customers,0,294,44,5,827.6800000000001,15.616603773584908
17046.0,156,5,1906.07,Occasional Customers,0,1636,76,5,1906.07,22.42435294117647
17047.0,84,6,2289.23,Occasional Customers,0,1184,114,6,2289.23,16.121338028169014
17048.0,117,7,2071.68,Occasional Customers,0,1068,88,7,2071.68,20.51168316831683
17049.0,2,19,9942.53,High-Value Loyal Customers,0,4273,316,19,9942.53,17.8181541218638
17050.0,95,11,4648.59,Occasional Customers,0,2432,193,11,4648.59,13.31974212034384
17051.0,193,4,706.49,Occasional Customers,1,507,107,4,706.49,4.558
17052.0,27,1,399.09,Recent Low-Value Customers,0,251,72,1,399.09,4.808313253012048
17053.0,130,1,498.48,Inactive Customers,0,122,13,1,498.48,38.34461538461539
17054.0,27,5,1356.33,Recent Low-Value Customers,0,804,64,5,1356.33,16.34132530120482
17055.0,445,1,232.85,Inactive Customers,1,83,24,1,232.85,8.955769230769231
17056.0,737,1,128.60000000000002,Inactive Customers,1,26,8,1,128.60000000000002,16.075000000000003
17057.0,595,1,294.74,Inactive Customers,1,129,48,1,294.74,5.8948
17058.0,81,3,1179.89,Occasional Customers,0,592,51,3,1179.89,19.030483870967743
17059.0,29,9,4864.57,High-Value Loyal Customers,0,3107,349,9,4864.57,6.7469764216366155
17060.0,265,1,234.24,Inactive Customers,1,216,5,1,234.24,46.848
17061.0,73,11,5232.2300000000005,High-Value Loyal Customers,0,1526,57,11,5232.2300000000005,52.850808080808086
17062.0,313,6,889.75,Occasional Customers,1,644,82,6,889.75,7.353305785123967
17063.0,20,13,3638.53,High-Value Loyal Customers,0,1899,150,13,3638.53,17.748926829268292
17064.0,58,3,855.45,Recent Low-Value Customers,0,316,53,3,855.45,14.02377049180328
17065.0,637,2,194.7,Inactive Customers,1,82,6,2,194.7,16.224999999999998
17066.0,725,1,228.34,Inactive Customers,1,93,17,1,228.34,12.685555555555556
17067.0,724,3,454.54,Inactive Customers,1,322,8,3,454.54,34.964615384615385
17068.0,11,47,8987.68,High-Value Loyal Customers,0,4351,250,47,8987.68,9.023775100401608
17069.0,27,14,5517.2300000000005,High-Value Loyal Customers,0,3230,202,14,5517.2300000000005,19.4268661971831
17070.0,113,2,437.42,Inactive Customers,0,232,102,2,437.42,4.2467961165048544
17071.0,27,13,3793.71,High-Value Loyal Customers,0,1934,141,13,3793.71,17.9796682464455
17072.0,624,1,273.35,Inactive Customers,1,212,20,1,273.35,13.016666666666667
17073.0,17,4,1446.09,Recent Low-Value Customers,0,759,142,4,1446.09,8.310862068965516
17074.0,562,1,203.05,Inactive Customers,1,19,4,1,203.05,50.7625
17075.0,17,10,2236.63,High-Value Loyal Customers,0,785,153,10,2236.63,11.239346733668341
17076.0,35,6,1242.75,Occasional Customers,0,514,31,6,1242.75,24.855
17077.0,577,1,306.0,Inactive Customers,1,36,1,1,306.0,306.0
17078.0,35,2,378.2,Recent Low-Value Customers,0,788,28,2,378.2,13.507142857142856
17079.0,77,1,118.80000000000001,Inactive Customers,0,24,2,1,118.80000000000001,59.400000000000006
17080.0,21,7,957.53,Recent Low-Value Customers,0,569,26,7,957.53,29.016060606060606
17081.0,24,6,949.39,Recent Low-Value Customers,0,381,166,6,949.39,4.5864251207729465
17082.0,32,6,4732.03,Occasional Customers,0,2526,117,6,4732.03,27.835470588235292
17083.0,108,9,4049.79,Occasional Customers,0,1955,30,9,4049.79,35.2155652173913
17084.0,34,3,5001.21,Occasional Customers,0,3178,263,3,5001.21,17.797900355871885
17085.0,122,28,7847.67,High-Value Loyal Customers,0,3583,411,28,7847.67,7.951033434650456
17086.0,6,6,2050.08,Recent Low-Value Customers,0,1859,76,6,2050.08,21.355
17087.0,737,1,221.53,Inactive Customers,1,113,12,1,221.53,18.460833333333333
17088.0,27,4,1991.01,Recent Low-Value Customers,0,868,96,4,1991.01,17.313130434782607
17089.0,385,1,128.45,Inactive Customers,1,35,4,1,128.45,32.1125
17090.0,3,13,3080.1800000000003,High-Value Loyal Customers,0,1344,54,13,3080.1800000000003,34.224222222222224
17091.0,2,19,7495.75,High-Value Loyal Customers,0,3732,242,19,7495.75,16.474175824175823
17092.0,49,11,5511.41,High-Value Loyal Customers,0,3768,273,11,5511.41,14.059719387755102
17093.0,592,1,235.88,Inactive Customers,1,114,13,1,235.88,18.144615384615385
17094.0,321,2,402.20000000000005,Inactive Customers,1,212,18,2,402.20000000000005,22.34444444444445
17095.0,22,7,2572.25,High-Value Loyal Customers,0,1695,110,7,2572.25,18.775547445255473
17096.0,14,11,3697.93,High-Value Loyal Customers,0,1559,162,11,3697.93,18.038682926829267
17097.0,1,9,1143.36,High-Value Loyal Customers,0,582,182,9,1143.36,4.282247191011235
17098.0,381,3,591.0699999999999,Inactive Customers,1,125,10,3,591.0699999999999,32.837222222222216
17099.0,532,1,582.17,Inactive Customers,1,317,40,1,582.17,14.55425
17100.0,17,2,971.74,Recent Low-Value Customers,0,800,65,2,971.74,14.949846153846154
17101.0,9,7,2507.05,High-Value Loyal Customers,0,1175,54,7,2507.05,34.34315068493151
17102.0,261,1,25.5,Inactive Customers,1,2,1,1,25.5,25.5
17103.0,721,1,424.3,Inactive Customers,1,471,32,1,424.3,13.259375
17104.0,423,1,474.03,Inactive Customers,1,149,19,1,474.03,24.948947368421052
17105.0,158,2,665.78,Inactive Customers,0,693,80,2,665.78,7.397555555555555
17106.0,388,1,481.58,Inactive Customers,1,153,51,1,481.58,9.442745098039216
17107.0,32,10,16052.72,High-Value Loyal Customers,0,7530,377,10,16052.72,23.95928358208955
17108.0,663,1,174.95,Inactive Customers,1,31,9,1,174.95,19.438888888888886
17109.0,28,8,1291.71,Occasional Customers,0,788,124,8,1291.71,9.292877697841726
17110.0,164,3,499.9,Inactive Customers,0,136,38,3,499.9,10.20204081632653
17111.0,46,2,459.58,Recent Low-Value Customers,0,581,44,2,459.58,9.574583333333333
17112.0,502,1,197.57,Inactive Customers,1,130,44,1,197.57,4.203617021276596
17113.0,573,6,2305.59,Occasional Customers,1,913,122,6,2305.59,14.592341772151899
17114.0,5,8,801.12,Recent Low-Value Customers,0,215,85,8,801.12,6.5131707317073175
17115.0,7,7,2761.4900000000002,High-Value Loyal Customers,0,885,102,7,2761.4900000000002,23.01241666666667
17116.0,647,1,389.78,Inactive Customers,1,392,47,1,389.78,8.293191489361702
17117.0,287,1,116.19999999999999,Inactive Customers,1,68,9,1,116.19999999999999,12.91111111111111
17118.0,317,1,157.02,Inactive Customers,1,154,10,1,157.02,15.702000000000002
17119.0,2,2,606.91,Recent Low-Value Customers,0,334,35,2,606.91,17.340285714285713
17120.0,232,1,307.46,Inactive Customers,1,120,18,1,307.46,17.08111111111111
17121.0,402,1,314.74,Inactive Customers,1,106,12,1,314.74,26.228333333333335
17122.0,118,4,570.5,Occasional Customers,0,368,23,4,570.5,19.016666666666666
17123.0,161,3,977.17,Occasional Customers,0,676,37,3,977.17,22.724883720930233
17124.0,184,1,294.24,Inactive Customers,1,129,31,1,294.24,9.491612903225807
17125.0,49,1,230.5,Inactive Customers,0,281,34,1,230.5,6.585714285714285
17126.0,151,9,2016.43,Occasional Customers,0,1426,295,9,2016.43,4.531303370786517
17127.0,428,5,1155.0300000000002,Occasional Customers,1,340,27,5,1155.0300000000002,31.217027027027033
17128.0,334,1,157.09,Inactive Customers,1,76,14,1,157.09,11.220714285714285
17129.0,519,1,31.85,Inactive Customers,1,5,2,1,31.85,15.925
17131.0,4,5,2463.17,Recent Low-Value Customers,0,983,78,5,2463.17,18.38186567164179
17132.0,451,2,1220.9099999999999,Occasional Customers,1,963,62,2,1220.9099999999999,17.195915492957745
17133.0,15,12,14622.33,High-Value Loyal Customers,0,10107,22,12,14622.33,261.11303571428573
17134.0,106,3,625.3,Occasional Customers,0,144,31,3,625.3,17.369444444444444
17135.0,15,10,1722.18,High-Value Loyal Customers,0,1686,98,10,1722.18,12.043216783216783
17136.0,661,1,231.68,Inactive Customers,1,256,14,1,231.68,16.548571428571428
17137.0,415,6,1099.81,Occasional Customers,1,680,125,6,1099.81,6.585688622754491
17138.0,275,7,4417.27,Occasional Customers,1,2024,234,7,4417.27,17.2549609375
17139.0,15,25,19566.76,High-Value Loyal Customers,0,9853,447,25,19566.76,24.21628712871287
17140.0,246,1,454.12,Inactive Customers,1,296,16,1,454.12,25.22888888888889
17141.0,417,4,727.58,Occasional Customers,1,423,138,4,727.58,4.491234567901235
17142.0,238,4,1275.25,Occasional Customers,1,322,78,4,1275.25,14.32865168539326
17143.0,416,2,880.97,Inactive Customers,1,314,82,2,880.97,7.865803571428572
17144.0,0,2,984.57,Recent Low-Value Customers,0,483,42,2,984.57,20.511875
17145.0,512,4,3120.91,Occasional Customers,1,2591,168,4,3120.91,17.33838888888889
17146.0,105,13,5852.64,High-Value Loyal Customers,0,2188,164,13,5852.64,19.443986710963458
17147.0,22,9,3199.95,High-Value Loyal Customers,0,1308,99,9,3199.95,23.529044117647057
17148.0,51,1,124.88,Inactive Customers,0,82,9,1,124.88,13.875555555555556
17149.0,450,1,143.10000000000002,Inactive Customers,1,18,6,1,143.10000000000002,23.850000000000005
17150.0,376,6,1357.95,Occasional Customers,1,397,64,6,1357.95,14.760326086956523
17151.0,734,1,231.90000000000003,Inactive Customers,1,42,4,1,231.90000000000003,57.97500000000001
17152.0,194,4,2016.5,Occasional Customers,1,577,9,4,2016.5,126.03125
17153.0,23,1,213.78,Recent Low-Value Customers,0,104,14,1,213.78,15.27
17154.0,74,1,329.34,Inactive Customers,0,490,23,1,329.34,14.319130434782608
17155.0,17,7,892.46,Recent Low-Value Customers,0,987,43,7,892.46,12.225479452054795
17156.0,491,1,591.87,Inactive Customers,1,391,39,1,591.87,15.176153846153847
17157.0,7,19,5151.9,High-Value Loyal Customers,0,2092,78,19,5151.9,36.53829787234042
17158.0,31,5,1980.0,Occasional Customers,0,1147,74,5,1980.0,17.52212389380531
17159.0,21,5,2099.59,Recent Low-Value Customers,0,1348,115,5,2099.59,16.15069230769231
17160.0,30,17,10209.16,High-Value Loyal Customers,0,8390,215,17,10209.16,15.68227342549923
17161.0,443,1,856.01,Inactive Customers,1,537,52,1,856.01,16.46173076923077
17162.0,28,10,1715.46,High-Value Loyal Customers,0,1001,81,10,1715.46,16.494807692307692
17163.0,21,4,699.78,Recent Low-Value Customers,0,531,27,4,699.78,23.326
17164.0,32,7,2467.35,Occasional Customers,0,1501,92,7,2467.35,17.134375
17165.0,283,6,1794.32,Occasional Customers,1,788,77,6,1794.32,17.9432
17166.0,38,2,206.34,Recent Low-Value Customers,0,78,11,2,206.34,17.195
17167.0,379,3,867.11,Occasional Customers,1,429,64,3,867.11,10.97607594936709
17168.0,498,1,400.2,Inactive Customers,1,220,21,1,400.2,19.057142857142857
17169.0,57,3,1156.73,Recent Low-Value Customers,0,671,64,3,1156.73,15.423066666666667
17170.0,373,2,178.68,Inactive Customers,1,152,8,2,178.68,17.868000000000002
17171.0,288,2,384.59,Inactive Customers,1,225,25,2,384.59,15.3836
17172.0,78,3,956.5699999999999,Occasional Customers,0,1215,39,3,956.5699999999999,24.527435897435897
17173.0,4,8,3766.6,High-Value Loyal Customers,0,1122,36,8,3766.6,43.79767441860465
17174.0,217,1,59.9,Inactive Customers,1,41,4,1,59.9,14.975
17175.0,43,4,1443.69,Occasional Customers,0,866,42,4,1443.69,22.915714285714287
17176.0,201,3,902.3199999999999,Occasional Customers,1,576,37,3,902.3199999999999,21.483809523809523
17177.0,504,1,119.5,Inactive Customers,1,40,29,1,119.5,4.120689655172414
17178.0,730,1,432.96,Inactive Customers,1,100,31,1,432.96,13.966451612903224
17179.0,177,6,1507.26,Occasional Customers,0,625,75,6,1507.26,9.539620253164557
17180.0,55,11,2236.77,Occasional Customers,0,1809,189,11,2236.77,5.591925
17181.0,56,3,309.85,Recent Low-Value Customers,0,268,28,3,309.85,11.06607142857143
17182.0,422,2,321.3,Inactive Customers,1,54,4,2,321.3,53.550000000000004
17183.0,7,6,3347.31,High-Value Loyal Customers,0,1296,42,6,3347.31,45.85356164383562
17184.0,568,2,198.41000000000003,Inactive Customers,1,73,14,2,198.41000000000003,14.172142857142859
17185.0,591,3,229.46,Inactive Customers,1,119,38,3,229.46,5.215
17186.0,46,2,144.0,Recent Low-Value Customers,0,200,1,2,144.0,72.0
17187.0,226,2,467.71,Inactive Customers,1,426,21,2,467.71,20.335217391304347
17188.0,10,13,4592.93,High-Value Loyal Customers,0,2569,136,13,4592.93,26.70308139534884
17189.0,105,5,953.63,Occasional Customers,0,601,101,5,953.63,7.946916666666667
17190.0,58,7,1726.57,Occasional Customers,0,2218,160,7,1726.57,9.08721052631579
17191.0,27,15,4310.34,High-Value Loyal Customers,0,2208,269,15,4310.34,8.672716297786721
17192.0,535,1,75.28,Inactive Customers,1,45,20,1,75.28,3.7640000000000002
17193.0,35,9,2310.04,Occasional Customers,0,1668,28,9,2310.04,52.50090909090909
17194.0,273,3,812.5,Occasional Customers,1,420,57,3,812.5,13.319672131147541
17195.0,654,1,562.98,Inactive Customers,1,486,31,1,562.98,18.160645161290322
17196.0,427,1,327.75,Inactive Customers,1,154,84,1,327.75,3.524193548387097
17197.0,29,1,1013.01,Recent Low-Value Customers,0,191,29,1,1013.01,34.93137931034483
17198.0,23,3,692.22,Recent Low-Value Customers,0,357,89,3,692.22,7.210625
17199.0,581,1,135.04000000000002,Inactive Customers,1,232,8,1,135.04000000000002,16.880000000000003
17200.0,386,4,356.71,Inactive Customers,1,367,25,4,356.71,14.2684
17201.0,53,4,1143.1,Occasional Customers,0,1004,154,4,1143.1,6.684795321637426
17202.0,420,1,160.65,Inactive Customers,1,55,8,1,160.65,20.08125
17203.0,35,10,5564.09,High-Value Loyal Customers,0,4597,195,10,5564.09,21.318352490421457
17204.0,174,9,5504.6900000000005,Occasional Customers,0,2651,110,9,5504.6900000000005,31.09994350282486
17205.0,53,3,999.35,Recent Low-Value Customers,0,2214,27,3,999.35,28.552857142857142
17206.0,52,1,204.24,Inactive Customers,0,76,7,1,204.24,29.177142857142858
17207.0,651,1,292.62,Inactive Customers,1,233,55,1,292.62,4.877
17208.0,395,1,111.15,Inactive Customers,1,101,21,1,111.15,4.8326086956521745
17209.0,648,3,595.7,Inactive Customers,1,723,36,3,595.7,15.676315789473685
17210.0,392,1,251.72,Inactive Customers,1,242,47,1,251.72,4.749433962264151
17211.0,26,13,3773.35,High-Value Loyal Customers,0,2141,217,13,3773.35,10.969040697674417
17212.0,252,3,794.41,Occasional Customers,1,727,29,3,794.41,27.393448275862067
17213.0,39,13,4869.400000000001,High-Value Loyal Customers,0,2087,130,13,4869.400000000001,18.306015037593987
17214.0,59,6,1059.1200000000001,Occasional Customers,0,272,79,6,1059.1200000000001,10.486336633663367
17215.0,463,1,186.15,Inactive Customers,1,104,11,1,186.15,16.922727272727272
17216.0,553,1,63.6,Inactive Customers,1,21,13,1,63.6,4.892307692307693
17217.0,233,2,210.1,Inactive Customers,1,93,27,2,210.1,7.781481481481482
17218.0,3,18,3891.39,High-Value Loyal Customers,0,2066,248,18,3891.39,8.261974522292993
17219.0,31,2,259.13,Recent Low-Value Customers,0,188,43,2,259.13,5.1826
17220.0,23,21,4457.31,High-Value Loyal Customers,0,2663,408,21,4457.31,6.632901785714286
17221.0,6,5,976.62,Recent Low-Value Customers,0,713,115,5,976.62,7.875967741935484
17222.0,64,6,1579.51,Occasional Customers,0,857,94,6,1579.51,14.102767857142856
17223.0,309,3,558.04,Inactive Customers,1,155,62,3,558.04,8.087536231884057
17224.0,500,1,100.86,Inactive Customers,1,65,8,1,100.86,12.6075
17225.0,581,1,131.15,Inactive Customers,1,36,5,1,131.15,26.23
17226.0,308,3,895.47,Occasional Customers,1,853,51,3,895.47,15.177457627118644
17227.0,18,12,1878.93,High-Value Loyal Customers,0,1681,58,12,1878.93,16.48184210526316
17228.0,15,13,2820.03,High-Value Loyal Customers,0,2354,199,13,2820.03,8.623944954128442
17229.0,95,2,318.76,Inactive Customers,0,185,39,2,318.76,6.782127659574468
17230.0,263,18,9388.49,High-Value Loyal Customers,1,3753,141,18,9388.49,43.264930875576034
17231.0,11,25,7064.8,High-Value Loyal Customers,0,3681,509,25,7064.8,5.882431307243963
17232.0,2,2,417.77,Recent Low-Value Customers,0,202,30,2,417.77,11.936285714285713
17233.0,34,3,560.86,Recent Low-Value Customers,0,298,56,3,560.86,9.67
17234.0,182,1,149.89000000000001,Inactive Customers,1,55,14,1,149.89000000000001,10.706428571428573
17235.0,24,8,1562.98,Occasional Customers,0,845,52,8,1562.98,17.561573033707866
17236.0,12,12,1929.26,High-Value Loyal Customers,0,804,123,12,1929.26,12.210506329113924
17237.0,10,4,994.13,Recent Low-Value Customers,0,414,76,4,994.13,12.58392405063291
17238.0,2,32,7331.67,High-Value Loyal Customers,0,3555,486,32,7331.67,6.436935908691835
17239.0,312,4,1189.45,Occasional Customers,1,515,18,4,1189.45,37.1703125
17240.0,595,1,130.6,Inactive Customers,1,108,7,1,130.6,18.657142857142855
17241.0,384,12,2736.64,Occasional Customers,1,859,116,12,2736.64,16.097882352941177
17242.0,107,5,2889.28,Occasional Customers,0,1459,44,5,2889.28,34.396190476190476
17243.0,0,69,20203.58,High-Value Loyal Customers,0,7932,359,69,20203.58,18.8290587138863
17244.0,52,5,1826.04,Occasional Customers,0,1419,109,5,1826.04,15.217
17245.0,204,2,371.63,Inactive Customers,1,307,24,2,371.63,14.8652
17246.0,546,2,38.92,Inactive Customers,1,36,6,2,38.92,6.486666666666667
17247.0,14,1,280.09000000000003,Recent Low-Value Customers,0,105,53,1,280.09000000000003,5.186851851851852
17248.0,119,2,500.54,Inactive Customers,0,276,85,2,500.54,4.812884615384616
17249.0,428,1,68.03,Inactive Customers,1,79,27,1,68.03,2.51962962962963
17250.0,3,2,381.97,Recent Low-Value Customers,0,167,55,2,381.97,6.820892857142858
17251.0,362,3,798.98,Occasional Customers,1,377,65,3,798.98,10.243333333333334
17252.0,116,2,348.91,Inactive Customers,0,192,86,2,348.91,4.057093023255814
17253.0,17,1,178.26,Recent Low-Value Customers,0,43,18,1,178.26,9.903333333333332
17254.0,4,3,469.48,Recent Low-Value Customers,0,397,129,3,469.48,3.1937414965986397
17255.0,40,4,781.7,Recent Low-Value Customers,0,583,163,4,781.7,4.295054945054945
17256.0,106,5,498.93,Occasional Customers,0,299,20,5,498.93,16.094516129032257
17257.0,435,2,189.78,Inactive Customers,1,187,14,2,189.78,13.555714285714286
17258.0,396,2,417.3,Inactive Customers,1,188,46,2,417.3,7.587272727272728
17259.0,147,6,1452.39,Occasional Customers,0,844,179,6,1452.39,6.314739130434783
17260.0,410,1,120.95,Inactive Customers,1,23,6,1,120.95,20.158333333333335
17261.0,509,1,221.59,Inactive Customers,1,95,43,1,221.59,5.153255813953488
17262.0,51,11,2488.76,Occasional Customers,0,635,12,11,2488.76,130.98736842105265
17263.0,207,1,63.440000000000005,Inactive Customers,1,36,23,1,63.440000000000005,2.7582608695652175
17264.0,423,1,268.28,Inactive Customers,1,217,70,1,268.28,3.625405405405405
17265.0,138,2,550.01,Inactive Customers,0,389,106,2,550.01,4.50827868852459
17266.0,1,5,501.71999999999997,Recent Low-Value Customers,0,243,95,5,501.71999999999997,4.216134453781512
17267.0,126,2,317.2,Inactive Customers,0,158,37,2,317.2,8.572972972972973
17268.0,107,11,1733.8899999999999,Occasional Customers,0,1395,26,11,1733.8899999999999,57.79633333333333
17269.0,385,1,491.81,Inactive Customers,1,314,110,1,491.81,3.93448
17270.0,468,2,601.4499999999999,Inactive Customers,1,420,45,2,601.4499999999999,12.530208333333333
17271.0,735,1,204.3,Inactive Customers,1,113,46,1,204.3,4.2562500000000005
17272.0,41,4,2148.63,Occasional Customers,0,1778,70,4,2148.63,18.847631578947368
17273.0,423,1,141.12,Inactive Customers,1,133,12,1,141.12,11.76
17274.0,34,2,573.22,Recent Low-Value Customers,0,271,76,2,573.22,7.444415584415585
17275.0,382,1,114.1,Inactive Customers,1,71,23,1,114.1,4.960869565217391
17276.0,401,1,502.49,Inactive Customers,1,187,50,1,502.49,9.480943396226415
17277.0,227,2,1065.3500000000001,Occasional Customers,1,430,67,2,1065.3500000000001,15.43985507246377
17278.0,240,2,271.24,Inactive Customers,1,195,17,2,271.24,15.955294117647059
17279.0,57,1,187.82999999999998,Inactive Customers,0,48,8,1,187.82999999999998,20.869999999999997
17280.0,437,1,118.85999999999999,Inactive Customers,1,74,6,1,118.85999999999999,19.81
17281.0,373,6,797.8499999999999,Occasional Customers,1,295,2,6,797.8499999999999,132.975
17282.0,129,5,2308.54,Occasional Customers,0,2332,168,5,2308.54,11.316372549019608
17283.0,378,1,188.46,Inactive Customers,1,179,15,1,188.46,12.564
17284.0,59,8,2788.06,Occasional Customers,0,2069,285,8,2788.06,7.474691689008043
17285.0,627,2,407.94,Inactive Customers,1,134,41,2,407.94,9.271363636363636
17286.0,21,3,389.18,Recent Low-Value Customers,0,368,89,3,389.18,4.324222222222223
17287.0,25,21,3826.86,High-Value Loyal Customers,0,1955,279,21,3826.86,8.265356371490281
17288.0,8,11,2468.43,High-Value Loyal Customers,0,1699,233,11,2468.43,8.5709375
17289.0,31,9,2041.8,Occasional Customers,0,1237,202,9,2041.8,7.67593984962406
17290.0,3,8,1487.96,High-Value Loyal Customers,0,1139,184,8,1487.96,7.591632653061224
17291.0,307,1,550.8000000000001,Inactive Customers,1,72,1,1,550.8000000000001,550.8000000000001
17292.0,471,2,271.75,Inactive Customers,1,131,14,2,271.75,18.116666666666667
17293.0,7,17,3750.63,High-Value Loyal Customers,0,2228,148,17,3750.63,15.562780082987553
17294.0,668,2,467.78999999999996,Inactive Customers,1,297,17,2,467.78999999999996,27.51705882352941
17295.0,28,3,547.0,Recent Low-Value Customers,0,293,53,3,547.0,8.044117647058824
17296.0,729,1,338.13,Inactive Customers,1,216,32,1,338.13,10.246363636363636
17297.0,16,1,128.18,Recent Low-Value Customers,0,65,49,1,128.18,2.615918367346939
17298.0,100,5,954.26,Occasional Customers,0,852,61,5,954.26,13.829855072463769
17299.0,11,6,993.23,Recent Low-Value Customers,0,919,96,6,993.23,8.789646017699114
17300.0,390,2,393.64,Inactive Customers,1,467,37,2,393.64,8.946363636363635
17301.0,20,2,294.39,Recent Low-Value Customers,0,216,107,2,294.39,2.605221238938053
17302.0,14,5,1135.63,Recent Low-Value Customers,0,575,68,5,1135.63,14.375063291139242
17303.0,360,1,250.04,Inactive Customers,1,144,53,1,250.04,4.717735849056604
17304.0,533,1,111.5,Inactive Customers,1,73,5,1,111.5,22.3
17305.0,648,1,2135.46,Inactive Customers,1,1006,9,1,2135.46,237.27333333333334
17306.0,10,21,9782.35,High-Value Loyal Customers,0,13747,17,21,9782.35,135.86597222222224
17307.0,394,11,3999.8900000000003,Occasional Customers,1,3667,22,11,3999.8900000000003,83.33104166666668
17308.0,392,2,4511.76,Occasional Customers,1,5148,5,2,4511.76,644.5371428571428
17309.0,94,3,320.39,Inactive Customers,0,181,33,3,320.39,8.899722222222222
17310.0,386,2,1025.1,Inactive Customers,1,402,1,2,1025.1,512.55
17311.0,77,6,3566.56,Occasional Customers,0,2755,124,6,3566.56,28.083149606299212
17312.0,138,3,644.3,Occasional Customers,0,372,11,3,644.3,46.021428571428565
17313.0,30,1,2328.84,Recent Low-Value Customers,0,1402,24,1,2328.84,97.03500000000001
17314.0,24,17,4904.43,High-Value Loyal Customers,0,3663,200,17,4904.43,19.1579296875
17315.0,1,43,9599.58,High-Value Loyal Customers,0,5088,385,43,9599.58,12.850843373493976
17316.0,419,1,124.45,Inactive Customers,1,44,35,1,124.45,3.5557142857142856
17317.0,45,3,2600.34,Occasional Customers,0,1146,8,3,2600.34,288.9266666666667
17318.0,724,1,157.32999999999998,Inactive Customers,1,59,17,1,157.32999999999998,9.25470588235294
17319.0,668,1,29.1,Inactive Customers,1,14,3,1,29.1,9.700000000000001
17320.0,99,6,2444.85,Occasional Customers,0,1182,86,6,2444.85,16.08453947368421
17321.0,7,6,1665.21,Recent Low-Value Customers,0,790,241,6,1665.21,6.144686346863469
17322.0,375,5,922.59,Occasional Customers,1,631,115,5,922.59,5.2123728813559325
17323.0,14,12,1551.04,High-Value Loyal Customers,0,1426,168,12,1551.04,4.685921450151057
17324.0,17,12,2171.07,High-Value Loyal Customers,0,1485,111,12,2171.07,14.972896551724139
17325.0,279,3,609.5699999999999,Inactive Customers,1,465,39,3,609.5699999999999,15.629999999999999
17326.0,407,2,312.35,Inactive Customers,1,136,82,2,312.35,3.631976744186047
17327.0,409,2,152.35,Inactive Customers,1,59,3,2,152.35,38.0875
17328.0,672,1,104.7,Inactive Customers,1,86,6,1,104.7,17.45
17329.0,13,5,998.53,Recent Low-Value Customers,0,430,80,5,998.53,9.60125
17330.0,22,4,423.8,Recent Low-Value Customers,0,122,7,4,423.8,52.975
17331.0,123,1,175.2,Inactive Customers,0,16,1,1,175.2,175.2
17332.0,527,5,838.27,Occasional Customers,1,794,82,5,838.27,8.823894736842105
17333.0,85,1,494.25,Inactive Customers,0,375,28,1,494.25,17.651785714285715
17334.0,301,3,635.15,Inactive Customers,1,566,20,3,635.15,20.488709677419354
17335.0,383,2,497.04,Inactive Customers,1,210,34,2,497.04,13.806666666666667
17336.0,471,1,81.12,Inactive Customers,1,48,1,1,81.12,81.12
17337.0,150,4,1981.06,Occasional Customers,0,1247,421,4,1981.06,3.802418426103647
17338.0,16,17,11889.33,High-Value Loyal Customers,0,5780,590,17,11889.33,9.110597701149425
17339.0,93,3,302.36,Inactive Customers,0,172,10,3,302.36,30.236
17340.0,29,18,19617.95,High-Value Loyal Customers,0,9497,322,18,19617.95,28.935029498525076
17341.0,156,5,1272.21,Occasional Customers,0,831,200,5,1272.21,5.809178082191781
17342.0,379,4,1227.54,Occasional Customers,1,521,31,4,1227.54,35.07257142857143
17343.0,354,6,1259.94,Occasional Customers,1,454,61,6,1259.94,15.74925
17344.0,45,2,457.36,Recent Low-Value Customers,0,200,64,2,457.36,6.826268656716418
17345.0,14,10,1586.6299999999999,High-Value Loyal Customers,0,2008,174,10,1586.6299999999999,7.591531100478468
17346.0,3,26,4998.61,High-Value Loyal Customers,0,3439,517,26,4998.61,5.415612134344529
17347.0,85,1,228.96,Inactive Customers,0,216,1,1,228.96,228.96
17348.0,14,9,2442.29,High-Value Loyal Customers,0,2766,326,9,2442.29,5.513069977426636
17349.0,178,5,772.41,Occasional Customers,0,772,74,5,772.41,9.087176470588235
17350.0,7,7,1893.701,High-Value Loyal Customers,0,1178,124,7,1893.701,13.242664335664335
17351.0,35,12,1988.23,High-Value Loyal Customers,0,383,45,12,1988.23,28.814927536231885
17352.0,695,1,36.25,Inactive Customers,1,15,5,1,36.25,7.25
17353.0,128,4,3242.0,Occasional Customers,0,2168,7,4,3242.0,231.57142857142858
17354.0,50,4,3133.96,Occasional Customers,0,2531,85,4,3133.96,31.02930693069307
17355.0,385,1,273.31,Inactive Customers,1,249,28,1,273.31,8.282121212121211
17356.0,311,5,946.47,Occasional Customers,1,925,73,5,946.47,11.00546511627907
17357.0,23,2,384.39,Recent Low-Value Customers,0,152,41,2,384.39,8.736136363636364
17358.0,302,5,861.01,Occasional Customers,1,430,126,5,861.01,5.8973287671232875
17359.0,10,2,284.46,Recent Low-Value Customers,0,237,36,2,284.46,7.48578947368421
17360.0,16,6,1200.51,Recent Low-Value Customers,0,624,189,6,1200.51,5.242401746724891
17361.0,48,5,871.79,Occasional Customers,0,380,51,5,871.79,15.294561403508771
17362.0,238,7,1024.04,Occasional Customers,1,549,99,7,1024.04,7.1113888888888885
17363.0,394,3,920.46,Occasional Customers,1,499,34,3,920.46,26.298857142857145
17364.0,0,28,11972.92,High-Value Loyal Customers,0,7464,513,28,11972.92,13.244380530973451
17365.0,12,15,8184.49,High-Value Loyal Customers,0,8015,395,15,8184.49,10.307921914357681
17366.0,431,2,1077.24,Inactive Customers,1,504,120,2,1077.24,8.22320610687023
17367.0,237,1,167.55,Inactive Customers,1,149,33,1,167.55,5.077272727272728
17368.0,22,14,2758.29,High-Value Loyal Customers,0,2319,195,14,2758.29,12.204823008849557
17369.0,455,1,979.1999999999999,Inactive Customers,1,1152,1,1,979.1999999999999,979.1999999999999
17370.0,72,4,446.18,Recent Low-Value Customers,0,540,31,4,446.18,13.520606060606061
17371.0,16,6,655.37,Recent Low-Value Customers,0,281,135,6,655.37,4.551180555555556
17372.0,40,28,4347.31,High-Value Loyal Customers,0,1863,412,28,4347.31,6.708811728395062
17373.0,39,7,1167.5,Occasional Customers,0,738,65,7,1167.5,12.82967032967033
17374.0,218,3,727.11,Occasional Customers,1,155,34,3,727.11,17.312142857142856
17375.0,198,4,660.55,Occasional Customers,1,480,77,4,660.55,7.6808139534883715
17376.0,70,4,453.64,Recent Low-Value Customers,0,244,41,4,453.64,8.248
17377.0,23,78,17644.27,High-Value Loyal Customers,0,7335,505,78,17644.27,10.306232476635515
17378.0,373,1,10.95,Inactive Customers,1,1,1,1,10.95,10.95
17379.0,10,1,389.71999999999997,Recent Low-Value Customers,0,623,71,1,389.71999999999997,4.996410256410256
17380.0,433,3,645.0,Inactive Customers,1,252,5,3,645.0,64.5
17381.0,8,38,36398.65,High-Value Loyal Customers,0,42879,50,38,36398.65,223.30460122699387
17382.0,64,8,902.28,Occasional Customers,0,457,16,8,902.28,50.126666666666665
17383.0,3,2,304.09,Recent Low-Value Customers,0,160,51,2,304.09,5.962549019607843
17384.0,18,3,507.55,Recent Low-Value Customers,0,121,15,3,507.55,25.3775
17385.0,14,1,256.11,Recent Low-Value Customers,0,197,42,1,256.11,5.691333333333334
17386.0,7,7,2812.77,High-Value Loyal Customers,0,1955,32,7,2812.77,74.02026315789473
17387.0,19,2,746.81,Recent Low-Value Customers,0,522,71,2,746.81,9.826447368421052
17388.0,77,11,2675.37,Occasional Customers,0,2555,41,11,2675.37,48.64309090909091
17389.0,0,61,57215.33,High-Value Loyal Customers,0,17880,63,61,57215.33,133.3690675990676
17390.0,420,1,149.3,Inactive Customers,1,49,12,1,149.3,12.441666666666668
17391.0,163,2,508.8,Inactive Customers,0,480,2,2,508.8,169.6
17392.0,306,3,585.92,Inactive Customers,1,450,66,3,585.92,8.370285714285714
17393.0,410,2,381.15,Inactive Customers,1,238,45,2,381.15,7.940625
17394.0,218,1,203.86999999999998,Inactive Customers,1,241,4,1,203.86999999999998,50.967499999999994
17395.0,507,1,97.5,Inactive Customers,1,66,3,1,97.5,32.5
17396.0,38,14,8409.6,High-Value Loyal Customers,0,2313,29,14,8409.6,178.9276595744681
17397.0,21,3,1198.28,Recent Low-Value Customers,0,691,132,3,1198.28,8.942388059701493
17398.0,114,3,653.38,Occasional Customers,0,310,30,3,653.38,17.19421052631579
17400.0,125,8,4623.28,Occasional Customers,0,2185,345,8,4623.28,9.85773987206823
17401.0,540,1,114.85,Inactive Customers,1,34,11,1,114.85,9.570833333333333
17402.0,4,23,4635.5599999999995,High-Value Loyal Customers,0,1450,105,23,4635.5599999999995,26.042471910112358
17403.0,35,2,382.87,Recent Low-Value Customers,0,188,45,2,382.87,8.508222222222223
17404.0,3,23,47781.12,High-Value Loyal Customers,0,50679,126,23,47781.12,163.63397260273973
17405.0,0,3,1031.41,Recent Low-Value Customers,0,726,77,3,1031.41,12.578170731707319
17406.0,332,13,4186.95,Occasional Customers,1,1847,155,13,4186.95,17.5922268907563
17407.0,411,1,552.9,Inactive Customers,1,426,23,1,552.9,24.039130434782606
17408.0,162,3,316.09000000000003,Inactive Customers,0,163,7,3,316.09000000000003,39.511250000000004
17409.0,184,10,7793.51,Occasional Customers,1,4089,50,10,7793.51,74.93759615384616
17410.0,15,5,1214.72,Recent Low-Value Customers,0,616,57,5,1214.72,18.98
17411.0,11,5,1425.38,Recent Low-Value Customers,0,608,69,5,1425.38,19.005066666666668
17412.0,2,16,4220.22,High-Value Loyal Customers,0,2554,161,16,4220.22,18.509736842105266
17413.0,404,2,560.14,Inactive Customers,1,302,10,2,560.14,56.013999999999996
17414.0,43,6,2249.52,Occasional Customers,0,6256,6,6,2249.52,107.12
17415.0,79,1,507.84,Inactive Customers,0,114,14,1,507.84,36.27428571428571
17416.0,29,22,17298.45,High-Value Loyal Customers,0,8769,324,22,17298.45,28.97562814070352
17417.0,548,1,164.18,Inactive Customers,1,76,16,1,164.18,10.26125
17418.0,41,3,670.0600000000001,Recent Low-Value Customers,0,521,40,3,670.0600000000001,15.953809523809525
17419.0,10,18,6126.25,High-Value Loyal Customers,0,2884,203,18,6126.25,20.48913043478261
17420.0,49,6,953.58,Occasional Customers,0,446,43,6,953.58,19.0716
17421.0,385,3,1059.41,Occasional Customers,1,807,46,3,1059.41,18.265689655172416
17422.0,15,11,3594.76,High-Value Loyal Customers,0,3538,149,11,3594.76,17.535414634146342
17423.0,45,3,1118.95,Recent Low-Value Customers,0,790,39,3,1118.95,26.022093023255817
17425.0,18,2,759.17,Recent Low-Value Customers,0,407,42,2,759.17,17.655116279069766
17426.0,7,13,8077.77,High-Value Loyal Customers,0,5187,248,13,8077.77,18.917494145199065
17427.0,71,1,100.8,Inactive Customers,0,34,2,1,100.8,50.4
17428.0,0,45,31466.760000000002,High-Value Loyal Customers,0,17356,422,45,31466.760000000002,43.703833333333336
17429.0,127,5,1357.46,Occasional Customers,0,1286,80,5,1357.46,14.289052631578947
17430.0,32,4,622.57,Recent Low-Value Customers,0,455,30,4,622.57,16.826216216216217
17431.0,312,1,403.3,Inactive Customers,1,292,41,1,403.3,9.37906976744186
17432.0,17,9,1728.99,High-Value Loyal Customers,0,1008,213,9,1728.99,6.310182481751825
17433.0,87,2,569.96,Recent Low-Value Customers,0,305,81,2,569.96,6.128602150537635
17434.0,1,7,2373.82,High-Value Loyal Customers,0,1693,100,7,2373.82,17.715074626865672
17435.0,410,1,331.35,Inactive Customers,1,195,15,1,331.35,22.09
17436.0,1,5,534.06,Recent Low-Value Customers,0,178,8,5,534.06,31.415294117647054
17437.0,529,1,369.68,Inactive Customers,1,283,52,1,369.68,7.109230769230769
17438.0,253,5,1422.77,Occasional Customers,1,553,49,5,1422.77,20.03901408450704
17439.0,655,1,325.74,Inactive Customers,1,370,8,1,325.74,40.7175
17440.0,156,4,323.58,Inactive Customers,0,282,4,4,323.58,53.93
17441.0,731,1,293.35,Inactive Customers,1,245,21,1,293.35,13.96904761904762
17442.0,36,15,4620.3,High-Value Loyal Customers,0,3134,188,15,4620.3,16.326148409893992
17443.0,219,1,534.24,Inactive Customers,1,504,1,1,534.24,534.24
17444.0,147,3,2940.04,Occasional Customers,0,2119,132,3,2940.04,21.778074074074073
17446.0,176,2,120.9,Inactive Customers,0,198,6,2,120.9,13.433333333333334
17447.0,39,2,541.53,Recent Low-Value Customers,0,443,33,2,541.53,15.042499999999999
17448.0,496,46,14523.67,High-Value Loyal Customers,1,11534,569,46,14523.67,13.025713004484304
17449.0,1,13,4868.15,High-Value Loyal Customers,0,2483,292,13,4868.15,8.335873287671232
17450.0,7,51,244784.25,High-Value Loyal Customers,0,83914,144,51,244784.25,582.8196428571429
17451.0,0,7,1721.4,High-Value Loyal Customers,0,1203,83,7,1721.4,17.214000000000002
17453.0,17,2,486.71999999999997,Recent Low-Value Customers,0,219,19,2,486.71999999999997,25.616842105263157
17454.0,191,10,1547.94,Occasional Customers,1,727,98,10,1547.94,12.285238095238096
17455.0,203,1,131.7,Inactive Customers,1,66,8,1,131.7,16.4625
17456.0,364,2,975.5600000000001,Inactive Customers,1,508,59,2,975.5600000000001,16.259333333333334
17457.0,126,14,5984.8099999999995,High-Value Loyal Customers,0,2695,30,14,5984.8099999999995,93.51265624999999
17458.0,14,2,529.58,Recent Low-Value Customers,0,282,81,2,529.58,6.1579069767441865
17459.0,42,2,657.3,Recent Low-Value Customers,0,537,88,2,657.3,5.921621621621621
17460.0,93,16,2157.9700000000003,Occasional Customers,0,954,93,16,2157.9700000000003,15.75160583941606
17461.0,22,3,735.82,Recent Low-Value Customers,0,770,104,3,735.82,6.941698113207548
17462.0,59,2,675.69,Recent Low-Value Customers,0,227,25,2,675.69,25.025555555555556
17463.0,15,7,2535.26,High-Value Loyal Customers,0,1480,234,7,2535.26,8.022974683544305
17464.0,157,3,907.14,Occasional Customers,0,608,35,3,907.14,23.259999999999998
17465.0,425,7,2542.79,Occasional Customers,1,1477,103,7,2542.79,17.906971830985917
17466.0,9,2,763.28,Recent Low-Value Customers,0,306,41,2,763.28,18.61658536585366
17467.0,394,1,102.6,Inactive Customers,1,20,4,1,102.6,25.65
17468.0,9,3,194.8,Recent Low-Value Customers,0,184,8,3,194.8,24.35
17469.0,15,17,5051.25,High-Value Loyal Customers,0,2304,165,17,5051.25,18.918539325842698
17470.0,44,11,2626.47,High-Value Loyal Customers,0,2731,111,11,2626.47,16.944967741935482
17471.0,474,1,321.65000000000003,Inactive Customers,1,153,19,1,321.65000000000003,16.928947368421053
17472.0,190,4,922.35,Occasional Customers,1,551,183,4,922.35,4.13609865470852
17473.0,408,2,607.0,Inactive Customers,1,270,33,2,607.0,17.852941176470587
17474.0,599,1,1047.0,Inactive Customers,1,200,6,1,1047.0,174.5
17475.0,78,1,194.37,Inactive Customers,0,178,14,1,194.37,13.883571428571429
17476.0,395,2,489.86,Inactive Customers,1,224,29,2,489.86,15.801935483870968
17477.0,612,2,1144.3,Inactive Customers,1,225,44,2,1144.3,26.00681818181818
17478.0,407,2,1272.8,Occasional Customers,1,516,40,2,1272.8,31.82
17479.0,632,1,389.26000000000005,Inactive Customers,1,266,18,1,389.26000000000005,21.625555555555557
17480.0,77,2,882.23,Recent Low-Value Customers,0,581,50,2,882.23,16.645849056603772
17481.0,3,4,1255.59,Recent Low-Value Customers,0,1061,69,4,1255.59,15.312073170731706
17482.0,486,2,775.64,Inactive Customers,1,240,50,2,775.64,14.634716981132076
17483.0,64,4,591.73,Recent Low-Value Customers,0,265,23,4,591.73,21.133214285714285
17484.0,575,2,209.57,Inactive Customers,1,339,14,2,209.57,14.969285714285714
17486.0,260,1,396.87,Inactive Customers,1,191,24,1,396.87,16.53625
17487.0,727,1,160.55,Inactive Customers,1,37,8,1,160.55,20.06875
17488.0,640,1,336.5,Inactive Customers,1,136,18,1,336.5,18.694444444444443
17489.0,58,2,376.64,Recent Low-Value Customers,0,428,28,2,376.64,12.987586206896552
17490.0,0,9,2750.5,High-Value Loyal Customers,0,1531,93,9,2750.5,23.711206896551722
17491.0,0,17,5653.67,High-Value Loyal Customers,0,3362,105,17,5653.67,31.941638418079098
17492.0,247,3,1122.42,Occasional Customers,1,450,32,3,1122.42,28.78
17493.0,384,1,100.91000000000001,Inactive Customers,1,62,8,1,100.91000000000001,12.613750000000001
17494.0,501,1,54.699999999999996,Inactive Customers,1,26,3,1,54.699999999999996,18.23333333333333
17495.0,7,3,806.72,Recent Low-Value Customers,0,367,38,3,806.72,16.80666666666667
17496.0,358,4,1412.89,Occasional Customers,1,675,54,4,1412.89,19.623472222222222
17497.0,389,2,287.25,Inactive Customers,1,59,7,2,287.25,41.035714285714285
17498.0,75,1,272.22,Inactive Customers,0,394,17,1,272.22,16.01294117647059
17499.0,289,2,1341.39,Occasional Customers,1,1086,66,2,1341.39,18.89281690140845
17500.0,16,3,1138.0,Recent Low-Value Customers,0,17,3,3,1138.0,227.6
17501.0,220,2,288.6,Inactive Customers,1,160,18,2,288.6,16.033333333333335
17502.0,8,4,689.1,Recent Low-Value Customers,0,376,25,4,689.1,24.610714285714288
17503.0,2,2,558.96,Recent Low-Value Customers,0,486,36,2,558.96,14.709473684210527
17504.0,205,18,9490.17,High-Value Loyal Customers,1,5420,244,18,9490.17,27.7490350877193
17505.0,161,5,2435.48,Occasional Customers,0,1242,83,5,2435.48,23.877254901960786
17506.0,75,1,302.2,Inactive Customers,0,139,14,1,302.2,21.585714285714285
17507.0,261,2,605.58,Inactive Customers,1,359,79,2,605.58,6.881590909090909
17508.0,280,8,4579.23,Occasional Customers,1,2891,199,8,4579.23,19.823506493506493
17509.0,57,8,6083.64,Occasional Customers,0,3512,75,8,6083.64,16.713296703296706
17510.0,24,2,514.56,Recent Low-Value Customers,0,422,28,2,514.56,14.701714285714283
17511.0,2,60,172132.87,High-Value Loyal Customers,0,117174,657,60,172132.87,92.14821734475375
17512.0,28,18,5467.820000000001,High-Value Loyal Customers,0,5434,102,18,5467.820000000001,27.75543147208122
17513.0,71,3,1158.8,Occasional Customers,0,440,18,3,1158.8,64.37777777777778
17514.0,127,2,522.0,Inactive Customers,0,284,72,2,522.0,6.289156626506024
17515.0,30,9,1602.51,Occasional Customers,0,527,91,9,1602.51,8.952569832402235
17516.0,14,6,947.5,Recent Low-Value Customers,0,522,150,6,947.5,4.960732984293194
17517.0,308,1,153.94,Inactive Customers,1,102,11,1,153.94,13.994545454545454
17518.0,425,2,329.42,Inactive Customers,1,267,71,2,329.42,4.278181818181818
17519.0,16,15,4774.17,High-Value Loyal Customers,0,3230,142,15,4774.17,23.40279411764706
17520.0,53,1,546.81,Recent Low-Value Customers,0,365,30,1,546.81,18.226999999999997
17521.0,29,5,1278.06,Recent Low-Value Customers,0,806,65,5,1278.06,16.385384615384616
17522.0,1,5,1070.71,Recent Low-Value Customers,0,1034,59,5,1070.71,14.667260273972603
17523.0,10,4,652.74,Recent Low-Value Customers,0,872,25,4,652.74,19.78
17524.0,360,3,539.14,Inactive Customers,1,362,37,3,539.14,12.53813953488372
17525.0,359,3,1161.9,Occasional Customers,1,338,19,3,1161.9,44.68846153846154
17526.0,4,12,3939.24,High-Value Loyal Customers,0,1442,67,12,3939.24,42.81782608695652
17527.0,53,4,939.37,Recent Low-Value Customers,0,488,45,4,939.37,19.98659574468085
17528.0,0,8,3628.5,High-Value Loyal Customers,0,2138,183,8,3628.5,14.34189723320158
17529.0,609,2,1240.25,Inactive Customers,1,790,78,2,1240.25,15.125
17530.0,0,12,2791.69,High-Value Loyal Customers,0,1741,359,12,2791.69,5.852599580712789
17531.0,189,3,1266.82,Occasional Customers,1,472,54,3,1266.82,21.841724137931035
17532.0,385,1,65.34,Inactive Customers,1,30,4,1,65.34,16.335
17533.0,434,1,34.8,Inactive Customers,1,24,1,1,34.8,34.8
17534.0,53,5,1668.83,Occasional Customers,0,860,76,5,1668.83,18.13945652173913
17535.0,279,1,164.4,Inactive Customers,1,136,13,1,164.4,12.646153846153847
17536.0,176,3,364.83,Inactive Customers,0,201,16,3,364.83,22.801875
17537.0,29,2,887.67,Recent Low-Value Customers,0,699,74,2,887.67,11.99554054054054
17538.0,25,1,98.42,Recent Low-Value Customers,0,134,9,1,98.42,10.935555555555556
17539.0,617,4,1176.84,Occasional Customers,1,708,132,4,1176.84,8.1725
17540.0,24,6,1590.6000000000001,Recent Low-Value Customers,0,588,41,6,1590.6000000000001,24.853125000000002
17541.0,509,1,119.86,Inactive Customers,1,44,31,1,119.86,3.8664516129032256
17542.0,269,3,340.85,Inactive Customers,1,323,57,3,340.85,5.32578125
17543.0,549,1,120.05,Inactive Customers,1,62,13,1,120.05,9.234615384615385
17544.0,389,3,944.82,Occasional Customers,1,410,80,3,944.82,10.736590909090909
17545.0,42,6,1409.8600000000001,Occasional Customers,0,682,204,6,1409.8600000000001,5.422538461538462
17547.0,375,2,727.85,Inactive Customers,1,223,22,2,727.85,23.479032258064517
17548.0,233,4,731.26,Occasional Customers,1,494,22,4,731.26,21.50764705882353
17549.0,23,2,148.86,Recent Low-Value Customers,0,210,5,2,148.86,24.810000000000002
17550.0,196,9,2506.64,Occasional Customers,1,968,250,9,2506.64,7.808847352024921
17551.0,358,1,290.34,Inactive Customers,1,142,39,1,290.34,7.444615384615384
17552.0,59,12,2786.77,High-Value Loyal Customers,0,1951,78,12,2786.77,19.487902097902097
17553.0,129,4,3757.6,Occasional Customers,0,2288,2,4,3757.6,626.2666666666667
17554.0,0,5,1952.45,Recent Low-Value Customers,0,1763,58,5,1952.45,22.18693181818182
17555.0,19,5,1045.74,Recent Low-Value Customers,0,739,220,5,1045.74,3.9611363636363635
17556.0,205,2,300.67,Inactive Customers,1,184,13,2,300.67,21.476428571428574
17557.0,13,4,575.46,Recent Low-Value Customers,0,310,28,4,575.46,16.441714285714287
17558.0,392,1,259.17,Inactive Customers,1,54,28,1,259.17,9.25607142857143
17559.0,512,1,167.62,Inactive Customers,1,270,12,1,167.62,13.968333333333334
17560.0,94,8,1895.8,Occasional Customers,0,1588,37,8,1895.8,34.46909090909091
17561.0,18,4,703.02,Recent Low-Value Customers,0,381,163,4,703.02,3.6807329842931935
17562.0,13,7,1122.38,Recent Low-Value Customers,0,817,48,7,1122.38,17.81555555555556
17563.0,577,2,392.38,Inactive Customers,1,256,27,2,392.38,13.530344827586207
17564.0,23,3,454.01,Recent Low-Value Customers,0,146,38,3,454.01,9.265510204081632
17565.0,586,1,131.83,Inactive Customers,1,67,30,1,131.83,4.394333333333334
17566.0,7,2,869.77,Recent Low-Value Customers,0,497,113,2,869.77,6.125140845070423
17567.0,6,9,4838.08,High-Value Loyal Customers,0,2908,128,9,4838.08,24.68408163265306
17568.0,632,1,374.45,Inactive Customers,1,275,61,1,374.45,6.039516129032258
17569.0,331,1,344.14,Inactive Customers,1,159,29,1,344.14,11.866896551724137
17570.0,381,1,100.0,Inactive Customers,1,1,1,1,100.0,100.0
17571.0,49,5,1630.91,Occasional Customers,0,991,290,5,1630.91,5.018184615384616
17572.0,70,10,652.21,Occasional Customers,0,327,14,10,652.21,20.3815625
17573.0,28,3,380.6,Recent Low-Value Customers,0,308,24,3,380.6,15.224
17574.0,242,1,185.65,Inactive Customers,1,77,8,1,185.65,23.20625
17575.0,666,1,171.7,Inactive Customers,1,72,5,1,171.7,34.339999999999996
17576.0,7,41,8711.95,High-Value Loyal Customers,0,4583,417,41,8711.95,9.799718785151857
17577.0,644,2,348.75,Inactive Customers,1,179,20,2,348.75,16.607142857142858
17578.0,217,7,1047.33,Occasional Customers,1,529,57,7,1047.33,16.11276923076923
17579.0,4,4,753.28,Recent Low-Value Customers,0,375,89,4,753.28,8.013617021276595
17580.0,252,5,541.02,Occasional Customers,1,223,78,5,541.02,5.755531914893617
17581.0,0,43,17951.17,High-Value Loyal Customers,0,9519,387,43,17951.17,22.13461159062885
17582.0,235,5,1446.95,Occasional Customers,1,603,92,5,1446.95,11.860245901639345
17583.0,559,1,135.95,Inactive Customers,1,55,7,1,135.95,19.42142857142857
17584.0,6,6,5309.42,High-Value Loyal Customers,0,2464,85,6,5309.42,42.817903225806454
17585.0,108,7,2064.71,Occasional Customers,0,2510,295,7,2064.71,5.376848958333333
17586.0,618,1,167.4,Inactive Customers,1,68,8,1,167.4,20.925
17587.0,627,1,176.71,Inactive Customers,1,67,42,1,176.71,4.207380952380952
17588.0,99,7,2939.55,Occasional Customers,0,1379,35,7,2939.55,41.40211267605634
17589.0,59,18,13837.94,High-Value Loyal Customers,0,8704,601,18,13837.94,10.628218125960062
17590.0,1,3,1468.02,Recent Low-Value Customers,0,822,162,3,1468.02,7.489897959183673
17591.0,72,8,2339.32,Occasional Customers,0,1028,93,8,2339.32,13.29159090909091
17592.0,738,1,148.3,Inactive Customers,1,38,13,1,148.3,11.407692307692308
17593.0,3,11,8092.32,High-Value Loyal Customers,0,5595,311,11,8092.32,19.83411764705882
17594.0,84,4,2497.88,Occasional Customers,0,1368,70,4,2497.88,24.018076923076926
17595.0,11,2,386.69,Recent Low-Value Customers,0,228,68,2,386.69,4.715731707317073
17596.0,22,13,4491.46,High-Value Loyal Customers,0,7010,274,13,4491.46,9.241687242798355
17597.0,213,5,3484.09,Occasional Customers,1,2215,109,5,3484.09,27.219453125
17598.0,380,1,409.98,Inactive Customers,1,126,10,1,409.98,40.998000000000005
17599.0,477,1,52.05,Inactive Customers,1,11,3,1,52.05,17.349999999999998
17600.0,17,1,161.67000000000002,Recent Low-Value Customers,0,144,13,1,161.67000000000002,12.436153846153847
17601.0,238,2,413.08,Inactive Customers,1,295,69,2,413.08,5.737222222222222
17602.0,1,14,7354.43,High-Value Loyal Customers,0,5880,450,14,7354.43,8.09068206820682
17603.0,77,4,1788.38,Occasional Customers,0,638,104,4,1788.38,16.871509433962267
17604.0,216,6,942.38,Occasional Customers,1,614,142,6,942.38,4.530673076923077
17605.0,589,1,160.75,Inactive Customers,1,71,13,1,160.75,12.365384615384615
17606.0,736,1,87.30000000000001,Inactive Customers,1,42,6,1,87.30000000000001,14.550000000000002
17607.0,375,1,333.81,Inactive Customers,1,269,22,1,333.81,15.173181818181819
17608.0,32,4,488.06,Recent Low-Value Customers,0,528,134,4,488.06,3.069559748427673
17609.0,40,11,1887.8999999999999,Occasional Customers,0,1321,317,11,1887.8999999999999,4.903636363636363
17610.0,539,5,1511.94,Occasional Customers,1,893,114,5,1511.94,9.817792207792207
17611.0,6,28,8337.53,High-Value Loyal Customers,0,5341,722,28,8337.53,7.497778776978418
17612.0,52,18,5394.86,High-Value Loyal Customers,0,3521,213,18,5394.86,15.867235294117647
17613.0,22,14,4544.55,High-Value Loyal Customers,0,2490,211,14,4544.55,14.851470588235294
17614.0,56,1,386.32,Recent Low-Value Customers,0,235,97,1,386.32,3.9420408163265304
17615.0,129,6,721.8,Occasional Customers,0,378,47,6,721.8,12.889285714285714
17616.0,173,4,734.4,Occasional Customers,0,288,1,4,734.4,183.6
17617.0,558,1,385.19,Inactive Customers,1,249,18,1,385.19,21.399444444444445
17618.0,5,11,4001.64,High-Value Loyal Customers,0,1798,202,11,4001.64,11.2090756302521
17619.0,311,1,214.37,Inactive Customers,1,124,71,1,214.37,2.896891891891892
17620.0,59,1,81.44,Inactive Customers,0,60,4,1,81.44,20.36
17621.0,20,6,3175.12,High-Value Loyal Customers,0,1110,61,6,3175.12,48.10787878787879
17622.0,597,2,1130.21,Inactive Customers,1,379,19,2,1130.21,29.742368421052632
17623.0,32,7,2365.77,Occasional Customers,0,799,130,7,2365.77,12.194690721649485
17624.0,14,4,1568.63,Recent Low-Value Customers,0,958,91,4,1568.63,16.171443298969074
17625.0,17,8,5978.9,High-Value Loyal Customers,0,3505,429,8,5978.9,8.753879941434846
17626.0,602,1,254.0,Inactive Customers,1,202,18,1,254.0,14.11111111111111
17627.0,478,1,296.36,Inactive Customers,1,676,10,1,296.36,29.636000000000003
17628.0,80,1,75.75,Inactive Customers,0,79,5,1,75.75,15.15
17629.0,5,10,2455.52,High-Value Loyal Customers,0,1903,129,10,2455.52,15.740512820512821
17630.0,169,2,503.59999999999997,Inactive Customers,0,158,24,2,503.59999999999997,19.369230769230768
17631.0,1,7,998.49,Recent Low-Value Customers,0,591,66,7,998.49,14.470869565217392
17633.0,30,7,2057.39,Occasional Customers,0,899,84,7,2057.39,20.37019801980198
17634.0,35,9,2358.59,Occasional Customers,0,838,209,9,2358.59,7.96820945945946
17635.0,423,3,1265.58,Occasional Customers,1,770,60,3,1265.58,17.10243243243243
17636.0,18,1,285.56,Recent Low-Value Customers,0,182,20,1,285.56,14.278
17637.0,30,2,547.0600000000001,Recent Low-Value Customers,0,280,35,2,547.0600000000001,15.630285714285716
17638.0,646,2,842.4,Inactive Customers,1,432,2,2,842.4,280.8
17639.0,275,6,615.17,Occasional Customers,1,576,59,6,615.17,7.7869620253164555
17640.0,86,6,3168.94,Occasional Customers,0,1692,48,6,3168.94,48.014242424242425
17642.0,119,5,1824.49,Occasional Customers,0,1475,88,5,1824.49,16.893425925925925
17643.0,372,2,439.7,Inactive Customers,1,226,30,2,439.7,14.183870967741935
17644.0,0,20,6028.6,High-Value Loyal Customers,0,3469,160,20,6028.6,18.436085626911318
17646.0,218,12,3898.79,Occasional Customers,1,1308,124,12,3898.79,19.891785714285714
17647.0,64,3,331.65999999999997,Recent Low-Value Customers,0,82,12,3,331.65999999999997,27.638333333333332
17648.0,60,5,2216.37,Occasional Customers,0,954,114,5,2216.37,17.73096
17649.0,137,3,1578.89,Occasional Customers,0,723,88,3,1578.89,16.111122448979593
17650.0,20,1,166.08,Recent Low-Value Customers,0,150,8,1,166.08,20.76
17651.0,11,16,5703.52,High-Value Loyal Customers,0,4086,198,16,5703.52,17.179277108433737
17652.0,24,12,4867.72,High-Value Loyal Customers,0,2509,118,12,4867.72,18.794285714285714
17653.0,36,4,1207.56,Recent Low-Value Customers,0,1409,44,4,1207.56,27.44454545454545
17654.0,276,1,117.55,Inactive Customers,1,41,22,1,117.55,5.343181818181818
17655.0,10,9,2976.38,High-Value Loyal Customers,0,1268,75,9,2976.38,26.814234234234235
17656.0,72,5,1674.69,Occasional Customers,0,1399,67,5,1674.69,20.423048780487804
17657.0,429,1,126.0,Inactive Customers,1,60,7,1,126.0,18.0
17658.0,25,2,595.42,Recent Low-Value Customers,0,616,17,2,595.42,31.337894736842102
17659.0,16,14,3586.9900000000002,High-Value Loyal Customers,0,1752,150,14,3586.9900000000002,18.682239583333335
17660.0,140,2,342.22,Inactive Customers,0,259,75,2,342.22,4.173414634146342
17662.0,661,2,412.92,Inactive Customers,1,184,14,2,412.92,27.528000000000002
17663.0,25,17,5175.83,High-Value Loyal Customers,0,2297,153,17,5175.83,21.74718487394958
17664.0,18,4,1166.23,Recent Low-Value Customers,0,1058,68,4,1166.23,14.577875
17665.0,492,1,563.1,Inactive Customers,1,690,19,1,563.1,29.63684210526316
17666.0,3,5,2047.8,Recent Low-Value Customers,0,1552,30,5,2047.8,46.54090909090909
17667.0,65,9,3950.7,Occasional Customers,0,2192,140,9,3950.7,17.17695652173913
17668.0,0,2,347.75,Recent Low-Value Customers,0,93,14,2,347.75,23.183333333333334
17669.0,42,10,6142.35,High-Value Loyal Customers,0,3505,85,10,6142.35,42.655208333333334
17670.0,227,1,205.7,Inactive Customers,1,110,11,1,205.7,18.7
17671.0,15,5,2009.16,Recent Low-Value Customers,0,987,54,5,2009.16,26.788800000000002
17672.0,49,7,5778.63,Occasional Customers,0,2758,179,7,5778.63,28.051601941747574
17673.0,1,13,4173.88,High-Value Loyal Customers,0,3284,195,13,4173.88,8.232504930966469
17674.0,73,2,551.04,Recent Low-Value Customers,0,672,19,2,551.04,20.40888888888889
17675.0,0,70,37642.48,High-Value Loyal Customers,0,16180,345,70,37642.48,33.72982078853047
17676.0,3,10,2448.64,High-Value Loyal Customers,0,1764,85,10,2448.64,16.544864864864863
17677.0,1,54,35058.46,High-Value Loyal Customers,0,20921,346,54,35058.46,51.18023357664234
17678.0,263,2,599.76,Inactive Customers,1,368,27,2,599.76,21.419999999999998
17679.0,52,7,3577.61,Occasional Customers,0,1755,70,7,3577.61,44.16802469135803
17680.0,23,3,497.45,Recent Low-Value Customers,0,155,20,3,497.45,24.8725
17681.0,596,5,731.2,Occasional Customers,1,450,12,5,731.2,52.228571428571435
17682.0,9,11,4065.28,High-Value Loyal Customers,0,2281,85,11,4065.28,18.478545454545454
17683.0,385,3,819.01,Occasional Customers,1,781,41,3,819.01,17.804565217391303
17684.0,43,1,239.41,Recent Low-Value Customers,0,145,15,1,239.41,15.960666666666667
17685.0,16,12,5454.95,High-Value Loyal Customers,0,3474,124,12,5454.95,27.550252525252525
17686.0,6,9,8296.81,High-Value Loyal Customers,0,3583,283,9,8296.81,19.339883449883448
17687.0,420,1,432.68,Inactive Customers,1,210,26,1,432.68,16.641538461538463
17688.0,393,1,304.2,Inactive Customers,1,114,19,1,304.2,16.010526315789473
17689.0,387,2,317.08,Inactive Customers,1,300,17,2,317.08,14.412727272727272
17690.0,29,20,6963.8,High-Value Loyal Customers,0,2939,237,20,6963.8,19.34388888888889
17691.0,357,4,637.5500000000001,Occasional Customers,1,315,37,4,637.5500000000001,14.826744186046513
17692.0,126,12,2975.8,Occasional Customers,0,2338,90,12,2975.8,18.36913580246914
17693.0,136,1,200.47,Inactive Customers,0,231,16,1,200.47,12.529375
17694.0,141,3,1695.97,Occasional Customers,0,1493,54,3,1695.97,20.937901234567903
17695.0,131,5,1746.04,Occasional Customers,0,1809,46,5,1746.04,28.623606557377048
17696.0,37,27,7679.59,High-Value Loyal Customers,0,5891,191,27,7679.59,21.039972602739727
17697.0,235,1,338.95,Inactive Customers,1,93,19,1,338.95,17.839473684210525
17698.0,260,1,154.95,Inactive Customers,1,93,8,1,154.95,19.36875
17699.0,476,2,442.0,Inactive Customers,1,208,17,2,442.0,23.263157894736842
17700.0,16,14,6679.97,High-Value Loyal Customers,0,3469,259,14,6679.97,18.555472222222225
17701.0,252,1,417.95,Inactive Customers,1,109,24,1,417.95,17.414583333333333
17702.0,29,6,3144.04,Occasional Customers,0,2153,120,6,3144.04,20.549281045751634
17703.0,34,4,1094.84,Recent Low-Value Customers,0,897,63,4,1094.84,14.036410256410255
17704.0,168,2,885.19,Occasional Customers,0,343,27,2,885.19,28.554516129032258
17705.0,2,11,2083.9,High-Value Loyal Customers,0,1301,74,11,2083.9,17.365833333333335
17706.0,3,31,20272.15,High-Value Loyal Customers,0,7824,408,31,20272.15,27.506309362279513
17707.0,184,8,609.3000000000001,Occasional Customers,1,546,9,8,609.3000000000001,25.387500000000003
17708.0,187,4,884.1800000000001,Occasional Customers,1,387,57,4,884.1800000000001,12.11205479452055
17709.0,169,5,671.01,Occasional Customers,0,295,37,5,671.01,16.77525
17710.0,423,1,293.5,Inactive Customers,1,158,20,1,293.5,14.675
17711.0,10,2,385.1,Recent Low-Value Customers,0,246,22,2,385.1,16.743478260869566
17712.0,44,1,522.91,Recent Low-Value Customers,0,215,29,1,522.91,18.031379310344825
17713.0,381,4,1198.09,Occasional Customers,1,989,55,4,1198.09,15.764342105263157
17714.0,320,5,1410.18,Occasional Customers,1,608,69,5,1410.18,17.40962962962963
17715.0,200,2,489.59999999999997,Inactive Customers,1,576,1,2,489.59999999999997,244.79999999999998
17716.0,22,24,15956.97,High-Value Loyal Customers,0,8819,334,24,15956.97,26.55069883527454
17717.0,420,1,376.92,Inactive Customers,1,344,26,1,376.92,14.496923076923078
17718.0,231,2,439.18,Inactive Customers,1,274,22,2,439.18,19.094782608695652
17719.0,37,15,5396.04,High-Value Loyal Customers,0,2466,111,15,5396.04,19.693576642335767
17720.0,25,10,2666.91,High-Value Loyal Customers,0,1589,81,10,2666.91,20.203863636363636
17721.0,658,1,307.21000000000004,Inactive Customers,1,107,11,1,307.21000000000004,27.928181818181823
17722.0,95,5,3520.2200000000003,Occasional Customers,0,2412,163,5,3520.2200000000003,20.23114942528736
17723.0,126,7,3378.4000000000005,Occasional Customers,0,912,6,7,3378.4000000000005,281.53333333333336
17724.0,70,3,1033.0,Occasional Customers,0,300,38,3,1033.0,25.825
17725.0,15,11,3439.08,High-Value Loyal Customers,0,2162,115,11,3439.08,17.911875
17726.0,394,7,1092.06,Occasional Customers,1,444,52,7,1092.06,17.0634375
17727.0,14,1,1060.25,Recent Low-Value Customers,0,645,66,1,1060.25,16.064393939393938
17728.0,3,5,4238.76,High-Value Loyal Customers,0,2146,196,5,4238.76,17.371967213114754
17729.0,595,1,438.65000000000003,Inactive Customers,1,247,23,1,438.65000000000003,19.071739130434786
17730.0,2,20,7773.8,High-Value Loyal Customers,0,5300,177,20,7773.8,24.757324840764333
17731.0,78,6,1708.99,Occasional Customers,0,707,82,6,1708.99,17.262525252525254
17732.0,372,8,2166.42,Occasional Customers,1,1058,90,8,2166.42,17.757540983606557
17733.0,38,2,692.19,Recent Low-Value Customers,0,463,33,2,692.19,19.776857142857143
17734.0,53,6,1442.32,Occasional Customers,0,741,76,6,1442.32,16.771162790697673
17735.0,1,26,16790.33,High-Value Loyal Customers,0,10683,391,26,16790.33,19.210903890160186
17736.0,8,3,377.44,Recent Low-Value Customers,0,238,24,3,377.44,15.0976
17737.0,8,2,168.24,Recent Low-Value Customers,0,108,8,2,168.24,16.824
17738.0,18,13,4183.56,High-Value Loyal Customers,0,2776,173,13,4183.56,18.18939130434783
17739.0,11,18,7730.59,High-Value Loyal Customers,0,2335,56,18,7730.59,51.88315436241611
17740.0,388,6,426.9,Occasional Customers,1,222,5,6,426.9,47.43333333333333
17741.0,406,2,101.1,Inactive Customers,1,114,6,2,101.1,16.849999999999998
17742.0,112,11,2098.48,Occasional Customers,0,653,52,11,2098.48,24.688
17743.0,447,1,229.2,Inactive Customers,1,96,3,1,229.2,76.39999999999999
17744.0,3,7,2649.14,High-Value Loyal Customers,0,3826,121,7,2649.14,17.543973509933775
17745.0,477,2,600.34,Inactive Customers,1,164,27,2,600.34,21.440714285714286
17746.0,239,4,904.1800000000001,Occasional Customers,1,688,32,4,904.1800000000001,25.116111111111113
17747.0,112,1,71.4,Inactive Customers,0,12,1,1,71.4,71.4
17748.0,526,1,358.15,Inactive Customers,1,111,17,1,358.15,21.06764705882353
17749.0,177,3,1026.18,Occasional Customers,0,446,52,3,1026.18,18.003157894736844
17750.0,4,9,1710.45,High-Value Loyal Customers,0,3747,101,9,1710.45,9.29592391304348
17751.0,420,1,157.85999999999999,Inactive Customers,1,147,31,1,157.85999999999999,4.9331249999999995
17752.0,358,1,80.64,Inactive Customers,1,192,1,1,80.64,80.64
17753.0,463,4,382.06,Inactive Customers,1,124,63,4,382.06,5.5371014492753625
17754.0,0,13,4451.22,High-Value Loyal Customers,0,4366,185,13,4451.22,19.960627802690585
17756.0,375,3,728.75,Occasional Customers,1,399,54,3,728.75,8.675595238095237
17757.0,0,56,9074.05,High-Value Loyal Customers,0,5011,362,56,9074.05,7.218814638027048
17758.0,18,12,4964.03,High-Value Loyal Customers,0,3199,403,12,4964.03,9.401571969696969
17759.0,16,5,1261.88,Recent Low-Value Customers,0,965,114,5,1261.88,9.487819548872181
17760.0,21,6,746.39,Recent Low-Value Customers,0,531,58,6,746.39,11.140149253731343
17761.0,32,1,712.78,Recent Low-Value Customers,0,398,19,1,712.78,37.514736842105265
17762.0,455,1,129.75,Inactive Customers,1,129,16,1,129.75,7.632352941176471
17763.0,262,4,86.15,Inactive Customers,1,41,11,4,86.15,6.153571428571429
17764.0,50,5,1513.57,Occasional Customers,0,674,126,5,1513.57,10.158187919463087
17765.0,158,4,524.0,Occasional Customers,0,195,71,4,524.0,6.469135802469136
17766.0,380,2,299.61,Inactive Customers,1,155,21,2,299.61,13.618636363636364
17767.0,14,2,413.05,Recent Low-Value Customers,0,198,35,2,413.05,10.591025641025642
17768.0,7,7,3292.73,High-Value Loyal Customers,0,2339,134,7,3292.73,18.091923076923077
17769.0,12,17,7053.38,High-Value Loyal Customers,0,3157,330,17,7053.38,12.098421955403088
17770.0,198,5,1143.27,Occasional Customers,1,365,33,5,1143.27,30.086052631578948
17771.0,56,4,387.41,Recent Low-Value Customers,0,373,63,4,387.41,5.6146376811594205
17772.0,10,3,360.75,Recent Low-Value Customers,0,113,94,3,360.75,3.7578125
17773.0,513,2,575.37,Inactive Customers,1,254,48,2,575.37,10.461272727272727
17774.0,96,9,3273.83,Occasional Customers,0,1585,286,9,3273.83,8.246423173803526
17775.0,254,1,56.4,Inactive Customers,1,72,3,1,56.4,18.8
17776.0,386,2,330.56,Inactive Customers,1,273,74,2,330.56,4.132
17777.0,24,3,647.56,Recent Low-Value Customers,0,501,141,3,647.56,3.408210526315789
17778.0,661,1,197.70000000000002,Inactive Customers,1,214,10,1,197.70000000000002,19.770000000000003
17779.0,20,3,650.32,Recent Low-Value Customers,0,396,73,3,650.32,8.028641975308643
17780.0,666,3,346.56,Inactive Customers,1,156,76,3,346.56,4.386835443037975
17781.0,158,2,188.02,Inactive Customers,0,34,12,2,188.02,15.668333333333335
17782.0,382,2,679.02,Inactive Customers,1,538,29,2,679.02,23.41448275862069
17783.0,71,3,376.96,Recent Low-Value Customers,0,438,91,3,376.96,4.142417582417583
17784.0,549,1,112.86,Inactive Customers,1,72,19,1,112.86,4.90695652173913
17785.0,52,3,403.38,Recent Low-Value Customers,0,227,48,3,403.38,7.909411764705882
17786.0,84,2,266.85,Inactive Customers,0,195,57,2,266.85,3.9242647058823534
17787.0,152,4,1817.54,Occasional Customers,0,896,94,4,1817.54,14.19953125
17788.0,73,2,1117.9,Recent Low-Value Customers,0,211,3,2,1117.9,223.58
17789.0,280,2,397.15,Inactive Customers,1,199,27,2,397.15,13.694827586206896
17790.0,26,20,2779.41,High-Value Loyal Customers,0,1387,188,20,2779.41,9.203344370860927
17791.0,29,1,106.1,Recent Low-Value Customers,0,46,10,1,106.1,10.61
17792.0,466,2,368.35,Inactive Customers,1,149,45,2,368.35,7.0836538461538465
17793.0,24,1,300.34,Recent Low-Value Customers,0,226,49,1,300.34,5.77576923076923
17794.0,686,2,147.3,Inactive Customers,1,46,7,2,147.3,21.042857142857144
17795.0,179,2,342.83,Inactive Customers,0,305,43,2,342.83,7.618444444444444
17796.0,39,7,1236.39,Occasional Customers,0,347,149,7,1236.39,6.090591133004927
17797.0,21,8,1971.87,High-Value Loyal Customers,0,1086,222,8,1971.87,7.276273062730627
17798.0,581,1,178.07,Inactive Customers,1,138,43,1,178.07,3.957111111111111
17799.0,21,20,6246.93,High-Value Loyal Customers,0,3674,478,20,6246.93,6.910320796460177
17800.0,36,9,1187.21,Occasional Customers,0,732,51,9,1187.21,11.526310679611651
17801.0,450,3,770.03,Occasional Customers,1,820,66,3,770.03,9.506543209876543
17802.0,81,10,4946.22,Occasional Customers,0,2705,283,10,4946.22,9.439351145038168
17803.0,391,1,184.66,Inactive Customers,1,98,27,1,184.66,6.839259259259259
17804.0,375,3,383.78000000000003,Inactive Customers,1,194,82,3,383.78000000000003,4.217362637362638
17805.0,73,2,927.03,Recent Low-Value Customers,0,1126,10,2,927.03,84.27545454545454
17806.0,10,1,546.04,Recent Low-Value Customers,0,727,43,1,546.04,12.698604651162789
17807.0,394,3,437.87,Inactive Customers,1,262,88,3,437.87,4.9198876404494385
17808.0,548,4,262.64,Inactive Customers,1,143,29,4,262.64,7.958787878787878
17809.0,15,20,10085.89,High-Value Loyal Customers,0,2995,59,20,10085.89,103.97824742268041
17810.0,668,2,373.16,Inactive Customers,1,118,51,2,373.16,6.784727272727273
17811.0,3,47,9519.8,High-Value Loyal Customers,0,5278,538,47,9519.8,8.263715277777777
17812.0,12,7,911.99,Recent Low-Value Customers,0,444,162,7,911.99,4.8253439153439155
17813.0,13,5,1698.07,Recent Low-Value Customers,0,752,297,5,1698.07,4.879511494252873
17814.0,374,2,1609.37,Occasional Customers,1,1435,112,2,1609.37,11.254335664335663
17815.0,392,1,591.96,Inactive Customers,1,612,13,1,591.96,45.535384615384615
17816.0,36,6,96.11,Recent Low-Value Customers,0,80,41,6,96.11,2.1357777777777778
17817.0,3,6,788.15,Recent Low-Value Customers,0,353,115,6,788.15,5.8817164179104475
17818.0,737,1,124.78,Inactive Customers,1,86,42,1,124.78,2.970952380952381
17819.0,71,12,6021.05,High-Value Loyal Customers,0,1610,66,12,6021.05,67.65224719101124
17820.0,373,1,180.60999999999999,Inactive Customers,1,111,39,1,180.60999999999999,4.4051219512195114
17821.0,405,1,334.62,Inactive Customers,1,162,6,1,334.62,55.77
17822.0,419,5,2162.93,Occasional Customers,1,1375,152,5,2162.93,12.798402366863904
17823.0,420,2,449.25,Inactive Customers,1,252,88,2,449.25,4.4925
17824.0,50,1,298.4,Recent Low-Value Customers,0,408,13,1,298.4,22.95384615384615
17825.0,598,4,701.96,Occasional Customers,1,516,24,4,701.96,25.99851851851852
17826.0,373,1,133.34,Inactive Customers,1,84,33,1,133.34,4.040606060606061
17827.0,4,6,2376.17,High-Value Loyal Customers,0,1582,240,6,2376.17,8.456120996441282
17828.0,22,4,1820.09,Recent Low-Value Customers,0,667,54,4,1820.09,27.1655223880597
17829.0,298,5,4756.74,Occasional Customers,1,3009,121,5,4756.74,27.817192982456138
17830.0,1,3,398.7,Recent Low-Value Customers,0,92,18,3,398.7,17.33478260869565
17831.0,32,1,35.400000000000006,Inactive Customers,0,12,2,1,35.400000000000006,17.700000000000003
17832.0,49,1,155.37,Inactive Customers,0,208,61,1,155.37,2.547049180327869
17833.0,722,1,338.46000000000004,Inactive Customers,1,143,28,1,338.46000000000004,10.918064516129034
17834.0,414,2,689.6700000000001,Inactive Customers,1,639,54,2,689.6700000000001,11.890862068965518
17835.0,2,3,342.24,Recent Low-Value Customers,0,344,45,3,342.24,5.800677966101695
17836.0,46,1,110.21000000000001,Inactive Customers,0,88,23,1,110.21000000000001,4.592083333333334
17837.0,41,8,1541.23,Occasional Customers,0,510,110,8,1541.23,9.513765432098765
17838.0,26,13,5604.64,High-Value Loyal Customers,0,3491,141,13,5604.64,22.065511811023622
17839.0,41,1,318.15,Recent Low-Value Customers,0,257,50,1,318.15,6.11826923076923
17840.0,443,1,175.9,Inactive Customers,1,128,44,1,175.9,3.5180000000000002
17841.0,1,211,68545.25,High-Value Loyal Customers,0,36584,2116,211,68545.25,5.512283876156011
17842.0,601,1,430.69,Inactive Customers,1,89,18,1,430.69,23.927222222222223
17843.0,302,2,320.4,Inactive Customers,1,251,58,2,320.4,5.16774193548387
17844.0,106,1,51.559999999999995,Inactive Customers,0,52,5,1,51.559999999999995,10.312
17845.0,554,4,596.09,Occasional Customers,1,195,42,4,596.09,12.68276595744681
17846.0,84,1,2033.1,Occasional Customers,0,1,1,1,2033.1,2033.1
17847.0,515,2,129.69,Inactive Customers,1,29,9,2,129.69,14.41
17848.0,80,30,3559.11,High-Value Loyal Customers,0,1404,105,30,3559.11,21.570363636363638
17849.0,217,8,1063.76,Occasional Customers,1,224,24,8,1063.76,21.275199999999998
17850.0,371,155,51208.87,High-Value Loyal Customers,1,21052,100,155,51208.87,20.491744697879152
17851.0,421,6,1552.35,Occasional Customers,1,933,185,6,1552.35,6.691163793103448
17852.0,11,5,657.8100000000001,Recent Low-Value Customers,0,372,82,5,657.8100000000001,6.090833333333334
17853.0,406,3,1596.29,Occasional Customers,1,625,84,3,1596.29,15.202761904761905
17854.0,184,6,1068.5,Occasional Customers,1,607,113,6,1068.5,9.055084745762711
17855.0,372,1,208.97,Inactive Customers,1,197,17,1,208.97,12.292352941176471
17856.0,1,4,1418.03,Recent Low-Value Customers,0,842,12,4,1418.03,94.53533333333333
17857.0,3,24,27347.04,High-Value Loyal Customers,0,19906,21,24,27347.04,488.34000000000003
17858.0,5,30,12518.65,High-Value Loyal Customers,0,5383,173,30,12518.65,33.562064343163534
17859.0,304,1,141.92000000000002,Inactive Customers,1,102,23,1,141.92000000000002,6.170434782608696
17860.0,368,4,717.39,Occasional Customers,1,696,127,4,717.39,4.428333333333334
17861.0,2,18,5088.29,High-Value Loyal Customers,0,4541,329,18,5088.29,9.118799283154122
17862.0,323,4,1254.89,Occasional Customers,1,440,90,4,1254.89,12.675656565656567
17863.0,58,12,5360.48,High-Value Loyal Customers,0,4676,154,12,5360.48,21.021490196078428
17864.0,12,5,876.57,Recent Low-Value Customers,0,1015,93,5,876.57,6.640681818181818
17865.0,30,46,26312.190000000002,High-Value Loyal Customers,0,12950,391,46,26312.190000000002,26.051673267326734
17866.0,142,3,1134.95,Occasional Customers,0,535,20,3,1134.95,43.651923076923076
17867.0,29,15,1582.0500000000002,High-Value Loyal Customers,0,638,119,15,1582.0500000000002,12.169615384615385
17868.0,385,1,227.15,Inactive Customers,1,85,18,1,227.15,12.619444444444445
17869.0,106,7,813.64,Occasional Customers,0,491,72,7,813.64,10.1705
17870.0,1,13,2753.29,High-Value Loyal Customers,0,1699,215,13,2753.29,10.122389705882354
17871.0,204,5,1068.95,Occasional Customers,1,665,64,5,1068.95,12.878915662650604
17872.0,381,1,235.87,Inactive Customers,1,176,15,1,235.87,15.724666666666668
17873.0,79,18,6265.33,High-Value Loyal Customers,0,4159,65,18,6265.33,37.29363095238095
17874.0,184,6,683.46,Occasional Customers,1,221,37,6,683.46,14.857826086956523
17875.0,687,1,167.1,Inactive Customers,1,98,25,1,167.1,6.426923076923076
17876.0,399,3,3424.02,Occasional Customers,1,1958,3,3,3424.02,856.005
17877.0,169,1,237.61,Inactive Customers,0,98,12,1,237.61,19.800833333333333
17878.0,43,3,1378.93,Recent Low-Value Customers,0,1014,82,3,1378.93,16.816219512195122
17879.0,173,1,178.51999999999998,Inactive Customers,0,45,6,1,178.51999999999998,29.75333333333333
17880.0,364,3,824.9200000000001,Occasional Customers,1,466,43,3,824.9200000000001,18.331555555555557
17881.0,303,1,133.35000000000002,Inactive Customers,1,32,8,1,133.35000000000002,16.668750000000003
17882.0,378,2,291.56,Inactive Customers,1,130,47,2,291.56,5.501132075471698
17883.0,2,7,988.42,Recent Low-Value Customers,0,476,155,7,988.42,5.713410404624277
17884.0,3,20,2698.47,High-Value Loyal Customers,0,2749,305,20,2698.47,6.646477832512315
17885.0,11,1,156.34,Recent Low-Value Customers,0,110,50,1,156.34,2.949811320754717
17886.0,31,6,1572.55,Occasional Customers,0,711,138,6,1572.55,9.473192771084337
17887.0,128,1,111.35,Inactive Customers,0,30,10,1,111.35,11.135
17888.0,20,25,1807.44,High-Value Loyal Customers,0,1536,145,25,1807.44,11.2965
17889.0,211,7,746.42,Occasional Customers,1,403,97,7,746.42,6.434655172413793
17890.0,322,2,586.89,Inactive Customers,1,402,88,2,586.89,6.449340659340659
17891.0,161,1,203.85999999999999,Inactive Customers,0,393,34,1,203.85999999999999,5.995882352941176
17892.0,55,3,244.1,Recent Low-Value Customers,0,109,27,3,244.1,8.717857142857143
17893.0,224,1,107.21,Inactive Customers,1,149,15,1,107.21,7.147333333333333
17894.0,71,18,2304.58,High-Value Loyal Customers,0,938,215,18,2304.58,5.732786069651741
17895.0,43,1,95.45,Inactive Customers,0,127,15,1,95.45,6.363333333333333
17896.0,22,1,256.32,Recent Low-Value Customers,0,288,2,1,256.32,128.16
17897.0,172,9,2099.89,Occasional Customers,0,864,211,9,2099.89,8.014847328244274
17898.0,84,4,299.18,Recent Low-Value Customers,0,251,48,4,299.18,5.9836
17899.0,158,1,154.55,Inactive Customers,0,170,29,1,154.55,4.985483870967743
17900.0,189,2,112.19999999999999,Inactive Customers,1,73,4,2,112.19999999999999,18.7
17901.0,28,3,260.08,Recent Low-Value Customers,0,38,22,3,260.08,11.82181818181818
17902.0,546,1,216.39999999999998,Inactive Customers,1,526,24,1,216.39999999999998,9.016666666666666
17903.0,393,1,381.09000000000003,Inactive Customers,1,142,44,1,381.09000000000003,8.468666666666667
17904.0,20,1,181.07,Recent Low-Value Customers,0,59,33,1,181.07,5.325588235294117
17905.0,70,13,2178.87,Occasional Customers,0,1299,129,13,2178.87,14.92376712328767
17906.0,246,1,72.9,Inactive Customers,1,26,12,1,72.9,6.075
17907.0,640,1,291.76,Inactive Customers,1,1046,13,1,291.76,22.443076923076923
17908.0,373,5,1142.47,Occasional Customers,1,670,178,5,1142.47,5.492644230769231
17909.0,736,1,110.05,Inactive Customers,1,35,8,1,110.05,13.75625
17910.0,725,1,261.7,Inactive Customers,1,121,25,1,261.7,10.065384615384614
17911.0,8,1,366.23,Recent Low-Value Customers,0,223,39,1,366.23,9.390512820512821
17912.0,309,6,374.55,Occasional Customers,1,215,48,6,374.55,7.344117647058824
17913.0,58,14,3429.29,High-Value Loyal Customers,0,1725,224,14,3429.29,7.358991416309013
17914.0,3,1,329.36,Recent Low-Value Customers,0,457,72,1,329.36,4.391466666666667
17915.0,550,1,225.78,Inactive Customers,1,184,27,1,225.78,7.785517241379311
17916.0,628,2,43.87,Inactive Customers,1,90,15,2,43.87,2.3089473684210526
17917.0,44,3,335.03,Recent Low-Value Customers,0,184,77,3,335.03,3.6416304347826083
17918.0,500,3,396.39,Inactive Customers,1,352,34,3,396.39,9.909749999999999
17919.0,87,2,1840.32,Occasional Customers,0,1452,37,2,1840.32,46.007999999999996
17920.0,3,54,23581.78,High-Value Loyal Customers,0,12265,715,54,23581.78,14.379134146341462
17921.0,63,10,2394.36,Occasional Customers,0,991,230,10,2394.36,6.651000000000001
17922.0,542,1,170.4,Inactive Customers,1,49,8,1,170.4,21.3
17923.0,281,3,497.0,Inactive Customers,1,140,2,3,497.0,165.66666666666666
17924.0,11,8,3257.7000000000003,High-Value Loyal Customers,0,1208,27,8,3257.7000000000003,98.71818181818183
17925.0,372,1,244.08,Inactive Customers,1,72,1,1,244.08,244.08
17926.0,132,5,1035.49,Occasional Customers,0,572,27,5,1035.49,23.533863636363638
17927.0,721,1,294.0,Inactive Customers,1,108,10,1,294.0,29.4
17928.0,44,3,341.24,Recent Low-Value Customers,0,222,27,3,341.24,12.638518518518518
17929.0,10,12,3082.1,High-Value Loyal Customers,0,434,6,12,3082.1,205.47333333333333
17930.0,35,13,4275.22,High-Value Loyal Customers,0,3795,39,13,4275.22,49.140459770114944
17931.0,133,14,3402.24,Occasional Customers,0,1919,274,14,3402.24,9.692991452991452
17932.0,28,3,1331.57,Recent Low-Value Customers,0,789,84,3,1331.57,14.795222222222222
17933.0,631,1,114.69,Inactive Customers,1,63,12,1,114.69,8.192142857142857
17934.0,51,3,1049.15,Recent Low-Value Customers,0,628,36,3,1049.15,25.589024390243903
17935.0,137,7,686.14,Occasional Customers,0,244,60,7,686.14,10.7209375
17936.0,4,1,380.13,Recent Low-Value Customers,0,257,68,1,380.13,5.279583333333333
17937.0,8,7,4301.22,High-Value Loyal Customers,0,1754,19,7,4301.22,100.02837209302326
17938.0,419,1,144.29,Inactive Customers,1,53,29,1,144.29,4.97551724137931
17939.0,159,1,99.14,Inactive Customers,0,40,12,1,99.14,8.261666666666667
17940.0,48,16,30306.79,High-Value Loyal Customers,0,85148,11,16,30306.79,865.9082857142857
17941.0,130,4,1433.28,Occasional Customers,0,1108,5,4,1433.28,204.75428571428571
17942.0,7,1,77.50000000000001,Recent Low-Value Customers,0,38,2,1,77.50000000000001,38.75000000000001
17944.0,422,1,74.99,Inactive Customers,1,84,24,1,74.99,2.9995999999999996
17945.0,696,3,360.35,Inactive Customers,1,244,66,3,360.35,5.004861111111111
17946.0,232,2,149.57999999999998,Inactive Customers,1,75,18,2,149.57999999999998,7.478999999999999
17947.0,36,1,176.68,Recent Low-Value Customers,0,168,9,1,176.68,19.63111111111111
17948.0,146,1,358.56000000000006,Inactive Customers,0,144,1,1,358.56000000000006,358.56000000000006
17949.0,0,118,117314.08,High-Value Loyal Customers,0,60538,58,118,117314.08,752.0133333333333
17950.0,71,7,1166.29,Occasional Customers,0,659,133,7,1166.29,7.068424242424242
17951.0,39,4,1340.5800000000002,Recent Low-Value Customers,0,780,24,4,1340.5800000000002,47.877857142857145
17952.0,377,4,788.46,Occasional Customers,1,477,85,4,788.46,8.045510204081634
17953.0,539,1,159.17000000000002,Inactive Customers,1,98,20,1,159.17000000000002,7.958500000000001
17954.0,4,19,3804.38,High-Value Loyal Customers,0,3180,479,19,3804.38,5.1202960969044415
17955.0,198,6,949.9,Occasional Customers,1,681,16,6,949.9,43.17727272727273
17956.0,248,1,12.75,Inactive Customers,1,1,1,1,12.75,12.75
17957.0,65,1,111.68,Inactive Customers,0,287,31,1,111.68,3.6025806451612907
17958.0,116,2,973.88,Occasional Customers,0,284,35,2,973.88,27.052222222222223
17959.0,591,1,140.75,Inactive Customers,1,49,2,1,140.75,70.375
17960.0,170,3,135.08,Inactive Customers,0,60,37,3,135.08,3.6508108108108113
17961.0,20,100,2866.74,High-Value Loyal Customers,0,1491,486,100,2866.74,4.550380952380952
17962.0,141,4,666.96,Occasional Customers,0,633,146,4,666.96,3.6445901639344265
17963.0,470,4,643.16,Occasional Customers,1,341,98,4,643.16,5.900550458715596
17964.0,31,2,463.21,Recent Low-Value Customers,0,294,84,2,463.21,4.726632653061224
17965.0,37,29,7006.65,High-Value Loyal Customers,0,4383,588,29,7006.65,8.576070991432069
17966.0,37,10,1963.92,Occasional Customers,0,3918,82,10,1963.92,17.37982300884956
17967.0,371,2,223.42,Inactive Customers,1,111,59,2,223.42,3.6626229508196717
17968.0,373,4,590.4399999999999,Occasional Customers,1,352,106,4,590.4399999999999,4.6128124999999995
17969.0,165,20,2354.29,Occasional Customers,0,1014,113,20,2354.29,11.540637254901961
17970.0,210,1,562.79,Inactive Customers,1,513,27,1,562.79,19.40655172413793
17971.0,547,1,161.94,Inactive Customers,1,62,21,1,161.94,7.711428571428572
17972.0,241,1,135.19,Inactive Customers,1,36,30,1,135.19,4.506333333333333
17973.0,51,1,337.04,Recent Low-Value Customers,0,176,15,1,337.04,22.469333333333335
17974.0,24,6,1739.09,Recent Low-Value Customers,0,1189,279,6,1739.09,4.817423822714681
17975.0,14,24,6696.33,High-Value Loyal Customers,0,2179,243,24,6696.33,14.36980686695279
17976.0,371,1,321.79,Inactive Customers,1,93,56,1,321.79,5.645438596491228
17977.0,28,2,1511.45,Recent Low-Value Customers,0,1948,94,2,1511.45,14.533173076923077
17978.0,364,4,1159.99,Occasional Customers,1,1297,62,4,1159.99,17.313283582089554
17979.0,35,4,732.41,Recent Low-Value Customers,0,383,116,4,732.41,5.30731884057971
17980.0,165,4,1012.72,Occasional Customers,0,771,41,4,1012.72,16.601967213114754
17981.0,410,1,239.12,Inactive Customers,1,260,17,1,239.12,14.065882352941177
17982.0,680,1,138.18,Inactive Customers,1,117,13,1,138.18,10.62923076923077
17983.0,394,1,171.71,Inactive Customers,1,108,23,1,171.71,7.154583333333334
17984.0,144,5,1152.19,Occasional Customers,0,939,209,5,1152.19,4.761115702479339
17985.0,21,1,631.35,Recent Low-Value Customers,0,171,20,1,631.35,30.064285714285717
17986.0,55,1,20.8,Inactive Customers,0,10,1,1,20.8,20.8
17987.0,184,5,965.4399999999999,Occasional Customers,1,981,139,5,965.4399999999999,5.886829268292683
17988.0,11,14,489.54,Recent Low-Value Customers,0,186,115,14,489.54,3.98
17989.0,378,1,207.32999999999998,Inactive Customers,1,300,26,1,207.32999999999998,7.149310344827586
17990.0,236,6,1527.6100000000001,Occasional Customers,1,777,40,6,1527.6100000000001,26.800175438596494
17991.0,224,3,300.3,Inactive Customers,1,93,37,3,300.3,7.902631578947369
17992.0,388,1,252.88,Inactive Customers,1,130,49,1,252.88,4.863076923076923
17993.0,616,1,225.99,Inactive Customers,1,108,60,1,225.99,3.7665
17994.0,121,11,2270.0299999999997,Occasional Customers,0,2181,227,11,2270.0299999999997,7.418398692810457
17995.0,281,3,495.48,Inactive Customers,1,263,28,3,495.48,17.08551724137931
17996.0,379,3,482.33,Inactive Customers,1,587,63,3,482.33,7.1989552238805965
17997.0,73,8,1962.46,Occasional Customers,0,2273,133,8,1962.46,11.966219512195122
17998.0,379,3,639.24,Inactive Customers,1,561,57,3,639.24,11.021379310344829
17999.0,36,3,528.46,Recent Low-Value Customers,0,286,125,3,528.46,3.9437313432835825
18000.0,563,1,124.25,Inactive Customers,1,109,6,1,124.25,20.708333333333332
18001.0,11,6,924.14,Recent Low-Value Customers,0,874,120,6,924.14,7.001060606060606
18002.0,375,4,244.37,Inactive Customers,1,71,52,4,244.37,4.610754716981132
18003.0,375,1,353.51,Inactive Customers,1,297,23,1,353.51,15.37
18004.0,361,1,157.92,Inactive Customers,1,75,32,1,157.92,4.268108108108108
18005.0,3,2,226.47,Recent Low-Value Customers,0,86,52,2,226.47,4.273018867924528
18006.0,22,4,969.51,Recent Low-Value Customers,0,395,57,4,969.51,15.389047619047618
18007.0,392,1,215.22,Inactive Customers,1,246,46,1,215.22,4.3044
18008.0,69,23,19759.079999999998,High-Value Loyal Customers,0,7825,77,23,19759.079999999998,203.70185567010307
18009.0,234,8,2144.23,Occasional Customers,1,651,145,8,2144.23,11.978938547486033
18010.0,256,1,174.8,Inactive Customers,1,60,14,1,174.8,12.485714285714286
18011.0,372,2,410.79,Inactive Customers,1,125,63,2,410.79,6.520476190476191
18012.0,722,1,115.3,Inactive Customers,1,63,13,1,115.3,8.86923076923077
18013.0,154,2,187.29,Inactive Customers,0,285,31,2,187.29,6.041612903225806
18014.0,27,1,162.22,Recent Low-Value Customers,0,66,29,1,162.22,5.407333333333333
18015.0,3,1,120.03,Recent Low-Value Customers,0,157,46,1,120.03,2.6093478260869567
18016.0,31,7,1954.56,Occasional Customers,0,1207,115,7,1954.56,11.565443786982248
18017.0,80,4,688.0,Occasional Customers,0,400,1,4,688.0,172.0
18018.0,107,4,297.99,Inactive Customers,0,186,43,4,297.99,6.7725
18019.0,51,1,38.45,Inactive Customers,0,7,5,1,38.45,7.69
18020.0,543,1,190.48000000000002,Inactive Customers,1,67,12,1,190.48000000000002,15.873333333333335
18021.0,509,2,216.41,Inactive Customers,1,168,32,2,216.41,6.7628125
18022.0,35,5,1507.25,Occasional Customers,0,1311,306,5,1507.25,3.546470588235294
18024.0,152,2,389.78,Inactive Customers,0,184,21,2,389.78,18.56095238095238
18025.0,379,6,1177.72,Occasional Customers,1,1053,83,6,1177.72,10.515357142857143
18026.0,500,2,2074.07,Occasional Customers,1,530,12,2,2074.07,122.00411764705883
18027.0,98,1,115.31,Inactive Customers,0,78,21,1,115.31,5.490952380952381
18028.0,582,1,192.05,Inactive Customers,1,133,4,1,192.05,48.0125
18029.0,641,1,433.77,Inactive Customers,1,253,18,1,433.77,24.098333333333333
18030.0,3,2,230.64999999999998,Recent Low-Value Customers,0,67,8,2,230.64999999999998,25.627777777777776
18031.0,378,1,451.3,Inactive Customers,1,298,49,1,451.3,7.163492063492064
18032.0,333,1,73.5,Inactive Customers,1,42,5,1,73.5,14.7
18033.0,64,1,93.82000000000001,Inactive Customers,0,252,32,1,93.82000000000001,2.8430303030303032
18034.0,21,3,754.2,Recent Low-Value Customers,0,951,182,3,754.2,3.524299065420561
18035.0,35,5,1260.23,Recent Low-Value Customers,0,1134,52,5,1260.23,22.109298245614035
18036.0,31,11,1545.49,High-Value Loyal Customers,0,741,221,11,1545.49,4.740766871165644
18037.0,153,15,167.42,Occasional Customers,0,37,31,15,167.42,5.073333333333333
18038.0,555,1,141.48,Inactive Customers,1,80,25,1,141.48,5.239999999999999
18039.0,373,4,548.22,Occasional Customers,1,555,137,4,548.22,3.469746835443038
18040.0,18,2,357.20000000000005,Recent Low-Value Customers,0,148,18,2,357.20000000000005,18.8
18041.0,11,38,8018.7699999999995,High-Value Loyal Customers,0,7316,464,38,8018.7699999999995,9.637944711538461
18042.0,53,2,281.15,Recent Low-Value Customers,0,69,13,2,281.15,17.571875
18043.0,24,3,529.29,Recent Low-Value Customers,0,265,106,3,529.29,4.6025217391304345
18044.0,3,18,3505.61,High-Value Loyal Customers,0,1598,128,18,3505.61,17.52805
18045.0,44,1,178.34,Inactive Customers,0,138,43,1,178.34,4.147441860465117
18046.0,649,1,189.63,Inactive Customers,1,44,26,1,189.63,7.293461538461538
18047.0,380,2,326.09,Inactive Customers,1,130,74,2,326.09,3.9287951807228914
18048.0,202,3,394.93,Inactive Customers,1,256,56,3,394.93,6.693728813559322
18049.0,436,2,500.92,Inactive Customers,1,402,82,2,500.92,5.757701149425287
18050.0,358,2,412.06,Inactive Customers,1,250,22,2,412.06,17.915652173913042
18051.0,633,7,2282.28,Occasional Customers,1,1661,41,7,2282.28,41.496
18052.0,564,1,10877.18,Occasional Customers,1,17766,16,1,10877.18,679.82375
18053.0,70,3,571.07,Recent Low-Value Customers,0,409,29,3,571.07,17.8459375
18054.0,392,1,176.5,Inactive Customers,1,96,11,1,176.5,16.045454545454547
18055.0,6,14,10142.64,High-Value Loyal Customers,0,3534,320,14,10142.64,19.029343339587243
18056.0,287,2,554.6,Inactive Customers,1,334,28,2,554.6,18.486666666666668
18057.0,392,3,1188.46,Occasional Customers,1,970,121,3,1188.46,8.869104477611941
18058.0,9,3,774.06,Recent Low-Value Customers,0,394,12,3,774.06,48.37875
18059.0,22,3,306.46,Recent Low-Value Customers,0,258,17,3,306.46,17.025555555555556
18060.0,407,2,1185.46,Occasional Customers,1,902,74,2,1185.46,15.806133333333333
18061.0,21,28,6083.81,High-Value Loyal Customers,0,3359,30,28,6083.81,49.867295081967214
18062.0,172,6,1632.67,Occasional Customers,0,831,46,6,1632.67,30.23462962962963
18063.0,390,2,186.60000000000002,Inactive Customers,1,48,2,2,186.60000000000002,62.20000000000001
18064.0,132,11,4481.83,Occasional Customers,0,2685,53,11,4481.83,70.02859375
18065.0,5,29,5866.63,High-Value Loyal Customers,0,2265,193,29,5866.63,18.924612903225807
18066.0,74,3,1440.4,Occasional Customers,0,535,37,3,1440.4,27.17735849056604
18067.0,39,1,396.33,Recent Low-Value Customers,0,189,36,1,396.33,10.711621621621621
18068.0,288,1,101.69999999999999,Inactive Customers,1,6,1,1,101.69999999999999,101.69999999999999
18069.0,25,11,4464.92,High-Value Loyal Customers,0,3168,602,11,4464.92,4.603010309278351
18070.0,668,1,314.1,Inactive Customers,1,86,9,1,314.1,34.900000000000006
18071.0,257,6,1169.68,Occasional Customers,1,678,52,6,1169.68,16.474366197183098
18072.0,185,1,247.44,Inactive Customers,1,288,18,1,247.44,13.746666666666666
18073.0,113,12,3859.82,Occasional Customers,0,3102,23,12,3859.82,53.60861111111112
18074.0,373,2,1019.44,Inactive Customers,1,361,37,2,1019.44,23.707906976744187
18075.0,22,20,5783.29,High-Value Loyal Customers,0,3281,180,20,5783.29,17.904922600619194
18076.0,379,1,151.49,Inactive Customers,1,164,8,1,151.49,18.93625
18077.0,7,18,4078.79,High-Value Loyal Customers,0,3020,141,18,4078.79,11.554645892351274
18078.0,216,4,725.53,Occasional Customers,1,370,65,4,725.53,9.93876712328767
18079.0,44,5,4203.93,Occasional Customers,0,8730,107,5,4203.93,30.911250000000003
18080.0,18,2,1231.5,Recent Low-Value Customers,0,642,2,2,1231.5,615.75
18081.0,35,3,343.45,Recent Low-Value Customers,0,195,14,3,343.45,20.20294117647059
18082.0,25,1,680.84,Recent Low-Value Customers,0,608,62,1,680.84,9.726285714285714
18083.0,397,1,463.53,Inactive Customers,1,268,36,1,463.53,11.588249999999999
18084.0,15,3,795.2299999999999,Recent Low-Value Customers,0,755,7,3,795.2299999999999,113.6042857142857
18085.0,329,4,1341.8500000000001,Occasional Customers,1,507,42,4,1341.8500000000001,21.642741935483873
18086.0,273,1,101.34,Inactive Customers,1,106,7,1,101.34,14.477142857142857
18087.0,97,17,14761.519999999999,High-Value Loyal Customers,0,7775,44,17,14761.519999999999,167.74454545454543
18088.0,60,1,166.03,Inactive Customers,0,107,35,1,166.03,4.487297297297298
18089.0,446,1,428.45,Inactive Customers,1,95,9,1,428.45,42.845
18090.0,421,1,321.9,Inactive Customers,1,307,47,1,321.9,5.96111111111111
18091.0,592,1,360.85,Inactive Customers,1,539,25,1,360.85,14.434000000000001
18092.0,1,18,14693.72,High-Value Loyal Customers,0,8298,42,18,14693.72,104.95514285714285
18093.0,92,8,4452.71,Occasional Customers,0,3429,43,8,4452.71,72.99524590163935
18094.0,81,13,6391.52,High-Value Loyal Customers,0,4164,55,13,6391.52,50.72634920634921
18095.0,312,5,2303.09,Occasional Customers,1,1623,37,5,2303.09,47.98104166666667
18096.0,11,6,1657.87,Recent Low-Value Customers,0,1409,299,6,1657.87,4.240076726342711
18097.0,7,11,4627.92,High-Value Loyal Customers,0,2716,86,11,4627.92,29.666153846153847
18098.0,395,1,527.94,Inactive Customers,1,215,85,1,527.94,6.138837209302326
18099.0,126,1,168.31,Inactive Customers,0,149,19,1,168.31,8.858421052631579
18100.0,549,1,451.56,Inactive Customers,1,440,30,1,451.56,15.052
18101.0,10,5,622.01,Recent Low-Value Customers,0,247,89,5,622.01,5.70651376146789
18102.0,0,145,580987.04,High-Value Loyal Customers,0,181645,382,145,580987.04,558.6413846153846
18103.0,548,1,105.8,Inactive Customers,1,23,10,1,105.8,10.58
18104.0,36,1,754.64,Recent Low-Value Customers,0,362,38,1,754.64,19.858947368421052
18105.0,37,1,113.48000000000002,Inactive Customers,0,46,18,1,113.48000000000002,6.304444444444446
18106.0,329,6,1441.06,Occasional Customers,1,506,126,6,1441.06,7.5448167539267015
18107.0,441,1,165.88,Inactive Customers,1,65,38,1,165.88,4.365263157894737
18108.0,253,3,848.8100000000001,Occasional Customers,1,261,43,3,848.8100000000001,18.059787234042556
18109.0,1,38,9555.71,High-Value Loyal Customers,0,4822,203,38,9555.71,14.61117737003058
18110.0,19,2,392.28000000000003,Recent Low-Value Customers,0,169,58,2,392.28000000000003,5.448333333333334
18111.0,588,1,405.85,Inactive Customers,1,232,27,1,405.85,15.031481481481482
18112.0,11,4,773.36,Recent Low-Value Customers,0,443,59,4,773.36,12.473548387096775
18113.0,368,1,76.32000000000001,Inactive Customers,1,72,1,1,76.32000000000001,76.32000000000001
18114.0,289,1,220.1,Inactive Customers,1,55,28,1,220.1,7.860714285714286
18115.0,697,1,9.700000000000001,Inactive Customers,1,3,3,1,9.700000000000001,3.233333333333334
18116.0,67,13,2134.4900000000002,Occasional Customers,0,1267,311,13,2134.4900000000002,3.784556737588653
18117.0,25,1,315.65,Recent Low-Value Customers,0,605,68,1,315.65,4.384027777777778
18118.0,10,29,6221.02,High-Value Loyal Customers,0,3184,444,29,6221.02,4.350363636363637
18119.0,367,1,180.7,Inactive Customers,1,124,29,1,180.7,6.23103448275862
18120.0,213,1,111.15,Inactive Customers,1,31,17,1,111.15,6.538235294117648
18121.0,148,2,653.3,Inactive Customers,0,438,28,2,653.3,21.074193548387097
18122.0,7,6,1793.06,Recent Low-Value Customers,0,1225,239,6,1793.06,5.022577030812325
18123.0,23,3,666.64,Recent Low-Value Customers,0,616,53,3,666.64,11.904285714285715
18124.0,471,1,102.65,Inactive Customers,1,47,20,1,102.65,5.1325
18125.0,29,4,1131.75,Recent Low-Value Customers,0,800,164,4,1131.75,5.89453125
18126.0,60,1,200.92000000000002,Inactive Customers,0,135,52,1,200.92000000000002,3.863846153846154
18127.0,18,4,556.13,Recent Low-Value Customers,0,250,56,4,556.13,8.30044776119403
18128.0,536,1,399.29,Inactive Customers,1,216,42,1,399.29,9.506904761904762
18129.0,242,1,112.55000000000001,Inactive Customers,1,48,13,1,112.55000000000001,8.039285714285715
18130.0,14,3,1059.39,Recent Low-Value Customers,0,824,58,3,1059.39,15.134142857142859
18131.0,631,1,222.95999999999998,Inactive Customers,1,552,4,1,222.95999999999998,55.739999999999995
18132.0,503,1,220.13,Inactive Customers,1,212,60,1,220.13,3.5504838709677418
18133.0,211,1,931.4999999999999,Inactive Customers,1,1350,1,1,931.4999999999999,931.4999999999999
18134.0,597,2,445.0,Inactive Customers,1,128,27,2,445.0,15.892857142857142
18135.0,28,10,1249.6200000000001,Occasional Customers,0,753,23,10,1249.6200000000001,33.773513513513514
18136.0,62,5,1631.3600000000001,Occasional Customers,0,860,77,5,1631.3600000000001,18.53818181818182
18137.0,550,2,145.99,Inactive Customers,1,59,26,2,145.99,5.034137931034483
18138.0,294,1,152.65,Inactive Customers,1,38,8,1,152.65,19.08125
18139.0,17,6,8438.34,High-Value Loyal Customers,0,5557,35,6,8438.34,53.07132075471698
18140.0,473,1,536.41,Inactive Customers,1,395,49,1,536.41,9.933518518518518
18141.0,401,2,882.47,Inactive Customers,1,433,38,2,882.47,21.011190476190478
18142.0,156,2,1019.52,Occasional Customers,0,1276,9,2,1019.52,67.968
18143.0,116,2,1000.16,Occasional Customers,0,570,59,2,1000.16,16.396065573770493
18144.0,7,19,4892.95,High-Value Loyal Customers,0,2144,51,19,4892.95,58.249404761904756
18145.0,12,11,5609.74,High-Value Loyal Customers,0,5104,250,11,5609.74,13.95457711442786
18146.0,140,2,160.35000000000002,Inactive Customers,0,153,10,2,160.35000000000002,16.035000000000004
18147.0,45,2,179.33999999999997,Recent Low-Value Customers,0,203,7,2,179.33999999999997,25.619999999999997
18148.0,646,1,112.85000000000001,Inactive Customers,1,63,9,1,112.85000000000001,11.285
18149.0,50,7,1553.96,Occasional Customers,0,869,54,7,1553.96,17.076483516483517
18150.0,31,3,566.58,Recent Low-Value Customers,0,332,29,3,566.58,15.312972972972974
18151.0,134,6,1879.44,Occasional Customers,0,986,99,6,1879.44,17.730566037735848
18152.0,645,1,426.69,Inactive Customers,1,75,10,1,426.69,42.669
18153.0,658,1,246.22,Inactive Customers,1,200,17,1,246.22,14.483529411764707
18154.0,2,5,932.6,Recent Low-Value Customers,0,626,34,5,932.6,19.842553191489362
18155.0,74,3,371.62,Recent Low-Value Customers,0,266,19,3,371.62,14.8648
18156.0,12,2,675.64,Recent Low-Value Customers,0,283,100,2,675.64,5.538032786885246
18157.0,570,1,213.9,Inactive Customers,1,145,25,1,213.9,8.556000000000001
18158.0,8,2,453.4,Recent Low-Value Customers,0,354,24,2,453.4,13.335294117647058
18159.0,300,1,530.15,Inactive Customers,1,139,23,1,530.15,23.05
18160.0,56,3,1003.88,Recent Low-Value Customers,0,519,56,3,1003.88,15.444307692307692
18161.0,14,6,1803.1000000000001,Recent Low-Value Customers,0,965,57,6,1803.1000000000001,19.388172043010755
18162.0,731,1,371.51,Inactive Customers,1,332,45,1,371.51,8.076304347826087
18163.0,583,1,728.84,Inactive Customers,1,452,33,1,728.84,22.086060606060606
18164.0,36,1,399.65000000000003,Recent Low-Value Customers,0,184,24,1,399.65000000000003,16.652083333333334
18165.0,176,1,302.46000000000004,Inactive Customers,0,254,10,1,302.46000000000004,30.246000000000002
18166.0,623,1,175.5,Inactive Customers,1,90,10,1,175.5,17.55
18167.0,22,3,1384.8600000000001,Recent Low-Value Customers,0,382,24,3,1384.8600000000001,37.428648648648654
18168.0,175,16,3435.5,Occasional Customers,0,1995,209,16,3435.5,9.46418732782369
18169.0,60,1,202.65,Inactive Customers,0,61,9,1,202.65,22.516666666666666
18170.0,32,9,2878.0,High-Value Loyal Customers,0,1184,59,9,2878.0,22.841269841269842
18171.0,58,9,2437.31,Occasional Customers,0,991,76,9,2437.31,26.4925
18172.0,14,52,17467.24,High-Value Loyal Customers,0,7407,176,52,17467.24,36.77313684210527
18173.0,86,5,2696.36,Occasional Customers,0,1730,34,5,2696.36,59.919111111111114
18174.0,6,2,162.5,Recent Low-Value Customers,0,80,1,2,162.5,81.25
18175.0,675,1,176.1,Inactive Customers,1,70,7,1,176.1,25.157142857142855
18176.0,357,1,476.35,Inactive Customers,1,283,30,1,476.35,15.878333333333334
18177.0,30,9,2216.32,High-Value Loyal Customers,0,1238,66,9,2216.32,22.38707070707071
18178.0,128,11,6103.74,Occasional Customers,0,3850,204,11,6103.74,17.43925714285714
18179.0,8,8,2547.55,High-Value Loyal Customers,0,1811,101,8,2547.55,23.372018348623854
18180.0,4,6,1843.75,Recent Low-Value Customers,0,1721,108,6,1843.75,15.493697478991596
18181.0,23,5,1188.34,Recent Low-Value Customers,0,510,139,5,1188.34,6.676067415730337
18182.0,462,1,291.13,Inactive Customers,1,167,10,1,291.13,29.113
18183.0,226,2,632.07,Inactive Customers,1,371,36,2,632.07,17.082972972972975
18184.0,14,1,49.8,Recent Low-Value Customers,0,60,1,1,49.8,49.8
18185.0,248,1,304.25,Inactive Customers,1,183,17,1,304.25,17.897058823529413
18186.0,722,1,329.58,Inactive Customers,1,338,11,1,329.58,29.96181818181818
18187.0,631,1,724.89,Inactive Customers,1,310,48,1,724.89,15.101875
18188.0,14,6,3280.59,High-Value Loyal Customers,0,1888,95,6,3280.59,24.66609022556391
18189.0,77,3,1403.73,Occasional Customers,0,836,79,3,1403.73,16.322441860465116
18190.0,191,5,745.62,Occasional Customers,1,490,34,5,745.62,17.752857142857142
18191.0,261,2,529.4,Inactive Customers,1,332,15,2,529.4,35.29333333333333
18192.0,71,1,957.97,Recent Low-Value Customers,0,339,45,1,957.97,21.288222222222224
18193.0,164,3,1207.35,Occasional Customers,0,926,66,3,1207.35,17.247857142857143
18194.0,81,6,4162.04,Occasional Customers,0,1774,23,6,4162.04,148.6442857142857
18195.0,386,1,101.16,Inactive Customers,1,60,5,1,101.16,20.232
18196.0,94,4,1457.19,Occasional Customers,0,1038,210,4,1457.19,5.260613718411553
18197.0,575,1,230.1,Inactive Customers,1,166,9,1,230.1,25.566666666666666
18198.0,3,17,5425.56,High-Value Loyal Customers,0,4074,81,17,5425.56,34.12301886792453
18199.0,683,1,344.75,Inactive Customers,1,99,20,1,344.75,17.2375
18200.0,105,1,150.35,Inactive Customers,0,104,29,1,150.35,5.011666666666667
18201.0,722,1,447.53000000000003,Inactive Customers,1,191,27,1,447.53000000000003,16.575185185185187
18202.0,199,3,1396.99,Occasional Customers,1,581,55,3,1396.99,20.543970588235293
18203.0,156,4,492.52,Occasional Customers,0,111,40,4,492.52,8.34779661016949
18204.0,70,3,1975.35,Occasional Customers,0,1190,159,3,1975.35,10.288281249999999
18205.0,35,2,517.36,Recent Low-Value Customers,0,192,30,2,517.36,16.1675
18206.0,552,1,314.65999999999997,Inactive Customers,1,246,19,1,314.65999999999997,16.561052631578946
18207.0,498,1,544.47,Inactive Customers,1,325,31,1,544.47,17.563548387096777
18208.0,565,1,360.08,Inactive Customers,1,82,17,1,360.08,21.181176470588234
18209.0,28,1,139.10000000000002,Recent Low-Value Customers,0,58,8,1,139.10000000000002,17.387500000000003
18210.0,1,7,2768.83,High-Value Loyal Customers,0,1499,116,7,2768.83,19.22798611111111
18211.0,25,5,600.07,Recent Low-Value Customers,0,359,37,5,600.07,14.287380952380953
18212.0,325,2,514.37,Inactive Customers,1,158,40,2,514.37,11.18195652173913
18213.0,236,1,232.48000000000002,Inactive Customers,1,232,15,1,232.48000000000002,15.498666666666669
18214.0,530,4,1780.34,Occasional Customers,1,989,38,4,1780.34,30.69551724137931
18215.0,88,5,2232.4900000000002,Occasional Customers,0,1131,53,5,2232.4900000000002,25.084157303370787
18216.0,30,1,481.75,Recent Low-Value Customers,0,200,26,1,481.75,18.528846153846153
18217.0,28,4,945.04,Recent Low-Value Customers,0,740,33,4,945.04,23.625999999999998
18218.0,210,4,1121.84,Occasional Customers,1,1028,25,4,1121.84,29.522105263157894
18219.0,2,17,3352.7000000000003,High-Value Loyal Customers,0,1586,87,17,3352.7000000000003,17.64578947368421
18220.0,226,6,1921.76,Occasional Customers,1,1352,17,6,1921.76,76.8704
18221.0,21,6,1424.94,Recent Low-Value Customers,0,1000,71,6,1424.94,16.96357142857143
18222.0,92,1,443.0,Inactive Customers,0,335,19,1,443.0,23.31578947368421
18223.0,4,26,14000.85,High-Value Loyal Customers,0,6644,192,26,14000.85,24.30703125
18224.0,263,1,158.95000000000002,Inactive Customers,1,69,10,1,158.95000000000002,15.895000000000001
18225.0,2,26,13014.8,High-Value Loyal Customers,0,7282,266,26,13014.8,22.753146853146852
18226.0,43,26,11878.88,High-Value Loyal Customers,0,7883,299,26,11878.88,22.497878787878786
18227.0,217,2,388.75,Inactive Customers,1,22,6,2,388.75,64.79166666666667
18228.0,56,2,779.9,Recent Low-Value Customers,0,238,23,2,779.9,25.996666666666666
18229.0,11,28,10150.51,High-Value Loyal Customers,0,3071,73,28,10150.51,50.50004975124378
18230.0,8,9,4291.06,High-Value Loyal Customers,0,1996,42,9,4291.06,30.650428571428574
18231.0,191,28,6854.17,High-Value Loyal Customers,1,2915,218,28,6854.17,17.896005221932114
18232.0,81,4,592.97,Occasional Customers,0,302,31,4,592.97,16.026216216216216
18233.0,325,1,440.0,Inactive Customers,1,4,1,1,440.0,440.0
18234.0,551,1,179.6,Inactive Customers,1,80,30,1,179.6,5.986666666666666
18235.0,71,3,1796.48,Occasional Customers,0,1578,100,3,1796.48,17.273846153846154
18236.0,29,12,1795.3500000000001,High-Value Loyal Customers,0,696,80,12,1795.3500000000001,18.319897959183674
18237.0,2,5,987.1,Recent Low-Value Customers,0,622,40,5,987.1,16.181967213114753
18238.0,514,1,270.92,Inactive Customers,1,114,14,1,270.92,19.351428571428574
18239.0,218,6,1712.26,Occasional Customers,1,844,85,6,1712.26,17.836041666666667
18240.0,45,1,422.58,Recent Low-Value Customers,0,126,6,1,422.58,70.42999999999999
18241.0,9,21,2986.9900000000002,High-Value Loyal Customers,0,1471,101,21,2986.9900000000002,18.786100628930818
18242.0,71,8,3605.21,Occasional Customers,0,2021,113,8,3605.21,25.7515
18243.0,413,1,515.78,Inactive Customers,1,221,26,1,515.78,19.837692307692308
18244.0,430,2,568.64,Inactive Customers,1,856,19,2,568.64,29.928421052631577
18245.0,6,20,6324.9800000000005,High-Value Loyal Customers,0,5098,336,20,6324.9800000000005,13.81
18246.0,23,3,758.8199999999999,Recent Low-Value Customers,0,214,3,3,758.8199999999999,151.76399999999998
18247.0,414,3,839.73,Occasional Customers,1,335,28,3,839.73,22.695405405405406
18248.0,122,2,804.02,Occasional Customers,0,511,39,2,804.02,17.1068085106383
18249.0,16,1,95.34,Recent Low-Value Customers,0,128,8,1,95.34,11.9175
18250.0,309,1,349.27,Inactive Customers,1,199,21,1,349.27,16.63190476190476
18251.0,86,9,26278.86,High-Value Loyal Customers,0,39639,87,9,26278.86,243.3227777777778
18252.0,50,7,1533.69,Occasional Customers,0,932,125,7,1533.69,11.44544776119403
18253.0,642,1,317.88,Inactive Customers,1,128,7,1,317.88,45.41142857142857
18254.0,580,1,267.9,Inactive Customers,1,188,16,1,267.9,16.74375
18255.0,88,2,303.15,Inactive Customers,0,201,16,2,303.15,15.955263157894736
18256.0,387,1,110.7,Inactive Customers,1,180,10,1,110.7,11.07
18257.0,38,12,4600.15,High-Value Loyal Customers,0,2369,219,12,4600.15,16.667210144927534
18258.0,463,6,2059.67,Occasional Customers,1,1981,30,6,2059.67,41.193400000000004
18259.0,24,7,3941.9,High-Value Loyal Customers,0,1274,51,7,3941.9,46.37529411764706
18260.0,172,23,9947.26,High-Value Loyal Customers,0,5244,212,23,9947.26,24.261609756097563
18261.0,42,2,324.24,Recent Low-Value Customers,0,146,19,2,324.24,15.440000000000001
18262.0,139,3,577.54,Occasional Customers,0,552,40,3,577.54,13.75095238095238
18263.0,25,3,1213.1599999999999,Recent Low-Value Customers,0,1468,59,3,1213.1599999999999,19.887868852459015
18264.0,498,1,603.25,Inactive Customers,1,241,36,1,603.25,16.756944444444443
18265.0,71,2,801.51,Recent Low-Value Customers,0,311,44,2,801.51,17.424130434782608
18266.0,433,1,251.1,Inactive Customers,1,138,14,1,251.1,17.935714285714287
18267.0,672,1,269.37,Inactive Customers,1,135,17,1,269.37,15.84529411764706
18268.0,133,6,1490.23,Occasional Customers,0,711,36,6,1490.23,22.24223880597015
18269.0,365,1,168.6,Inactive Customers,1,76,7,1,168.6,24.085714285714285
18270.0,37,3,444.55,Recent Low-Value Customers,0,209,17,3,444.55,26.150000000000002
18271.0,609,2,680.85,Inactive Customers,1,319,19,2,680.85,32.42142857142857
18272.0,2,9,4385.9800000000005,High-Value Loyal Customers,0,2880,145,9,4385.9800000000005,19.40699115044248
18273.0,1,4,357.0,Recent Low-Value Customers,0,140,1,4,357.0,89.25
18274.0,29,1,175.92,Recent Low-Value Customers,0,88,11,1,175.92,15.992727272727272
18275.0,577,2,741.85,Inactive Customers,1,417,19,2,741.85,39.044736842105266
18276.0,43,6,1656.52,Occasional Customers,0,1246,81,6,1656.52,17.622553191489363
18277.0,57,5,1180.05,Occasional Customers,0,449,53,5,1180.05,18.43828125
18278.0,73,2,414.20000000000005,Recent Low-Value Customers,0,140,22,2,414.20000000000005,17.258333333333336
18279.0,518,1,231.33999999999997,Inactive Customers,1,630,13,1,231.33999999999997,17.795384615384613
18280.0,277,2,488.15000000000003,Inactive Customers,1,194,28,2,488.15000000000003,16.27166666666667
18281.0,180,2,201.14,Inactive Customers,0,146,17,2,201.14,11.831764705882351
18282.0,7,2,178.05,Recent Low-Value Customers,0,103,12,2,178.05,14.8375
18283.0,3,22,2664.9,High-Value Loyal Customers,0,1679,352,22,2664.9,2.841044776119403
18284.0,431,1,461.68,Inactive Customers,1,494,28,1,461.68,16.48857142857143
18285.0,660,1,427.0,Inactive Customers,1,145,12,1,427.0,35.583333333333336
18286.0,476,2,1296.43,Occasional Customers,1,608,67,2,1296.43,19.349701492537314
18287.0,42,7,4182.99,Occasional Customers,0,3013,120,7,4182.99,26.987032258064513
